"lon","lat","course","timestamp","speed","depth","seg_id"
129.37827166666668,36.05122166666666,262.79998779296875,"2026-06-17T00:02:29.000Z",0,1,"440004730-2026-03-25T04:26:55.000000Z-1"
129.378295,36.051141666666666,192.5,"2026-06-17T00:47:29.000Z",0.800000011920929,1,"440004730-2026-03-25T04:26:55.000000Z-1"
129.37823333333333,36.05094,176.1999969482422,"2026-06-17T00:48:09.000Z",1.2999999523162842,1,"440004730-2026-03-25T04:26:55.000000Z-1"
129.37848166666666,36.050325,160.1999969482422,"2026-06-17T00:49:00.000Z",4.699999809265137,1,"440004730-2026-03-25T04:26:55.000000Z-1"
129.37833666666666,36.04978833333333,17.100000381469727,"2026-06-17T00:50:00.000Z",1.100000023841858,1,"440004730-2026-03-25T04:26:55.000000Z-1"
129.37933666666666,36.049301666666665,129.89999389648438,"2026-06-17T00:51:00.000Z",6.099999904632568,1,"440004730-2026-03-25T04:26:55.000000Z-1"
129.38131333333334,36.047815,135.10000610351562,"2026-06-17T00:52:00.000Z",8.5,1,"440004730-2026-03-25T04:26:55.000000Z-1"
129.39285,36.04529,71.80000305175781,"2026-06-17T00:55:02.000Z",16.5,-8,"440004730-2026-03-25T04:26:55.000000Z-1"
129.40487333333334,36.04841833333333,75.30000305175781,"2026-06-17T00:57:02.000Z",19.299999237060547,-10,"440004730-2026-03-25T04:26:55.000000Z-1"
129.43383166666666,36.052483333333335,75,"2026-06-17T01:01:00.000Z",24.899999618530273,-20,"440004730-2026-03-25T04:26:55.000000Z-1"
129.44931333333332,36.05750166666667,54.099998474121094,"2026-06-17T01:03:07.000Z",34.79999923706055,-22,"440004730-2026-03-25T04:26:55.000000Z-1"
129.48919333333333,36.09958666666667,52.400001525878906,"2026-06-17T01:07:18.000Z",42.29999923706055,-25,"440004730-2026-03-25T04:26:55.000000Z-1"
129.50717833333334,36.110418333333335,57.29999923706055,"2026-06-17T01:08:50.000Z",42.400001525878906,-29,"440004730-2026-03-25T04:26:55.000000Z-1"
129.52126333333334,36.117383333333336,61,"2026-06-17T01:10:09.000Z",42.400001525878906,-36,"440004730-2026-03-25T04:26:55.000000Z-1"
130.83333333333334,37.41,45,"2026-06-17T03:30:05.000Z",43,-1495,"440004730-2026-03-25T04:26:55.000000Z-1"
130.87833333333333,37.44166666666667,217,"2026-06-17T05:24:03.000Z",38,-148,"440004730-2026-03-25T04:26:55.000000Z-1"
130.24926833333333,36.83848833333333,219.39999389648438,"2026-06-17T06:32:01.000Z",40.900001525878906,-2231,"440004730-2026-03-25T04:26:55.000000Z-1"
130.2406,36.828538333333334,214.89999389648438,"2026-06-17T06:33:04.000Z",40.900001525878906,-2231,"440004730-2026-03-25T04:26:55.000000Z-1"
130.11451,36.69954,221.5,"2026-06-17T06:47:28.000Z",41,-1775,"440004730-2026-03-25T04:26:55.000000Z-1"
129.764865,36.36222333333333,227.60000610351562,"2026-06-17T07:25:55.000Z",40.70000076293945,-258,"440004730-2026-03-25T04:26:55.000000Z-1"
129.75107166666666,36.34419833333333,212.3000030517578,"2026-06-17T07:27:53.000Z",40.5,-284,"440004730-2026-03-25T04:26:55.000000Z-1"
129.73389,36.325785,216.89999389648438,"2026-06-17T07:29:55.000Z",40.599998474121094,-255,"440004730-2026-03-25T04:26:55.000000Z-1"
129.71310166666666,36.310491666666664,227.8000030517578,"2026-06-17T07:31:57.000Z",40.79999923706055,-202,"440004730-2026-03-25T04:26:55.000000Z-1"
129.67391333333333,36.278205,220.8000030517578,"2026-06-17T07:35:52.000Z",40.70000076293945,-213,"440004730-2026-03-25T04:26:55.000000Z-1"
129.63939666666667,36.24205333333333,216.39999389648438,"2026-06-17T07:39:57.000Z",40.29999923706055,-147,"440004730-2026-03-25T04:26:55.000000Z-1"
129.62481,36.223931666666665,209,"2026-06-17T07:41:53.000Z",39.599998474121094,-110,"440004730-2026-03-25T04:26:55.000000Z-1"
129.54089,36.14149166666667,217.3000030517578,"2026-06-17T07:51:25.000Z",40.70000076293945,-52,"440004730-2026-03-25T04:26:55.000000Z-1"
129.49782166666665,36.09027666666667,219.39999389648438,"2026-06-17T07:56:54.000Z",41.599998474121094,-26,"440004730-2026-03-25T04:26:55.000000Z-1"
129.48004333333333,36.076715,232.89999389648438,"2026-06-17T07:58:35.000Z",42.099998474121094,-26,"440004730-2026-03-25T04:26:55.000000Z-1"
129.452415,36.060948333333336,236.8000030517578,"2026-06-17T08:00:56.000Z",42.400001525878906,-22,"440004730-2026-03-25T04:26:55.000000Z-1"
129.43758166666666,36.05488166666667,246.89999389648438,"2026-06-17T08:02:03.000Z",42.900001525878906,-20,"440004730-2026-03-25T04:26:55.000000Z-1"
129.423185,36.05081833333333,255.3000030517578,"2026-06-17T08:03:06.000Z",43.20000076293945,-17,"440004730-2026-03-25T04:26:55.000000Z-1"
129.388665,36.045163333333335,257.6000061035156,"2026-06-17T08:06:03.000Z",12,-8,"440004730-2026-03-25T04:26:55.000000Z-1"
129.37897,36.05054166666667,317.8999938964844,"2026-06-17T08:10:09.000Z",6.300000190734863,1,"440004730-2026-03-25T04:26:55.000000Z-1"
129.37825666666666,36.051255,310.6000061035156,"2026-06-17T09:21:23.000Z",0,1,"440004730-2026-03-25T04:26:55.000000Z-1"
129.37828,36.051233333333336,310.6000061035156,"2026-06-17T10:33:39.000Z",0,1,"440004730-2026-03-25T04:26:55.000000Z-1"
129.378265,36.051235,310.6000061035156,"2026-06-17T11:46:51.000Z",0,1,"440004730-2026-03-25T04:26:55.000000Z-1"
129.37826666666666,36.051253333333335,310.6000061035156,"2026-06-17T12:57:45.000Z",0,1,"440004730-2026-03-25T04:26:55.000000Z-1"
129.378255,36.051226666666665,310.6000061035156,"2026-06-17T14:09:43.000Z",0,1,"440004730-2026-03-25T04:26:55.000000Z-1"
129.37826833333332,36.051235,310.6000061035156,"2026-06-17T15:21:41.000Z",0,1,"440004730-2026-03-25T04:26:55.000000Z-1"
129.37827166666668,36.051228333333334,310.6000061035156,"2026-06-17T16:33:45.000Z",0,1,"440004730-2026-03-25T04:26:55.000000Z-1"
129.37827833333333,36.05121333333334,310.6000061035156,"2026-06-17T17:45:40.000Z",0,1,"440004730-2026-03-25T04:26:55.000000Z-1"
129.378275,36.05123833333333,310.6000061035156,"2026-06-17T19:00:46.000Z",0,1,"440004730-2026-03-25T04:26:55.000000Z-1"
129.37825833333332,36.05122166666666,310.6000061035156,"2026-06-17T20:18:44.000Z",0,1,"440004730-2026-03-25T04:26:55.000000Z-1"
129.378265,36.05121166666667,310.6000061035156,"2026-06-17T21:30:44.000Z",0,1,"440004730-2026-03-25T04:26:55.000000Z-1"
129.37826666666666,36.051208333333335,310.6000061035156,"2026-06-17T22:42:45.000Z",0,1,"440004730-2026-03-25T04:26:55.000000Z-1"
129.37828833333333,36.051215,310.6000061035156,"2026-06-17T23:54:45.000Z",0,1,"440004730-2026-03-25T04:26:55.000000Z-1"
129.37821166666666,36.050943333333336,185,"2026-06-18T00:50:59.000Z",1,1,"440004730-2026-03-25T04:26:55.000000Z-1"
129.378215,36.05088,176.60000610351562,"2026-06-18T00:51:09.000Z",1.2999999523162842,1,"440004730-2026-03-25T04:26:55.000000Z-1"
129.37867833333334,36.04965166666667,171.39999389648438,"2026-06-18T00:52:09.000Z",5.099999904632568,1,"440004730-2026-03-25T04:26:55.000000Z-1"
129.37860833333335,36.049553333333336,89.19999694824219,"2026-06-18T00:53:03.000Z",1.5,1,"440004730-2026-03-25T04:26:55.000000Z-1"
129.38037333333332,36.048525,125.9000015258789,"2026-06-18T00:54:04.000Z",8.5,1,"440004730-2026-03-25T04:26:55.000000Z-1"
129.38256666666666,36.04665333333333,143.10000610351562,"2026-06-18T00:55:02.000Z",9.800000190734863,1,"440004730-2026-03-25T04:26:55.000000Z-1"
129.39661833333332,36.04652,75.4000015258789,"2026-06-18T00:58:00.000Z",17.600000381469727,-10,"440004730-2026-03-25T04:26:55.000000Z-1"
129.40909666666667,36.049141666666664,68.19999694824219,"2026-06-18T01:00:00.000Z",20,-14,"440004730-2026-03-25T04:26:55.000000Z-1"
129.45350333333334,36.069811666666666,58.099998474121094,"2026-06-18T01:06:00.000Z",39.099998474121094,-22,"440004730-2026-03-25T04:26:55.000000Z-1"
129.46636,36.0771,53.400001525878906,"2026-06-18T01:07:08.000Z",41.5,-24,"440004730-2026-03-25T04:26:55.000000Z-1"
130.31666666666666,36.9,40,"2026-06-18T02:36:05.000Z",43,-2115,"440004730-2026-03-25T04:26:55.000000Z-1"
130.89,37.45333333333333,38,"2026-06-18T03:36:05.000Z",42,-53,"440004730-2026-03-25T04:26:55.000000Z-1"
130.90833333333333,37.48,340,"2026-06-18T04:48:11.000Z",0,41,"440004730-2026-03-25T04:26:55.000000Z-1"
130.57666666666665,37.153333333333336,221,"2026-06-18T05:57:08.000Z",42,-2199,"440004730-2026-03-25T04:26:55.000000Z-1"
130.49624,37.072465,219.10000610351562,"2026-06-18T06:05:57.000Z",41.70000076293945,-2179,"440004730-2026-03-25T04:26:55.000000Z-1"
129.73313833333333,36.33482333333333,218,"2026-06-18T07:29:51.000Z",40.79999923706055,-255,"440004730-2026-03-25T04:26:55.000000Z-1"
129.50559,36.1152,224.10000610351562,"2026-06-18T07:54:55.000Z",42.20000076293945,-34,"440004730-2026-03-25T04:26:55.000000Z-1"
129.46558833333333,36.08138666666667,230.39999389648438,"2026-06-18T07:58:56.000Z",42.900001525878906,-24,"440004730-2026-03-25T04:26:55.000000Z-1"
129.45263666666668,36.07253333333333,230.10000610351562,"2026-06-18T08:00:04.000Z",42.900001525878906,-22,"440004730-2026-03-25T04:26:55.000000Z-1"
129.44021,36.064948333333334,235.39999389648438,"2026-06-18T08:01:08.000Z",43.20000076293945,-21,"440004730-2026-03-25T04:26:55.000000Z-1"
129.416925,36.051966666666665,235,"2026-06-18T08:03:02.000Z",43.5,-17,"440004730-2026-03-25T04:26:55.000000Z-1"
129.403725,36.04734166666667,255.8000030517578,"2026-06-18T08:04:00.000Z",43.400001525878906,-10,"440004730-2026-03-25T04:26:55.000000Z-1"
129.39218166666666,36.04537,259.3999938964844,"2026-06-18T08:05:00.000Z",25,-8,"440004730-2026-03-25T04:26:55.000000Z-1"
129.38088,36.04821166666667,324.70001220703125,"2026-06-18T08:09:00.000Z",8.5,1,"440004730-2026-03-25T04:26:55.000000Z-1"
129.37826,36.051246666666664,301.1000061035156,"2026-06-18T09:20:08.000Z",0,1,"440004730-2026-03-25T04:26:55.000000Z-1"
129.37827333333334,36.05123833333333,301.1000061035156,"2026-06-18T10:30:50.000Z",0,1,"440004730-2026-03-25T04:26:55.000000Z-1"
129.37826666666666,36.051226666666665,301.1000061035156,"2026-06-18T11:42:50.000Z",0,1,"440004730-2026-03-25T04:26:55.000000Z-1"
129.378265,36.051231666666666,301.1000061035156,"2026-06-18T12:54:51.000Z",0,1,"440004730-2026-03-25T04:26:55.000000Z-1"
129.37827166666668,36.05122333333333,301.1000061035156,"2026-06-18T14:06:49.000Z",0,1,"440004730-2026-03-25T04:26:55.000000Z-1"
129.378275,36.051208333333335,301.1000061035156,"2026-06-18T15:18:50.000Z",0,1,"440004730-2026-03-25T04:26:55.000000Z-1"
129.37826166666667,36.051215,301.1000061035156,"2026-06-18T16:30:50.000Z",0,1,"440004730-2026-03-25T04:26:55.000000Z-1"
129.37825,36.05121666666667,301.1000061035156,"2026-06-18T17:41:25.000Z",0,1,"440004730-2026-03-25T04:26:55.000000Z-1"
129.37826666666666,36.051233333333336,301.1000061035156,"2026-06-18T18:51:55.000Z",0,1,"440004730-2026-03-25T04:26:55.000000Z-1"
129.37826333333334,36.05121333333334,301.1000061035156,"2026-06-18T20:06:50.000Z",0,1,"440004730-2026-03-25T04:26:55.000000Z-1"
129.378245,36.05123666666667,301.1000061035156,"2026-06-18T21:16:58.000Z",0,1,"440004730-2026-03-25T04:26:55.000000Z-1"
129.37826666666666,36.05122333333333,301.1000061035156,"2026-06-18T22:32:10.000Z",0,1,"440004730-2026-03-25T04:26:55.000000Z-1"
129.37828166666668,36.05122166666666,301.1000061035156,"2026-06-18T23:52:22.000Z",0,1,"440004730-2026-03-25T04:26:55.000000Z-1"
129.378275,36.051096666666666,195.89999389648438,"2026-06-19T00:47:46.000Z",1,1,"440004730-2026-03-25T04:26:55.000000Z-1"
129.37828833333333,36.05097,171.8000030517578,"2026-06-19T00:48:08.000Z",1.2000000476837158,1,"440004730-2026-03-25T04:26:55.000000Z-1"
129.378575,36.05037,154.39999389648438,"2026-06-19T00:49:00.000Z",4.699999809265137,1,"440004730-2026-03-25T04:26:55.000000Z-1"
129.3784,36.04971333333334,313.79998779296875,"2026-06-19T00:50:00.000Z",1.2999999523162842,1,"440004730-2026-03-25T04:26:55.000000Z-1"
129.37883,36.04951166666667,127.5999984741211,"2026-06-19T00:51:59.000Z",4.699999809265137,1,"440004730-2026-03-25T04:26:55.000000Z-1"
129.40614833333333,36.049481666666665,66.0999984741211,"2026-06-19T00:57:32.000Z",19.299999237060547,-14,"440004730-2026-03-25T04:26:55.000000Z-1"
129.44943,36.069395,52.400001525878906,"2026-06-19T01:02:33.000Z",42.099998474121094,-22,"440004730-2026-03-25T04:26:55.000000Z-1"
129.48804,36.1153,354.5,"2026-06-19T01:07:34.000Z",42.400001525878906,-29,"440004730-2026-03-25T04:26:55.000000Z-1"
129.523565,36.16367666666667,40.79999923706055,"2026-06-19T01:12:35.000Z",42.099998474121094,-52,"440004730-2026-03-25T04:26:55.000000Z-1"
129.722045,36.31816333333333,214.89999389648438,"2026-06-19T07:38:39.000Z",41.599998474121094,-251,"440004730-2026-03-25T04:26:55.000000Z-1"
129.47166666666666,36.071666666666665,231,"2026-06-19T08:06:06.000Z",42,-25,"440004730-2026-06-19T08:06:06.000000Z-1"
129.38544666666667,36.04488,279,"2026-06-19T08:13:43.000Z",10.399999618530273,-5,"440004730-2026-06-19T08:06:06.000000Z-1"
129.37827,36.05123,310.3999938964844,"2026-06-19T09:26:19.000Z",0,1,"440004730-2026-06-19T08:06:06.000000Z-1"
129.37826833333332,36.051215,310.3999938964844,"2026-06-19T10:38:21.000Z",0,1,"440004730-2026-06-19T08:06:06.000000Z-1"
129.378265,36.05123,310.3999938964844,"2026-06-19T11:49:17.000Z",0,1,"440004730-2026-06-19T08:06:06.000000Z-1"
129.37825,36.05122333333333,310.3999938964844,"2026-06-19T12:59:21.000Z",0,1,"440004730-2026-06-19T08:06:06.000000Z-1"
129.37826,36.05122,310.3999938964844,"2026-06-19T14:11:18.000Z",0,1,"440004730-2026-06-19T08:06:06.000000Z-1"
129.378255,36.05122333333333,310.3999938964844,"2026-06-19T15:23:24.000Z",0,1,"440004730-2026-06-19T08:06:06.000000Z-1"
129.378265,36.05121666666667,310.3999938964844,"2026-06-19T16:35:21.000Z",0,1,"440004730-2026-06-19T08:06:06.000000Z-1"
129.37826666666666,36.05121333333334,310.3999938964844,"2026-06-19T17:47:26.000Z",0,1,"440004730-2026-06-19T08:06:06.000000Z-1"
129.378255,36.051226666666665,310.3999938964844,"2026-06-19T18:59:23.000Z",0,1,"440004730-2026-06-19T08:06:06.000000Z-1"
129.37826166666667,36.05122,310.3999938964844,"2026-06-19T20:11:18.000Z",0,1,"440004730-2026-06-19T08:06:06.000000Z-1"
129.37826833333332,36.05124,310.3999938964844,"2026-06-19T21:29:22.000Z",0,1,"440004730-2026-06-19T08:06:06.000000Z-1"
129.37828,36.05123,310.3999938964844,"2026-06-19T22:41:19.000Z",0,1,"440004730-2026-06-19T08:06:06.000000Z-1"
129.37826166666667,36.05125666666667,310.3999938964844,"2026-06-19T23:53:19.000Z",0,1,"440004730-2026-06-19T08:06:06.000000Z-1"
129.37826166666667,36.051228333333334,310.3999938964844,"2026-06-20T01:08:26.000Z",0,1,"440004730-2026-06-19T08:06:06.000000Z-1"
129.37826666666666,36.051235,310.3999938964844,"2026-06-20T02:20:30.000Z",0,1,"440004730-2026-06-19T08:06:06.000000Z-1"
129.37826666666666,36.05126666666666,310.3999938964844,"2026-06-20T03:32:28.000Z",0,1,"440004730-2026-06-19T08:06:06.000000Z-1"
129.37826833333332,36.051226666666665,310.3999938964844,"2026-06-20T04:44:26.000Z",0,1,"440004730-2026-06-19T08:06:06.000000Z-1"
129.378255,36.051226666666665,310.3999938964844,"2026-06-20T05:56:29.000Z",0,1,"440004730-2026-06-19T08:06:06.000000Z-1"
129.378265,36.05123,310.3999938964844,"2026-06-20T07:08:21.000Z",0,1,"440004730-2026-06-19T08:06:06.000000Z-1"
129.37825833333332,36.051235,310.3999938964844,"2026-06-20T08:20:25.000Z",0,1,"440004730-2026-06-19T08:06:06.000000Z-1"
129.37826,36.05123666666667,310.3999938964844,"2026-06-20T09:32:31.000Z",0,1,"440004730-2026-06-19T08:06:06.000000Z-1"
129.378265,36.05123,310.3999938964844,"2026-06-20T10:44:28.000Z",0,1,"440004730-2026-06-19T08:06:06.000000Z-1"
129.37826833333332,36.051225,310.3999938964844,"2026-06-20T11:56:26.000Z",0,1,"440004730-2026-06-19T08:06:06.000000Z-1"
129.37825833333332,36.05121666666667,310.3999938964844,"2026-06-20T13:08:26.000Z",0,1,"440004730-2026-06-19T08:06:06.000000Z-1"
129.37826,36.05122166666666,310.3999938964844,"2026-06-20T14:20:27.000Z",0,1,"440004730-2026-06-19T08:06:06.000000Z-1"
129.37825666666666,36.05121666666667,310.3999938964844,"2026-06-20T15:32:29.000Z",0,1,"440004730-2026-06-19T08:06:06.000000Z-1"
129.37826333333334,36.05122,310.3999938964844,"2026-06-20T16:44:28.000Z",0,1,"440004730-2026-06-19T08:06:06.000000Z-1"
129.37826333333334,36.051226666666665,310.3999938964844,"2026-06-20T17:56:29.000Z",0,1,"440004730-2026-06-19T08:06:06.000000Z-1"
129.37824166666667,36.05123,310.3999938964844,"2026-06-20T19:08:28.000Z",0,1,"440004730-2026-06-19T08:06:06.000000Z-1"
129.37826333333334,36.05121,310.3999938964844,"2026-06-20T20:20:29.000Z",0,1,"440004730-2026-06-19T08:06:06.000000Z-1"
129.378275,36.051215,310.3999938964844,"2026-06-20T21:35:29.000Z",0,1,"440004730-2026-06-19T08:06:06.000000Z-1"
129.37826833333332,36.05121833333333,310.3999938964844,"2026-06-20T22:47:31.000Z",0,1,"440004730-2026-06-19T08:06:06.000000Z-1"
129.37828,36.05123666666667,310.3999938964844,"2026-06-20T23:59:31.000Z",0,1,"440004730-2026-06-19T08:06:06.000000Z-1"
129.37827,36.051231666666666,310.3999938964844,"2026-06-21T01:11:27.000Z",0,1,"440004730-2026-06-19T08:06:06.000000Z-1"
129.378265,36.051235,310.3999938964844,"2026-06-21T02:23:32.000Z",0,1,"440004730-2026-06-19T08:06:06.000000Z-1"
129.37827,36.05124166666667,310.3999938964844,"2026-06-21T03:35:31.000Z",0,1,"440004730-2026-06-19T08:06:06.000000Z-1"
129.37827333333334,36.05123666666667,310.3999938964844,"2026-06-21T04:47:33.000Z",0,1,"440004730-2026-06-19T08:06:06.000000Z-1"
129.37828333333334,36.05121666666667,310.3999938964844,"2026-06-21T05:59:34.000Z",0,1,"440004730-2026-06-19T08:06:06.000000Z-1"
129.37823666666668,36.05119666666667,310.3999938964844,"2026-06-21T07:11:33.000Z",0,1,"440004730-2026-06-19T08:06:06.000000Z-1"
129.378275,36.051235,310.3999938964844,"2026-06-21T08:23:32.000Z",0,1,"440004730-2026-06-19T08:06:06.000000Z-1"
129.37827333333334,36.05124333333333,310.3999938964844,"2026-06-21T09:35:21.000Z",0,1,"440004730-2026-06-19T08:06:06.000000Z-1"
129.37826333333334,36.051226666666665,310.3999938964844,"2026-06-21T10:47:35.000Z",0,1,"440004730-2026-06-19T08:06:06.000000Z-1"
129.37826333333334,36.051228333333334,310.3999938964844,"2026-06-21T11:59:34.000Z",0,1,"440004730-2026-06-19T08:06:06.000000Z-1"
129.37825833333332,36.051226666666665,310.3999938964844,"2026-06-21T13:11:32.000Z",0,1,"440004730-2026-06-19T08:06:06.000000Z-1"
129.37826333333334,36.05121333333334,310.3999938964844,"2026-06-21T14:23:38.000Z",0,1,"440004730-2026-06-19T08:06:06.000000Z-1"
129.378255,36.051206666666666,310.3999938964844,"2026-06-21T15:35:32.000Z",0,1,"440004730-2026-06-19T08:06:06.000000Z-1"
129.37825666666666,36.05122166666666,310.3999938964844,"2026-06-21T16:47:34.000Z",0,1,"440004730-2026-06-19T08:06:06.000000Z-1"
129.37826833333332,36.051226666666665,310.3999938964844,"2026-06-21T17:59:36.000Z",0,1,"440004730-2026-06-19T08:06:06.000000Z-1"
129.37824666666666,36.051231666666666,310.3999938964844,"2026-06-21T19:11:30.000Z",0,1,"440004730-2026-06-19T08:06:06.000000Z-1"
129.378275,36.051195,310.3999938964844,"2026-06-21T20:23:41.000Z",0,1,"440004730-2026-06-19T08:06:06.000000Z-1"
129.37825666666666,36.05121333333334,310.3999938964844,"2026-06-21T21:35:38.000Z",0,1,"440004730-2026-06-19T08:06:06.000000Z-1"
129.37826333333334,36.051215,310.3999938964844,"2026-06-21T22:47:35.000Z",0,1,"440004730-2026-06-19T08:06:06.000000Z-1"
129.378265,36.05124333333333,310.3999938964844,"2026-06-22T00:00:42.000Z",0,1,"440004730-2026-06-19T08:06:06.000000Z-1"
129.37826666666666,36.05123,310.3999938964844,"2026-06-22T01:12:46.000Z",0,1,"440004730-2026-06-19T08:06:06.000000Z-1"
129.37827166666668,36.051231666666666,310.3999938964844,"2026-06-22T02:23:39.000Z",0,1,"440004730-2026-06-19T08:06:06.000000Z-1"
129.37827333333334,36.051253333333335,310.3999938964844,"2026-06-22T03:35:38.000Z",0,1,"440004730-2026-06-19T08:06:06.000000Z-1"
129.37827166666668,36.051235,310.3999938964844,"2026-06-22T04:47:37.000Z",0,1,"440004730-2026-06-19T08:06:06.000000Z-1"
129.37827166666668,36.05121666666667,310.3999938964844,"2026-06-22T05:58:31.000Z",0,1,"440004730-2026-06-19T08:06:06.000000Z-1"
129.37827,36.05122166666666,310.3999938964844,"2026-06-22T07:08:40.000Z",0,1,"440004730-2026-06-19T08:06:06.000000Z-1"
129.378285,36.05126,310.3999938964844,"2026-06-22T08:18:53.000Z",0,1,"440004730-2026-06-19T08:06:06.000000Z-1"
129.37827833333333,36.051246666666664,310.3999938964844,"2026-06-22T09:29:04.000Z",0,1,"440004730-2026-06-19T08:06:06.000000Z-1"
129.37826666666666,36.05121666666667,310.3999938964844,"2026-06-22T10:41:40.000Z",0,1,"440004730-2026-06-19T08:06:06.000000Z-1"
129.37826666666666,36.051226666666665,310.3999938964844,"2026-06-22T11:53:38.000Z",0,1,"440004730-2026-06-19T08:06:06.000000Z-1"
129.37826166666667,36.051228333333334,310.3999938964844,"2026-06-22T13:05:43.000Z",0,1,"440004730-2026-06-19T08:06:06.000000Z-1"
129.37827166666668,36.051225,310.3999938964844,"2026-06-22T14:17:44.000Z",0,1,"440004730-2026-06-19T08:06:06.000000Z-1"
129.37825666666666,36.051205,310.3999938964844,"2026-06-22T15:29:42.000Z",0,1,"440004730-2026-06-19T08:06:06.000000Z-1"
129.37825666666666,36.051233333333336,310.3999938964844,"2026-06-22T16:45:11.000Z",0,1,"440004730-2026-06-19T08:06:06.000000Z-1"
129.37826833333332,36.051233333333336,310.3999938964844,"2026-06-22T17:56:41.000Z",0,1,"440004730-2026-06-19T08:06:06.000000Z-1"
129.37826,36.051233333333336,310.3999938964844,"2026-06-22T19:08:40.000Z",0,1,"440004730-2026-06-19T08:06:06.000000Z-1"
129.378265,36.05121333333334,310.3999938964844,"2026-06-22T20:20:43.000Z",0,1,"440004730-2026-06-19T08:06:06.000000Z-1"
129.37826,36.051231666666666,310.3999938964844,"2026-06-22T21:32:43.000Z",0,1,"440004730-2026-06-19T08:06:06.000000Z-1"
129.37826666666666,36.051225,310.3999938964844,"2026-06-22T22:44:40.000Z",0,1,"440004730-2026-06-19T08:06:06.000000Z-1"
129.37826166666667,36.05123,310.3999938964844,"2026-06-22T23:56:41.000Z",0,1,"440004730-2026-06-19T08:06:06.000000Z-1"
129.37826833333332,36.051233333333336,310.3999938964844,"2026-06-23T01:08:45.000Z",0,1,"440004730-2026-06-19T08:06:06.000000Z-1"
129.37826833333332,36.051225,310.3999938964844,"2026-06-23T02:20:41.000Z",0,1,"440004730-2026-06-19T08:06:06.000000Z-1"
129.37826666666666,36.051231666666666,310.3999938964844,"2026-06-23T03:31:56.000Z",0,1,"440004730-2026-06-19T08:06:06.000000Z-1"
129.37826833333332,36.051233333333336,310.3999938964844,"2026-06-23T04:42:04.000Z",0,1,"440004730-2026-06-19T08:06:06.000000Z-1"
129.37826666666666,36.051225,310.3999938964844,"2026-06-23T05:53:44.000Z",0,1,"440004730-2026-06-19T08:06:06.000000Z-1"
129.37827166666668,36.05122166666666,310.3999938964844,"2026-06-23T07:05:40.000Z",0,1,"440004730-2026-06-19T08:06:06.000000Z-1"
129.37826166666667,36.051228333333334,310.3999938964844,"2026-06-23T08:18:08.000Z",0,1,"440004730-2026-06-19T08:06:06.000000Z-1"
129.37828333333334,36.051255,310.3999938964844,"2026-06-23T09:30:02.000Z",0,1,"440004730-2026-06-19T08:06:06.000000Z-1"
129.37827166666668,36.051231666666666,310.3999938964844,"2026-06-23T10:41:49.000Z",0,1,"440004730-2026-06-19T08:06:06.000000Z-1"
129.37826,36.051228333333334,310.3999938964844,"2026-06-23T11:53:53.000Z",0,1,"440004730-2026-06-19T08:06:06.000000Z-1"
129.37827,36.05124166666667,310.3999938964844,"2026-06-23T13:05:48.000Z",0,1,"440004730-2026-06-19T08:06:06.000000Z-1"
129.37827,36.05122,310.3999938964844,"2026-06-23T14:17:54.000Z",0,1,"440004730-2026-06-19T08:06:06.000000Z-1"
129.378255,36.05121833333333,310.3999938964844,"2026-06-23T15:29:30.000Z",0,1,"440004730-2026-06-19T08:06:06.000000Z-1"
129.37825833333332,36.051225,310.3999938964844,"2026-06-23T16:41:49.000Z",0,1,"440004730-2026-06-19T08:06:06.000000Z-1"
129.37825666666666,36.051235,310.3999938964844,"2026-06-23T17:53:46.000Z",0,1,"440004730-2026-06-19T08:06:06.000000Z-1"
129.37826,36.05122,310.3999938964844,"2026-06-23T19:04:59.000Z",0,1,"440004730-2026-06-19T08:06:06.000000Z-1"
129.37826333333334,36.05122166666666,310.3999938964844,"2026-06-23T20:17:53.000Z",0,1,"440004730-2026-06-19T08:06:06.000000Z-1"
129.378265,36.051235,310.3999938964844,"2026-06-23T21:29:47.000Z",0,1,"440004730-2026-06-19T08:06:06.000000Z-1"
129.37827833333333,36.051226666666665,310.3999938964844,"2026-06-23T22:50:30.000Z",0,1,"440004730-2026-06-19T08:06:06.000000Z-1"
129.37826833333332,36.051233333333336,310.3999938964844,"2026-06-24T00:02:45.000Z",0,1,"440004730-2026-06-19T08:06:06.000000Z-1"
129.37828166666668,36.05123666666667,310.3999938964844,"2026-06-24T01:14:49.000Z",0,1,"440004730-2026-06-19T08:06:06.000000Z-1"
129.37827,36.051231666666666,310.3999938964844,"2026-06-24T02:26:51.000Z",0,1,"440004730-2026-06-19T08:06:06.000000Z-1"
129.378275,36.05124166666667,310.3999938964844,"2026-06-24T03:38:50.000Z",0,1,"440004730-2026-06-19T08:06:06.000000Z-1"
129.37827333333334,36.05123,310.3999938964844,"2026-06-24T04:50:52.000Z",0,1,"440004730-2026-06-19T08:06:06.000000Z-1"
129.378255,36.051231666666666,310.3999938964844,"2026-06-24T06:01:30.000Z",0,1,"440004730-2026-06-19T08:06:06.000000Z-1"
129.378245,36.051228333333334,310.3999938964844,"2026-06-24T07:11:51.000Z",0,1,"440004730-2026-06-19T08:06:06.000000Z-1"
129.37826333333334,36.05124,310.3999938964844,"2026-06-24T08:26:52.000Z",0,1,"440004730-2026-06-19T08:06:06.000000Z-1"
129.37827666666666,36.05125833333334,310.3999938964844,"2026-06-24T09:37:02.000Z",0,1,"440004730-2026-06-19T08:06:06.000000Z-1"
129.37827333333334,36.051235,310.29998779296875,"2026-06-24T10:48:15.000Z",0,1,"440004730-2026-06-19T08:06:06.000000Z-1"
129.37825,36.05123,310.29998779296875,"2026-06-24T11:58:56.000Z",0,1,"440004730-2026-06-19T08:06:06.000000Z-1"
129.378265,36.051228333333334,310.3999938964844,"2026-06-24T13:12:31.000Z",0,1,"440004730-2026-06-19T08:06:06.000000Z-1"
129.37826,36.05121166666667,310.3999938964844,"2026-06-24T14:22:41.000Z",0,1,"440004730-2026-06-19T08:06:06.000000Z-1"
129.37826,36.05121666666667,310.29998779296875,"2026-06-24T15:36:27.000Z",0,1,"440004730-2026-06-19T08:06:06.000000Z-1"
129.37825666666666,36.05121666666667,310.3999938964844,"2026-06-24T16:48:01.000Z",0,1,"440004730-2026-06-19T08:06:06.000000Z-1"
129.37826666666666,36.051231666666666,310.3999938964844,"2026-06-24T18:33:15.000Z",0,1,"440004730-2026-06-19T08:06:06.000000Z-1"
129.378265,36.051201666666664,310.3999938964844,"2026-06-24T19:48:25.000Z",0,1,"440004730-2026-06-19T08:06:06.000000Z-1"
129.378265,36.05121,310.3999938964844,"2026-06-24T20:58:35.000Z",0,1,"440004730-2026-06-19T08:06:06.000000Z-1"
129.37827333333334,36.05123666666667,310.29998779296875,"2026-06-24T22:31:43.000Z",0,1,"440004730-2026-06-19T08:06:06.000000Z-1"
129.378265,36.05123666666667,310.29998779296875,"2026-06-24T23:42:29.000Z",0,1,"440004730-2026-06-19T08:06:06.000000Z-1"
129.37828,36.05124166666667,310.29998779296875,"2026-06-25T01:13:39.000Z",0,1,"440004730-2026-06-19T08:06:06.000000Z-1"
129.37825666666666,36.05124333333333,310.3999938964844,"2026-06-25T02:49:28.000Z",0,1,"440004730-2026-06-19T08:06:06.000000Z-1"
129.378275,36.051235,310.3999938964844,"2026-06-25T04:14:40.000Z",0,1,"440004730-2026-06-19T08:06:06.000000Z-1"
129.37826,36.051225,310.29998779296875,"2026-06-25T05:26:20.000Z",0,1,"440004730-2026-06-19T08:06:06.000000Z-1"
129.378285,36.05121666666667,310.29998779296875,"2026-06-25T06:52:25.000Z",0,1,"440004730-2026-06-19T08:06:06.000000Z-1"
129.37827666666666,36.05123666666667,310.29998779296875,"2026-06-25T08:08:11.000Z",0,1,"440004730-2026-06-19T08:06:06.000000Z-1"
129.37827666666666,36.05123833333333,310.29998779296875,"2026-06-25T09:29:01.000Z",0,1,"440004730-2026-06-19T08:06:06.000000Z-1"
129.37826,36.051228333333334,310.29998779296875,"2026-06-25T10:39:47.000Z",0,1,"440004730-2026-06-19T08:06:06.000000Z-1"
129.37826166666667,36.05122333333333,310.29998779296875,"2026-06-25T11:50:18.000Z",0,1,"440004730-2026-06-19T08:06:06.000000Z-1"
129.378255,36.05121666666667,310.3999938964844,"2026-06-25T13:15:59.000Z",0,1,"440004730-2026-06-19T08:06:06.000000Z-1"
129.378255,36.051225,310.29998779296875,"2026-06-25T14:26:49.000Z",0,1,"440004730-2026-06-19T08:06:06.000000Z-1"
129.37826,36.051215,310.29998779296875,"2026-06-25T15:37:35.000Z",0,1,"440004730-2026-06-19T08:06:06.000000Z-1"
129.37824833333335,36.05122,310.3999938964844,"2026-06-25T16:51:30.000Z",0,1,"440004730-2026-06-19T08:06:06.000000Z-1"
129.37828166666668,36.05122166666666,310.29998779296875,"2026-06-25T18:09:16.000Z",0,1,"440004730-2026-06-19T08:06:06.000000Z-1"
129.37825,36.05122,310.29998779296875,"2026-06-25T19:20:06.000Z",0,1,"440004730-2026-06-19T08:06:06.000000Z-1"
129.37827,36.051201666666664,310.3999938964844,"2026-06-25T20:32:00.000Z",0,1,"440004730-2026-06-19T08:06:06.000000Z-1"
129.37826333333334,36.05122166666666,310.3999938964844,"2026-06-25T21:42:09.000Z",0,1,"440004730-2026-06-19T08:06:06.000000Z-1"
129.37824,36.05122,310.3999938964844,"2026-06-25T22:52:19.000Z",0,1,"440004730-2026-06-19T08:06:06.000000Z-1"
129.37825833333332,36.051228333333334,310.29998779296875,"2026-06-26T00:03:07.000Z",0,1,"440004730-2026-06-19T08:06:06.000000Z-1"
129.37822166666666,36.050995,183.5,"2026-06-26T00:52:41.000Z",1.399999976158142,1,"440004730-2026-06-19T08:06:06.000000Z-1"
129.37883,36.05000666666667,141.8000030517578,"2026-06-26T00:53:33.000Z",5.900000095367432,1,"440004730-2026-06-19T08:06:06.000000Z-1"
129.39621166666666,36.04589,75,"2026-06-26T00:58:38.000Z",17.700000762939453,-10,"440004730-2026-06-19T08:06:06.000000Z-1"
129.42754666666667,36.05743666666667,64,"2026-06-26T01:03:43.000Z",21.299999237060547,-19,"440004730-2026-06-19T08:06:06.000000Z-1"
129.46267333333333,36.07632666666667,41.70000076293945,"2026-06-26T01:07:43.000Z",40.599998474121094,-23,"440004730-2026-06-19T08:06:06.000000Z-1"
129.524305,36.12253666666667,39.900001525878906,"2026-06-26T01:13:48.000Z",40,-36,"440004730-2026-06-19T08:06:06.000000Z-1"
129.59110333333334,36.217636666666664,46.900001525878906,"2026-06-26T01:23:48.000Z",39.70000076293945,-95,"440004730-2026-06-19T08:06:06.000000Z-1"
129.52279833333333,36.11850333333334,223.3000030517578,"2026-06-26T07:47:35.000Z",42.900001525878906,-36,"440004730-2026-06-19T08:06:06.000000Z-1"
129.45212666666666,36.072948333333336,231.5,"2026-06-26T07:53:38.000Z",44,-22,"440004730-2026-06-19T08:06:06.000000Z-1"
129.37880833333332,36.05074666666667,319.3999938964844,"2026-06-26T08:03:40.000Z",4.199999809265137,1,"440004730-2026-06-19T08:06:06.000000Z-1"
129.37827166666668,36.05125666666667,288.29998779296875,"2026-06-26T09:13:50.000Z",0,1,"440004730-2026-06-19T08:06:06.000000Z-1"
129.37826833333332,36.051235,288.29998779296875,"2026-06-26T10:29:00.000Z",0,1,"440004730-2026-06-19T08:06:06.000000Z-1"
129.37827,36.051228333333334,288.29998779296875,"2026-06-26T11:39:10.000Z",0,1,"440004730-2026-06-19T08:06:06.000000Z-1"
129.37826,36.051248333333334,288.29998779296875,"2026-06-26T12:54:20.000Z",0,1,"440004730-2026-06-19T08:06:06.000000Z-1"
129.37826,36.051231666666666,288.29998779296875,"2026-06-26T14:19:32.000Z",0,1,"440004730-2026-06-19T08:06:06.000000Z-1"
129.37829,36.05123666666667,288.20001220703125,"2026-06-26T15:42:19.000Z",0,1,"440004730-2026-06-19T08:06:06.000000Z-1"
129.37826333333334,36.05121,288.20001220703125,"2026-06-26T16:58:14.000Z",0,1,"440004730-2026-06-19T08:06:06.000000Z-1"
129.37826666666666,36.051231666666666,288.29998779296875,"2026-06-26T18:10:08.000Z",0,1,"440004730-2026-06-19T08:06:06.000000Z-1"
129.37826833333332,36.05121666666667,288.20001220703125,"2026-06-26T19:21:02.000Z",0,1,"440004730-2026-06-19T08:06:06.000000Z-1"
129.37825333333333,36.05121833333333,288.20001220703125,"2026-06-26T20:31:22.000Z",0,1,"440004730-2026-06-19T08:06:06.000000Z-1"
129.37825666666666,36.05121666666667,288.20001220703125,"2026-06-26T21:41:42.000Z",0,1,"440004730-2026-06-19T08:06:06.000000Z-1"
129.378265,36.05122,288.29998779296875,"2026-06-26T22:55:47.000Z",0,1,"440004730-2026-06-19T08:06:06.000000Z-1"
129.37828333333334,36.051235,288.20001220703125,"2026-06-27T00:07:33.000Z",0,1,"440004730-2026-06-19T08:06:06.000000Z-1"
129.43635,36.06114,65.80000305175781,"2026-06-27T01:01:05.000Z",22.200000762939453,-21,"440004730-2026-06-19T08:06:06.000000Z-1"
129.50042833333333,36.102275,29.799999237060547,"2026-06-27T01:07:53.000Z",41,-26,"440004730-2026-06-19T08:06:06.000000Z-1"
129.53093,36.13072,50.5,"2026-06-27T01:11:06.000Z",41.400001525878906,-45,"440004730-2026-06-19T08:06:06.000000Z-1"
129.547495,36.143103333333336,40.20000076293945,"2026-06-27T01:12:53.000Z",41,-53,"440004730-2026-06-19T08:06:06.000000Z-1"
130.455,37.031666666666666,39,"2026-06-27T02:51:11.000Z",42,-2167,"440004730-2026-06-19T08:06:06.000000Z-1"
130.87938833333334,37.44357,33.599998474121094,"2026-06-27T03:35:51.000Z",42.20000076293945,-148,"440004730-2026-06-19T08:06:06.000000Z-1"
130.905035,37.47064,39.70000076293945,"2026-06-27T03:38:45.000Z",37.20000076293945,-16,"440004730-2026-06-19T08:06:06.000000Z-1"
130.910595,37.47995,320.1000061035156,"2026-06-27T03:41:41.000Z",5.900000095367432,41,"440004730-2026-06-19T08:06:06.000000Z-1"
130.90965333333332,37.4811,136.6999969482422,"2026-06-27T05:01:17.000Z",0,41,"440004730-2026-06-19T08:06:06.000000Z-1"
130.90977666666666,37.480963333333335,147.6999969482422,"2026-06-27T05:16:08.000Z",2.9000000953674316,41,"440004730-2026-06-19T08:06:06.000000Z-1"
130.91220833333333,37.479605,75.80000305175781,"2026-06-27T05:17:37.000Z",3.9000000953674316,41,"440004730-2026-06-19T08:06:06.000000Z-1"
130.90829833333333,37.474468333333334,212.1999969482422,"2026-06-27T05:19:07.000Z",21.5,-16,"440004730-2026-06-19T08:06:06.000000Z-1"
130.90411666666665,37.46972,216.89999389648438,"2026-06-27T05:20:01.000Z",24.600000381469727,-5,"440004730-2026-06-19T08:06:06.000000Z-1"
130.821845,37.38146666666667,221.10000610351562,"2026-06-27T05:30:13.000Z",41.900001525878906,-1988,"440004730-2026-06-19T08:06:06.000000Z-1"
130.60794,37.179406666666665,213.39999389648438,"2026-06-27T05:52:47.000Z",42,-2172,"440004730-2026-06-19T08:06:06.000000Z-1"
130.595265,37.16273833333333,213.39999389648438,"2026-06-27T05:54:27.000Z",42,-2198,"440004730-2026-06-19T08:06:06.000000Z-1"
130.58127833333333,37.14819166666667,219.8000030517578,"2026-06-27T05:56:01.000Z",41.900001525878906,-2199,"440004730-2026-06-19T08:06:06.000000Z-1"
130.547115,37.11853333333333,221.8000030517578,"2026-06-27T05:59:27.000Z",42.20000076293945,-2220,"440004730-2026-06-19T08:06:06.000000Z-1"
129.75739666666666,36.348695,219.5,"2026-06-27T07:24:44.000Z",42,-292,"440004730-2026-06-19T08:06:06.000000Z-1"
129.524355,36.11897166666667,221.3000030517578,"2026-06-27T07:49:54.000Z",42.5,-36,"440004730-2026-06-19T08:06:06.000000Z-1"
129.50174833333332,36.10061,229.8000030517578,"2026-06-27T07:52:01.000Z",43.099998474121094,-26,"440004730-2026-06-19T08:06:06.000000Z-1"
129.441095,36.06548333333333,242.5,"2026-06-27T07:57:02.000Z",43.400001525878906,-20,"440004730-2026-06-19T08:06:06.000000Z-1"
129.39107833333333,36.045485,249.60000610351562,"2026-06-27T08:02:03.000Z",15.399999618530273,-8,"440004730-2026-06-19T08:06:06.000000Z-1"
129.37828833333333,36.05123666666667,316.8999938964844,"2026-06-27T08:12:04.000Z",0,1,"440004730-2026-06-19T08:06:06.000000Z-1"
129.37826166666667,36.051228333333334,316.8999938964844,"2026-06-27T09:22:13.000Z",0,1,"440004730-2026-06-19T08:06:06.000000Z-1"
129.37666666666667,36.05,316,"2026-06-27T11:27:15.000Z",0,1,"440004730-2026-06-19T08:06:06.000000Z-1"
129.37666666666667,36.05,316,"2026-06-27T13:36:13.000Z",0,1,"440004730-2026-06-19T08:06:06.000000Z-1"
129.37666666666667,36.05,316,"2026-06-27T15:45:07.000Z",0,1,"440004730-2026-06-19T08:06:06.000000Z-1"
129.37666666666667,36.05,316,"2026-06-27T17:51:09.000Z",0,1,"440004730-2026-06-19T08:06:06.000000Z-1"
129.37666666666667,36.05,316,"2026-06-27T19:54:08.000Z",0,1,"440004730-2026-06-19T08:06:06.000000Z-1"
129.37666666666667,36.05,316,"2026-06-27T21:57:08.000Z",0,1,"440004730-2026-06-19T08:06:06.000000Z-1"
129.37666666666667,36.05,316,"2026-06-28T00:06:11.000Z",0,1,"440004730-2026-06-19T08:06:06.000000Z-1"
129.54166666666666,36.151666666666664,45,"2026-06-28T01:15:12.000Z",41,-54,"440004730-2026-06-19T08:06:06.000000Z-1"
130.18,36.776666666666664,39,"2026-06-28T02:24:09.000Z",42,-2248,"440004730-2026-06-19T08:06:06.000000Z-1"
130.792985,37.36299,38.599998474121094,"2026-06-28T03:28:02.000Z",42.400001525878906,-2156,"440004730-2026-06-19T08:06:06.000000Z-1"
130.90965833333334,37.48109,137.3000030517578,"2026-06-28T03:51:22.000Z",0,41,"440004730-2026-06-19T08:06:06.000000Z-1"
130.66666666666666,37.25,218,"2026-06-28T05:42:09.000Z",41,-2188,"440004730-2026-06-19T08:06:06.000000Z-1"
129.37666666666667,36.05,270,"2026-06-28T09:00:10.000Z",0,1,"440004730-2026-06-19T08:06:06.000000Z-1"
129.37666666666667,36.05,270,"2026-06-28T11:06:10.000Z",0,1,"440004730-2026-06-19T08:06:06.000000Z-1"
129.37666666666667,36.05,270,"2026-06-28T12:27:08.000Z",0,1,"440004730-2026-06-19T08:06:06.000000Z-1"
129.37666666666667,36.05,270,"2026-06-28T13:39:11.000Z",0,1,"440004730-2026-06-19T08:06:06.000000Z-1"
129.37666666666667,36.05,270,"2026-06-28T15:00:09.000Z",0,1,"440004730-2026-06-19T08:06:06.000000Z-1"
129.37666666666667,36.05,270,"2026-06-28T16:12:12.000Z",0,1,"440004730-2026-06-19T08:06:06.000000Z-1"
129.37666666666667,36.05,270,"2026-06-28T17:27:11.000Z",0,1,"440004730-2026-06-19T08:06:06.000000Z-1"
129.37666666666667,36.05,270,"2026-06-28T19:39:08.000Z",0,1,"440004730-2026-06-19T08:06:06.000000Z-1"
129.37666666666667,36.05,270,"2026-06-28T21:42:09.000Z",0,1,"440004730-2026-06-19T08:06:06.000000Z-1"
129.37666666666667,36.05,270,"2026-06-28T23:42:13.000Z",0,1,"440004730-2026-06-19T08:06:06.000000Z-1"
129.565,36.17,28,"2026-06-29T01:21:10.000Z",42,-57,"440004730-2026-06-19T08:06:06.000000Z-1"
130.90833333333333,37.48,317,"2026-06-29T03:54:13.000Z",0,41,"440004730-2026-06-19T08:06:06.000000Z-1"
130.88378666666668,37.44855666666667,220,"2026-06-29T05:26:54.000Z",41.5,-21,"440004730-2026-06-19T08:06:06.000000Z-1"
130.07833333333335,36.66833333333334,216,"2026-06-29T06:54:08.000Z",42,-1475,"440004730-2026-06-19T08:06:06.000000Z-1"
129.53166666666667,36.126666666666665,226,"2026-06-29T07:54:14.000Z",42,-45,"440004730-2026-06-19T08:06:06.000000Z-1"
129.37666666666667,36.05,258,"2026-06-29T09:06:09.000Z",0,1,"440004730-2026-06-19T08:06:06.000000Z-1"
129.37666666666667,36.05,258,"2026-06-29T11:15:14.000Z",0,1,"440004730-2026-06-19T08:06:06.000000Z-1"
129.37666666666667,36.05,258,"2026-06-29T12:30:10.000Z",0,1,"440004730-2026-06-19T08:06:06.000000Z-1"
129.37666666666667,36.05,258,"2026-06-29T13:54:11.000Z",0,1,"440004730-2026-06-19T08:06:06.000000Z-1"
129.37666666666667,36.05,258,"2026-06-29T15:09:09.000Z",0,1,"440004730-2026-06-19T08:06:06.000000Z-1"
129.37666666666667,36.05,258,"2026-06-29T17:12:10.000Z",0,1,"440004730-2026-06-19T08:06:06.000000Z-1"
129.37666666666667,36.05,258,"2026-06-29T19:42:10.000Z",0,1,"440004730-2026-06-19T08:06:06.000000Z-1"
129.37666666666667,36.05,258,"2026-06-29T21:51:13.000Z",0,1,"440004730-2026-06-19T08:06:06.000000Z-1"
129.37666666666667,36.05,258,"2026-06-30T00:09:09.000Z",0,1,"440004730-2026-06-19T08:06:06.000000Z-1"
129.40666666666667,36.05166666666667,242,"2026-06-30T07:57:08.000Z",43,-14,"440004730-2026-06-19T08:06:06.000000Z-1"
129.37866,36.05087833333333,322,"2026-06-30T08:03:59.000Z",3,1,"440004730-2026-06-19T08:06:06.000000Z-1"
129.37666666666667,36.05,253,"2026-06-30T09:30:09.000Z",0,1,"440004730-2026-06-19T08:06:06.000000Z-1"
129.37666666666667,36.05,253,"2026-06-30T11:36:09.000Z",0,1,"440004730-2026-06-19T08:06:06.000000Z-1"
129.37666666666667,36.05,253,"2026-06-30T12:54:16.000Z",0,1,"440004730-2026-06-19T08:06:06.000000Z-1"
129.37666666666667,36.05,253,"2026-06-30T15:00:15.000Z",0,1,"440004730-2026-06-19T08:06:06.000000Z-1"
129.37666666666667,36.05,253,"2026-06-30T17:09:12.000Z",0,1,"440004730-2026-06-19T08:06:06.000000Z-1"
129.37666666666667,36.05,253,"2026-06-30T19:15:10.000Z",0,1,"440004730-2026-06-19T08:06:06.000000Z-1"
129.37666666666667,36.05,253,"2026-06-30T21:54:17.000Z",0,1,"440004730-2026-06-19T08:06:06.000000Z-1"
129.37666666666667,36.05,253,"2026-07-01T00:03:15.000Z",0,1,"440004730-2026-06-19T08:06:06.000000Z-1"
129.37861166666667,36.05036333333334,173.39999389648438,"2026-07-01T00:51:44.000Z",3.5999999046325684,1,"440004730-2026-06-19T08:06:06.000000Z-1"
129.41397333333333,36.048921666666665,251.8000030517578,"2026-07-01T08:20:48.000Z",41,-14,"440004730-2026-06-19T08:06:06.000000Z-1"
129.381395,36.04747666666667,322.79998779296875,"2026-07-01T08:25:48.000Z",7.900000095367432,1,"440004730-2026-06-19T08:06:06.000000Z-1"
129.37666666666667,36.05,321,"2026-07-01T09:39:09.000Z",0,1,"440004730-2026-06-19T08:06:06.000000Z-1"
129.37666666666667,36.05,321,"2026-07-01T12:00:14.000Z",0,1,"440004730-2026-06-19T08:06:06.000000Z-1"
129.37826666666666,36.05122,321,"2026-07-01T13:35:50.000Z",0,1,"440004730-2026-06-19T08:06:06.000000Z-1"
129.37666666666667,36.05,321,"2026-07-01T14:48:12.000Z",0,1,"440004730-2026-06-19T08:06:06.000000Z-1"
129.37666666666667,36.05,321,"2026-07-01T16:12:10.000Z",0,1,"440004730-2026-06-19T08:06:06.000000Z-1"
129.37666666666667,36.05,321,"2026-07-01T18:21:14.000Z",0,1,"440004730-2026-06-19T08:06:06.000000Z-1"
129.37666666666667,36.05,321,"2026-07-01T19:54:11.000Z",0,1,"440004730-2026-06-19T08:06:06.000000Z-1"
129.37666666666667,36.05,321,"2026-07-01T21:06:10.000Z",0,1,"440004730-2026-06-19T08:06:06.000000Z-1"
129.37826166666667,36.05123833333333,321,"2026-07-01T23:12:09.000Z",0,1,"440004730-2026-06-19T08:06:06.000000Z-1"
129.43333333333334,36.05166666666667,250,"2026-07-02T07:57:12.000Z",42,-20,"440004730-2026-06-19T08:06:06.000000Z-1"
129.37666666666667,36.05,274,"2026-07-02T10:03:11.000Z",0,1,"440004730-2026-06-19T08:06:06.000000Z-1"
129.37666666666667,36.05,274,"2026-07-02T11:15:12.000Z",0,1,"440004730-2026-06-19T08:06:06.000000Z-1"
129.37666666666667,36.05,274,"2026-07-02T13:30:09.000Z",0,1,"440004730-2026-06-19T08:06:06.000000Z-1"
129.37666666666667,36.05,274,"2026-07-02T15:42:17.000Z",0,1,"440004730-2026-06-19T08:06:06.000000Z-1"
129.37666666666667,36.05,274,"2026-07-02T17:03:13.000Z",0,1,"440004730-2026-06-19T08:06:06.000000Z-1"
129.37666666666667,36.05,274,"2026-07-02T19:09:11.000Z",0,1,"440004730-2026-06-19T08:06:06.000000Z-1"
129.37666666666667,36.05,274,"2026-07-02T22:00:14.000Z",0,1,"440004730-2026-06-19T08:06:06.000000Z-1"
129.37666666666667,36.05,274,"2026-07-02T23:12:14.000Z",0,1,"440004730-2026-06-19T08:06:06.000000Z-1"
129.545,36.14333333333333,51,"2026-07-03T01:15:12.000Z",41,-52,"440004730-2026-06-19T08:06:06.000000Z-1"
130.255,36.84166666666667,216,"2026-07-03T06:36:15.000Z",39,-2227,"440004730-2026-06-19T08:06:06.000000Z-1"
129.85216,36.448155,218.10000610351562,"2026-07-03T07:21:53.000Z",39.599998474121094,-360,"440004730-2026-06-19T08:06:06.000000Z-1"
129.82131166666667,36.411185,212,"2026-07-03T07:25:55.000Z",39.900001525878906,-268,"440004730-2026-06-19T08:06:06.000000Z-1"
129.75405,36.34352833333333,217.3000030517578,"2026-07-03T07:33:42.000Z",40,-284,"440004730-2026-06-19T08:06:06.000000Z-1"
129.73512666666667,36.32682833333333,223.5,"2026-07-03T07:35:43.000Z",40.099998474121094,-269,"440004730-2026-06-19T08:06:06.000000Z-1"
129.68813666666668,36.272396666666666,221.8000030517578,"2026-07-03T07:41:39.000Z",40.5,-204,"440004730-2026-06-19T08:06:06.000000Z-1"
129.60428333333334,36.200385,228.60000610351562,"2026-07-03T07:50:33.000Z",40.70000076293945,-87,"440004730-2026-06-19T08:06:06.000000Z-1"
129.57504666666668,36.170495,225.89999389648438,"2026-07-03T07:53:57.000Z",40,-60,"440004730-2026-06-19T08:06:06.000000Z-1"
129.55625166666667,36.15028,209.8000030517578,"2026-07-03T07:56:19.000Z",39.79999923706055,-46,"440004730-2026-06-19T08:06:06.000000Z-1"
129.54108833333333,36.136455,226.8000030517578,"2026-07-03T07:57:53.000Z",40.70000076293945,-52,"440004730-2026-06-19T08:06:06.000000Z-1"
129.526405,36.118705,212.39999389648438,"2026-07-03T07:59:41.000Z",40.900001525878906,-39,"440004730-2026-06-19T08:06:06.000000Z-1"
129.50808666666666,36.10055833333333,227.1999969482422,"2026-07-03T08:01:47.000Z",41.900001525878906,-27,"440004730-2026-06-19T08:06:06.000000Z-1"
129.487825,36.08414166666667,223.3000030517578,"2026-07-03T08:03:45.000Z",42.29999923706055,-26,"440004730-2026-06-19T08:06:06.000000Z-1"
129.46545,36.068105,232.39999389648438,"2026-07-03T08:05:46.000Z",42.400001525878906,-25,"440004730-2026-06-19T08:06:06.000000Z-1"
129.41757,36.04624,264.20001220703125,"2026-07-03T08:09:35.000Z",43.20000076293945,-17,"440004730-2026-06-19T08:06:06.000000Z-1"
129.38810166666667,36.0442,259.6000061035156,"2026-07-03T08:11:57.000Z",23.100000381469727,-5,"440004730-2026-06-19T08:06:06.000000Z-1"
129.37881666666667,36.05086166666667,318.20001220703125,"2026-07-03T08:16:58.000Z",3.5,1,"440004730-2026-06-19T08:06:06.000000Z-1"
129.37666666666667,36.05,289,"2026-07-03T10:27:17.000Z",0,1,"440004730-2026-06-19T08:06:06.000000Z-1"
129.37666666666667,36.05,289,"2026-07-03T11:42:11.000Z",0,1,"440004730-2026-06-19T08:06:06.000000Z-1"
129.37666666666667,36.05,289,"2026-07-03T13:48:12.000Z",0,1,"440004730-2026-06-19T08:06:06.000000Z-1"
129.37666666666667,36.05,289,"2026-07-03T15:51:14.000Z",0,1,"440004730-2026-06-19T08:06:06.000000Z-1"
129.37666666666667,36.05,289,"2026-07-03T17:57:11.000Z",0,1,"440004730-2026-06-19T08:06:06.000000Z-1"
129.37666666666667,36.05,289,"2026-07-03T20:03:17.000Z",0,1,"440004730-2026-06-19T08:06:06.000000Z-1"
129.37666666666667,36.05,289,"2026-07-03T22:18:15.000Z",0,1,"440004730-2026-06-19T08:06:06.000000Z-1"
129.37666666666667,36.05,289,"2026-07-04T00:12:15.000Z",0,1,"440004730-2026-06-19T08:06:06.000000Z-1"
129.60418666666666,36.182815,27,"2026-07-04T01:17:39.000Z",43.099998474121094,-68,"440004730-2026-06-19T08:06:06.000000Z-1"
129.91318833333332,36.508963333333334,38.400001525878906,"2026-07-04T01:51:39.000Z",43.70000076293945,-485,"440004730-2026-06-19T08:06:06.000000Z-1"
130.07231333333334,36.66121666666667,37.29999923706055,"2026-07-04T02:08:07.000Z",43.5,-1393,"440004730-2026-06-19T08:06:06.000000Z-1"
130.08137,36.671905,33.79999923706055,"2026-07-04T02:09:03.000Z",43.5,-1475,"440004730-2026-06-19T08:06:06.000000Z-1"
130.89284166666667,37.45847666666667,41.20000076293945,"2026-07-04T03:33:21.000Z",43,-8,"440004730-2026-06-19T08:06:06.000000Z-1"
130.90833333333333,37.48,328,"2026-07-04T04:39:12.000Z",0,41,"440004730-2026-06-19T08:06:06.000000Z-1"
130.89108833333333,37.45585166666667,218.5,"2026-07-04T05:19:25.000Z",33.5,-8,"440004730-2026-06-19T08:06:06.000000Z-1"
130.62612,37.201708333333336,220.6999969482422,"2026-07-04T05:49:08.000Z",40.400001525878906,-2154,"440004730-2026-06-19T08:06:06.000000Z-1"
130.29991333333334,36.88491833333333,223,"2026-07-04T06:25:46.000Z",40.20000076293945,-2143,"440004730-2026-06-19T08:06:06.000000Z-1"
130.26316666666668,36.84958833333334,220.89999389648438,"2026-07-04T06:29:55.000Z",39.900001525878906,-2223,"440004730-2026-06-19T08:06:06.000000Z-1"
130.24595,36.835705,220.39999389648438,"2026-07-04T06:31:41.000Z",39.79999923706055,-2231,"440004730-2026-06-19T08:06:06.000000Z-1"
129.69125166666666,36.28004333333333,220.8000030517578,"2026-07-04T07:35:02.000Z",41.20000076293945,-196,"440004730-2026-06-19T08:06:06.000000Z-1"
129.37666666666667,36.05,268,"2026-07-04T08:48:13.000Z",0,1,"440004730-2026-06-19T08:06:06.000000Z-1"
129.37666666666667,36.05,268,"2026-07-04T10:18:13.000Z",0,1,"440004730-2026-06-19T08:06:06.000000Z-1"
129.37666666666667,36.05,268,"2026-07-04T12:24:13.000Z",0,1,"440004730-2026-06-19T08:06:06.000000Z-1"
129.37666666666667,36.05,268,"2026-07-04T13:42:10.000Z",0,1,"440004730-2026-06-19T08:06:06.000000Z-1"
129.37666666666667,36.05,268,"2026-07-04T15:45:15.000Z",0,1,"440004730-2026-06-19T08:06:06.000000Z-1"
129.37666666666667,36.05,268,"2026-07-04T17:15:19.000Z",0,1,"440004730-2026-06-19T08:06:06.000000Z-1"
129.37666666666667,36.05,268,"2026-07-04T19:48:19.000Z",0,1,"440004730-2026-06-19T08:06:06.000000Z-1"
129.37666666666667,36.05,268,"2026-07-04T21:33:13.000Z",0,1,"440004730-2026-06-19T08:06:06.000000Z-1"
129.37666666666667,36.05,268,"2026-07-05T00:12:11.000Z",0,1,"440004730-2026-06-19T08:06:06.000000Z-1"
129.40801333333334,36.046345,78.69999694824219,"2026-07-05T00:59:22.000Z",19.899999618530273,-14,"440004730-2026-06-19T08:06:06.000000Z-1"
129.49833333333333,36.09,226,"2026-07-05T08:00:16.000Z",42,-26,"440004730-2026-06-19T08:06:06.000000Z-1"
129.37666666666667,36.05,32,"2026-07-05T09:03:19.000Z",0,1,"440004730-2026-06-19T08:06:06.000000Z-1"
129.37666666666667,36.05,32,"2026-07-05T10:15:14.000Z",0,1,"440004730-2026-06-19T08:06:06.000000Z-1"
129.37666666666667,36.05,32,"2026-07-05T12:24:13.000Z",0,1,"440004730-2026-06-19T08:06:06.000000Z-1"
129.37666666666667,36.05,32,"2026-07-05T14:48:18.000Z",0,1,"440004730-2026-06-19T08:06:06.000000Z-1"
129.37666666666667,36.05,32,"2026-07-05T16:12:12.000Z",0,1,"440004730-2026-06-19T08:06:06.000000Z-1"
129.37666666666667,36.05,32,"2026-07-05T18:12:13.000Z",0,1,"440004730-2026-06-19T08:06:06.000000Z-1"
129.37666666666667,36.05,32,"2026-07-05T19:27:14.000Z",0,1,"440004730-2026-06-19T08:06:06.000000Z-1"
129.37666666666667,36.05,32,"2026-07-05T20:42:13.000Z",0,1,"440004730-2026-06-19T08:06:06.000000Z-1"
129.37666666666667,36.05,32,"2026-07-05T23:09:14.000Z",0,1,"440004730-2026-06-19T08:06:06.000000Z-1"
129.37666666666667,36.05,307,"2026-07-06T08:09:12.000Z",0,1,"440004730-2026-06-19T08:06:06.000000Z-1"
129.37666666666667,36.05,298,"2026-07-06T10:21:18.000Z",0,1,"440004730-2026-06-19T08:06:06.000000Z-1"
129.37666666666667,36.05,298,"2026-07-06T12:42:13.000Z",0,1,"440004730-2026-06-19T08:06:06.000000Z-1"
129.37666666666667,36.05,298,"2026-07-06T14:51:15.000Z",0,1,"440004730-2026-06-19T08:06:06.000000Z-1"
129.37666666666667,36.05,298,"2026-07-06T16:06:14.000Z",0,1,"440004730-2026-06-19T08:06:06.000000Z-1"
129.37666666666667,36.05,298,"2026-07-06T17:36:14.000Z",0,1,"440004730-2026-06-19T08:06:06.000000Z-1"
129.37666666666667,36.05,298,"2026-07-06T19:33:14.000Z",0,1,"440004730-2026-06-19T08:06:06.000000Z-1"
129.37666666666667,36.05,298,"2026-07-06T21:39:12.000Z",0,1,"440004730-2026-06-19T08:06:06.000000Z-1"
129.37666666666667,36.05,298,"2026-07-06T23:42:14.000Z",0,1,"440004730-2026-06-19T08:06:06.000000Z-1"
129.47166666666666,36.071666666666665,61,"2026-07-07T01:06:14.000Z",42,-25,"440004730-2026-06-19T08:06:06.000000Z-1"
129.37666666666667,36.05,114,"2026-07-07T08:21:14.000Z",0,1,"440004730-2026-06-19T08:06:06.000000Z-1"
129.37666666666667,36.05,114,"2026-07-07T09:42:19.000Z",0,1,"440004730-2026-06-19T08:06:06.000000Z-1"
129.37666666666667,36.05,114,"2026-07-07T11:48:19.000Z",0,1,"440004730-2026-06-19T08:06:06.000000Z-1"
129.37824666666666,36.051235,114.5,"2026-07-07T14:06:02.000Z",0,1,"440004730-2026-06-19T08:06:06.000000Z-1"
129.37666666666667,36.05,114,"2026-07-07T16:27:18.000Z",0,1,"440004730-2026-06-19T08:06:06.000000Z-1"
129.378275,36.05122333333333,114.5,"2026-07-07T17:48:01.000Z",0,1,"440004730-2026-06-19T08:06:06.000000Z-1"
129.37666666666667,36.05,114,"2026-07-07T19:03:13.000Z",0,1,"440004730-2026-06-19T08:06:06.000000Z-1"
129.37825666666666,36.05121,114.5,"2026-07-07T20:57:02.000Z",0,1,"440004730-2026-06-19T08:06:06.000000Z-1"
129.37828166666668,36.05121,114.5,"2026-07-07T23:09:03.000Z",0,1,"440004730-2026-06-19T08:06:06.000000Z-1"
129.39666666666668,36.04666666666667,80,"2026-07-08T00:00:17.000Z",18,-10,"440004730-2026-06-19T08:06:06.000000Z-1"
129.43732833333334,36.05775833333333,61.5,"2026-07-08T00:05:57.000Z",30.200000762939453,-21,"440004730-2026-06-19T08:06:06.000000Z-1"
129.473955,36.07190333333333,62.599998474121094,"2026-07-08T00:08:55.000Z",43.5,-25,"440004730-2026-06-19T08:06:06.000000Z-1"
130.23833333333334,36.818333333333335,221,"2026-07-08T05:42:17.000Z",38,-2231,"440004730-2026-06-19T08:06:06.000000Z-1"
129.60393333333334,36.195105,216.39999389648438,"2026-07-08T06:58:39.000Z",40,-87,"440004730-2026-06-19T08:06:06.000000Z-1"
129.51646833333334,36.108465,221.3000030517578,"2026-07-08T07:08:33.000Z",41.20000076293945,-32,"440004730-2026-06-19T08:06:06.000000Z-1"
129.452735,36.06341333333334,245.3000030517578,"2026-07-08T07:14:37.000Z",41.5,-22,"440004730-2026-06-19T08:06:06.000000Z-1"
129.40313666666665,36.04848833333333,256.1000061035156,"2026-07-08T07:19:37.000Z",17.5,-10,"440004730-2026-06-19T08:06:06.000000Z-1"
129.38019333333332,36.04943166666666,347.3999938964844,"2026-07-08T07:26:20.000Z",5.800000190734863,1,"440004730-2026-06-19T08:06:06.000000Z-1"
129.37666666666667,36.05,331,"2026-07-08T09:36:13.000Z",0,1,"440004730-2026-06-19T08:06:06.000000Z-1"
129.37666666666667,36.05,331,"2026-07-08T12:54:14.000Z",0,1,"440004730-2026-06-19T08:06:06.000000Z-1"
129.37666666666667,36.05,331,"2026-07-08T15:21:16.000Z",0,1,"440004730-2026-06-19T08:06:06.000000Z-1"
129.37666666666667,36.05,331,"2026-07-08T16:39:13.000Z",0,1,"440004730-2026-06-19T08:06:06.000000Z-1"
129.37666666666667,36.05,331,"2026-07-08T18:54:15.000Z",0,1,"440004730-2026-06-19T08:06:06.000000Z-1"
129.37666666666667,36.05,331,"2026-07-08T21:24:15.000Z",0,1,"440004730-2026-06-19T08:06:06.000000Z-1"
129.37666666666667,36.05,331,"2026-07-08T23:45:17.000Z",0,1,"440004730-2026-06-19T08:06:06.000000Z-1"
129.41661666666667,36.050635,72.4000015258789,"2026-07-09T00:57:08.000Z",21.799999237060547,-17,"440004730-2026-06-19T08:06:06.000000Z-1"
129.48948833333333,36.07993333333334,41.5,"2026-07-09T01:03:38.000Z",42.900001525878906,-26,"440004730-2026-06-19T08:06:06.000000Z-1"
130.47833333333332,37.056666666666665,38,"2026-07-09T02:48:17.000Z",43,-2176,"440004730-2026-06-19T08:06:06.000000Z-1"
130.58333333333334,37.153333333333336,223,"2026-07-09T06:00:23.000Z",39,-2199,"440004730-2026-06-19T08:06:06.000000Z-1"
129.97333333333333,36.555,220,"2026-07-09T07:09:18.000Z",40,-656,"440004730-2026-06-19T08:06:06.000000Z-1"
129.37666666666667,36.05,329,"2026-07-09T08:51:15.000Z",0,1,"440004730-2026-06-19T08:06:06.000000Z-1"
129.37666666666667,36.05,329,"2026-07-09T10:57:14.000Z",0,1,"440004730-2026-06-19T08:06:06.000000Z-1"
129.37666666666667,36.05,329,"2026-07-09T13:03:16.000Z",0,1,"440004730-2026-06-19T08:06:06.000000Z-1"
129.37666666666667,36.05,329,"2026-07-09T15:15:15.000Z",0,1,"440004730-2026-06-19T08:06:06.000000Z-1"
129.37666666666667,36.05,329,"2026-07-09T17:27:19.000Z",0,1,"440004730-2026-06-19T08:06:06.000000Z-1"
129.37666666666667,36.05,329,"2026-07-09T19:39:18.000Z",0,1,"440004730-2026-06-19T08:06:06.000000Z-1"
129.37825833333332,36.051206666666666,329.5,"2026-07-09T21:10:13.000Z",0,1,"440004730-2026-06-19T08:06:06.000000Z-1"
129.37828666666667,36.05121833333333,329.5,"2026-07-09T22:25:58.000Z",0,1,"440004730-2026-06-19T08:06:06.000000Z-1"
129.37826666666666,36.05122166666666,329.5,"2026-07-09T23:36:41.000Z",0,1,"440004730-2026-06-19T08:06:06.000000Z-1"
129.37826333333334,36.05124,329.5,"2026-07-10T00:47:24.000Z",0,1,"440004730-2026-06-19T08:06:06.000000Z-1"
129.38132833333333,36.04801666666667,140.6999969482422,"2026-07-10T00:52:27.000Z",8.399999618530273,1,"440004730-2026-06-19T08:06:06.000000Z-1"
129.40550333333334,36.04824833333333,75,"2026-07-10T00:57:30.000Z",19.399999618530273,-14,"440004730-2026-06-19T08:06:06.000000Z-1"
129.51071166666668,36.097948333333335,60.5,"2026-07-10T01:07:36.000Z",43,-27,"440004730-2026-06-19T08:06:06.000000Z-1"
129.54229166666667,36.121896666666665,14.199999809265137,"2026-07-10T01:10:38.000Z",42.5,-42,"440004730-2026-06-19T08:06:06.000000Z-1"
129.54382,36.13091,7.599999904632568,"2026-07-10T01:11:23.000Z",42.70000076293945,-48,"440004730-2026-06-19T08:06:06.000000Z-1"
129.55555333333334,36.16632666666667,34.599998474121094,"2026-07-10T01:14:33.000Z",42.400001525878906,-51,"440004730-2026-06-19T08:06:06.000000Z-1"
129.59652833333334,36.207013333333336,35.900001525878906,"2026-07-10T01:18:59.000Z",43.099998474121094,-94,"440004730-2026-06-19T08:06:06.000000Z-1"
129.60755666666665,36.219795,33,"2026-07-10T01:20:17.000Z",43.099998474121094,-104,"440004730-2026-06-19T08:06:06.000000Z-1"
130.12592,36.709095,29.600000381469727,"2026-07-10T02:12:45.000Z",43.79999923706055,-1984,"440004730-2026-06-19T08:06:06.000000Z-1"
130.17290833333334,36.77251,44.29999923706055,"2026-07-10T02:18:49.000Z",43.79999923706055,-2239,"440004730-2026-06-19T08:06:06.000000Z-1"
130.90833333333333,37.48,121,"2026-07-10T04:21:15.000Z",0,41,"440004730-2026-06-19T08:06:06.000000Z-1"
130.64458,37.215003333333335,217.60000610351562,"2026-07-10T05:48:48.000Z",40,-2145,"440004730-2026-06-19T08:06:06.000000Z-1"
129.90666666666667,36.49333333333333,219,"2026-07-10T07:12:16.000Z",40,-506,"440004730-2026-06-19T08:06:06.000000Z-1"
129.51717833333333,36.11060333333333,218.3000030517578,"2026-07-10T07:56:38.000Z",41.900001525878906,-32,"440004730-2026-06-19T08:06:06.000000Z-1"
129.46420666666666,36.07009166666667,242,"2026-07-10T08:01:41.000Z",42.599998474121094,-23,"440004730-2026-06-19T08:06:06.000000Z-1"
129.39574666666667,36.04626,247.10000610351562,"2026-07-10T08:06:44.000Z",37,-10,"440004730-2026-06-19T08:06:06.000000Z-1"
129.37996,36.04944166666667,327.29998779296875,"2026-07-10T08:11:47.000Z",5.5,1,"440004730-2026-06-19T08:06:06.000000Z-1"
129.37825666666666,36.05122,302.79998779296875,"2026-07-10T09:37:39.000Z",0,1,"440004730-2026-06-19T08:06:06.000000Z-1"
129.37824833333335,36.051226666666665,302.79998779296875,"2026-07-10T10:53:23.000Z",0,1,"440004730-2026-06-19T08:06:06.000000Z-1"
129.37827333333334,36.051228333333334,302.79998779296875,"2026-07-10T12:04:05.000Z",0,1,"440004730-2026-06-19T08:06:06.000000Z-1"
129.37826666666666,36.05122166666666,302.79998779296875,"2026-07-10T13:24:53.000Z",0,1,"440004730-2026-06-19T08:06:06.000000Z-1"
129.37826333333334,36.051215,302.79998779296875,"2026-07-10T14:35:36.000Z",0,1,"440004730-2026-06-19T08:06:06.000000Z-1"
129.37666666666667,36.05,302,"2026-07-10T16:57:14.000Z",0,1,"440004730-2026-06-19T08:06:06.000000Z-1"
129.37666666666667,36.05,302,"2026-07-10T19:06:19.000Z",0,1,"440004730-2026-06-19T08:06:06.000000Z-1"
129.37666666666667,36.05,302,"2026-07-10T21:15:14.000Z",0,1,"440004730-2026-06-19T08:06:06.000000Z-1"
129.37666666666667,36.05,302,"2026-07-10T23:33:15.000Z",0,1,"440004730-2026-06-19T08:06:06.000000Z-1"
129.57082166666666,36.179163333333335,40.900001525878906,"2026-07-11T01:15:11.000Z",42.70000076293945,-60,"440004730-2026-06-19T08:06:06.000000Z-1"
130.25323833333334,36.832773333333336,38.79999923706055,"2026-07-11T02:25:11.000Z",44,-2230,"440004730-2026-06-19T08:06:06.000000Z-1"
130.315,36.9,219,"2026-07-11T06:24:17.000Z",40,-2115,"440004730-2026-06-19T08:06:06.000000Z-1"
129.48185333333333,36.07781833333333,229.1999969482422,"2026-07-11T07:58:07.000Z",42.400001525878906,-26,"440004730-2026-06-19T08:06:06.000000Z-1"
129.37826,36.05124333333333,338.5,"2026-07-11T08:12:14.000Z",0,1,"440004730-2026-06-19T08:06:06.000000Z-1"
129.37666666666667,36.05,338,"2026-07-11T10:18:17.000Z",0,1,"440004730-2026-06-19T08:06:06.000000Z-1"
129.37666666666667,36.05,338,"2026-07-11T12:33:15.000Z",0,1,"440004730-2026-06-19T08:06:06.000000Z-1"
129.37666666666667,36.05,338,"2026-07-11T14:45:18.000Z",0,1,"440004730-2026-06-19T08:06:06.000000Z-1"
129.37666666666667,36.05,338,"2026-07-11T17:12:22.000Z",0,1,"440004730-2026-06-19T08:06:06.000000Z-1"
129.37666666666667,36.05,338,"2026-07-11T18:24:15.000Z",0,1,"440004730-2026-06-19T08:06:06.000000Z-1"
129.37666666666667,36.05,338,"2026-07-11T20:51:16.000Z",0,1,"440004730-2026-06-19T08:06:06.000000Z-1"
129.37666666666667,36.05,338,"2026-07-11T23:03:16.000Z",0,1,"440004730-2026-06-19T08:06:06.000000Z-1"
130.00166666666667,36.598333333333336,38,"2026-07-12T01:57:18.000Z",43,-824,"440004730-2026-06-19T08:06:06.000000Z-1"
130.70116833333333,37.26882666666667,39.20000076293945,"2026-07-12T03:08:14.000Z",43.599998474121094,-2220,"440004730-2026-06-19T08:06:06.000000Z-1"
130.89011166666666,37.45745333333333,39.099998474121094,"2026-07-12T03:28:14.000Z",42.900001525878906,-8,"440004730-2026-06-19T08:06:06.000000Z-1"
130.90969166666667,37.481026666666665,317.6000061035156,"2026-07-12T03:33:14.000Z",1.7000000476837158,41,"440004730-2026-06-19T08:06:06.000000Z-1"
130.90833333333333,37.48,335,"2026-07-12T05:03:18.000Z",0,41,"440004730-2026-06-19T08:06:06.000000Z-1"
130.52,37.093333333333334,220,"2026-07-12T06:03:18.000Z",39,-2193,"440004730-2026-06-19T08:06:06.000000Z-1"
129.79166666666666,36.38,219,"2026-07-12T07:27:20.000Z",38,-247,"440004730-2026-06-19T08:06:06.000000Z-1"
129.37666666666667,36.05,307,"2026-07-12T08:36:17.000Z",0,1,"440004730-2026-06-19T08:06:06.000000Z-1"
129.37666666666667,36.05,307,"2026-07-12T11:27:23.000Z",0,1,"440004730-2026-06-19T08:06:06.000000Z-1"
129.37666666666667,36.05,307,"2026-07-12T13:30:17.000Z",0,1,"440004730-2026-06-19T08:06:06.000000Z-1"
129.37666666666667,36.05,307,"2026-07-12T15:51:19.000Z",0,1,"440004730-2026-06-19T08:06:06.000000Z-1"
129.37666666666667,36.05,307,"2026-07-12T17:36:19.000Z",0,1,"440004730-2026-06-19T08:06:06.000000Z-1"
129.37666666666667,36.05,307,"2026-07-12T19:57:17.000Z",0,1,"440004730-2026-06-19T08:06:06.000000Z-1"
129.37666666666667,36.05,307,"2026-07-12T22:00:18.000Z",0,1,"440004730-2026-06-19T08:06:06.000000Z-1"
129.37666666666667,36.05,307,"2026-07-13T00:03:17.000Z",0,1,"440004730-2026-06-19T08:06:06.000000Z-1"
129.43833333333333,36.06,63,"2026-07-13T01:06:21.000Z",38,-21,"440004730-2026-06-19T08:06:06.000000Z-1"
129.38,36.04666666666667,320,"2026-07-13T08:15:19.000Z",7,1,"440004730-2026-06-19T08:06:06.000000Z-1"
129.37666666666667,36.05,299,"2026-07-13T09:30:16.000Z",0,1,"440004730-2026-06-19T08:06:06.000000Z-1"
129.37666666666667,36.05,299,"2026-07-13T11:24:24.000Z",0,1,"440004730-2026-06-19T08:06:06.000000Z-1"
129.37666666666667,36.05,299,"2026-07-13T12:45:23.000Z",0,1,"440004730-2026-06-19T08:06:06.000000Z-1"
129.37666666666667,36.05,299,"2026-07-13T14:51:20.000Z",0,1,"440004730-2026-06-19T08:06:06.000000Z-1"
129.37666666666667,36.05,299,"2026-07-13T16:54:20.000Z",0,1,"440004730-2026-06-19T08:06:06.000000Z-1"
129.37666666666667,36.05,299,"2026-07-13T19:03:20.000Z",0,1,"440004730-2026-06-19T08:06:06.000000Z-1"
129.37666666666667,36.05,299,"2026-07-13T21:15:17.000Z",0,1,"440004730-2026-06-19T08:06:06.000000Z-1"
129.37666666666667,36.05,299,"2026-07-13T23:24:20.000Z",0,1,"440004730-2026-06-19T08:06:06.000000Z-1"
129.37666666666667,36.05,299,"2026-07-14T01:42:18.000Z",0,1,"440004730-2026-06-19T08:06:06.000000Z-1"
129.37666666666667,36.05,299,"2026-07-14T03:24:20.000Z",0,1,"440004730-2026-06-19T08:06:06.000000Z-1"
129.37666666666667,36.05,299,"2026-07-14T05:33:18.000Z",0,1,"440004730-2026-06-19T08:06:06.000000Z-1"
129.37666666666667,36.05,299,"2026-07-14T06:45:21.000Z",0,1,"440004730-2026-06-19T08:06:06.000000Z-1"
129.37666666666667,36.05,299,"2026-07-14T09:00:16.000Z",0,1,"440004730-2026-06-19T08:06:06.000000Z-1"
129.37666666666667,36.05,299,"2026-07-14T11:00:19.000Z",0,1,"440004730-2026-06-19T08:06:06.000000Z-1"
129.37666666666667,36.05,299,"2026-07-14T12:18:17.000Z",0,1,"440004730-2026-06-19T08:06:06.000000Z-1"
129.37666666666667,36.05,299,"2026-07-14T14:24:20.000Z",0,1,"440004730-2026-06-19T08:06:06.000000Z-1"
129.37666666666667,36.05,299,"2026-07-14T15:57:18.000Z",0,1,"440004730-2026-06-19T08:06:06.000000Z-1"
129.37666666666667,36.05,299,"2026-07-14T18:12:17.000Z",0,1,"440004730-2026-06-19T08:06:06.000000Z-1"
129.37666666666667,36.05,299,"2026-07-14T20:33:16.000Z",0,1,"440004730-2026-06-19T08:06:06.000000Z-1"
129.37666666666667,36.05,299,"2026-07-14T21:48:18.000Z",0,1,"440004730-2026-06-19T08:06:06.000000Z-1"
129.37666666666667,36.05,299,"2026-07-14T23:09:25.000Z",0,1,"440004730-2026-06-19T08:06:06.000000Z-1"
129.37666666666667,36.05,299,"2026-07-15T02:15:18.000Z",0,1,"440004730-2026-06-19T08:06:06.000000Z-1"
129.37666666666667,36.05,299,"2026-07-15T04:33:17.000Z",0,1,"440004730-2026-06-19T08:06:06.000000Z-1"
129.37666666666667,36.05,299,"2026-07-15T06:15:16.000Z",0,1,"440004730-2026-06-19T08:06:06.000000Z-1"
129.37666666666667,36.05,299,"2026-07-15T08:33:18.000Z",0,1,"440004730-2026-06-19T08:06:06.000000Z-1"
129.37666666666667,36.05,299,"2026-07-15T10:54:19.000Z",0,1,"440004730-2026-06-19T08:06:06.000000Z-1"
129.37666666666667,36.05,299,"2026-07-15T13:03:19.000Z",0,1,"440004730-2026-06-19T08:06:06.000000Z-1"
129.37666666666667,36.05,299,"2026-07-15T14:39:22.000Z",0,1,"440004730-2026-06-19T08:06:06.000000Z-1"
129.37666666666667,36.05,299,"2026-07-15T17:03:17.000Z",0,1,"440004730-2026-06-19T08:06:06.000000Z-1"
129.37666666666667,36.05,299,"2026-07-15T19:06:27.000Z",0,1,"440004730-2026-06-19T08:06:06.000000Z-1"
129.37825833333332,36.05119666666667,299.29998779296875,"2026-07-15T20:38:22.000Z",0,1,"440004730-2026-06-19T08:06:06.000000Z-1"
129.37666666666667,36.05,299,"2026-07-15T22:39:19.000Z",0,1,"440004730-2026-06-19T08:06:06.000000Z-1"
129.37666666666667,36.05,299,"2026-07-16T00:03:22.000Z",0,1,"440004730-2026-06-19T08:06:06.000000Z-1"
129.865,36.45666666666666,44,"2026-07-16T01:54:24.000Z",43,-401,"440004730-2026-06-19T08:06:06.000000Z-1"
130.66001,37.230415,38.599998474121094,"2026-07-16T03:17:28.000Z",42.79999923706055,-2150,"440004730-2026-06-19T08:06:06.000000Z-1"
130.89731666666665,37.459666666666664,44.400001525878906,"2026-07-16T03:43:00.000Z",40.29999923706055,-62,"440004730-2026-06-19T08:06:06.000000Z-1"
130.90833333333333,37.48,98,"2026-07-16T04:51:24.000Z",0,41,"440004730-2026-06-19T08:06:06.000000Z-1"
130.67804666666666,37.25641666666667,219.39999389648438,"2026-07-16T05:43:02.000Z",40.79999923706055,-2209,"440004730-2026-06-19T08:06:06.000000Z-1"
130.66590333333335,37.24325666666667,215.5,"2026-07-16T05:45:02.000Z",41,-2174,"440004730-2026-06-19T08:06:06.000000Z-1"
130.01333333333332,36.6,218,"2026-07-16T06:57:20.000Z",41,-912,"440004730-2026-06-19T08:06:06.000000Z-1"
129.43232333333333,36.054425,248,"2026-07-16T08:00:04.000Z",43.5,-20,"440004730-2026-06-19T08:06:06.000000Z-1"
129.37666666666667,36.05,17,"2026-07-16T09:30:18.000Z",0,1,"440004730-2026-06-19T08:06:06.000000Z-1"
129.37666666666667,36.05,17,"2026-07-16T12:06:20.000Z",0,1,"440004730-2026-06-19T08:06:06.000000Z-1"
129.37666666666667,36.05,17,"2026-07-16T14:33:18.000Z",0,1,"440004730-2026-06-19T08:06:06.000000Z-1"
129.37666666666667,36.05,17,"2026-07-16T15:45:20.000Z",0,1,"440004730-2026-06-19T08:06:06.000000Z-1"
129.37666666666667,36.05,17,"2026-07-16T17:48:19.000Z",0,1,"440004730-2026-06-19T08:06:06.000000Z-1"
129.37666666666667,36.05,17,"2026-07-16T20:00:19.000Z",0,1,"440004730-2026-06-19T08:06:06.000000Z-1"
129.37826333333334,36.05121166666667,17.700000762939453,"2026-07-16T21:35:01.000Z",0,1,"440004730-2026-06-19T08:06:06.000000Z-1"
129.37827,36.05122,17.700000762939453,"2026-07-16T22:50:57.000Z",0,1,"440004730-2026-06-19T08:06:06.000000Z-1"
129.37666666666667,36.05,17,"2026-07-17T00:24:23.000Z",0,1,"440004730-2026-06-19T08:06:06.000000Z-1"
129.58438833333332,36.18561166666667,37.20000076293945,"2026-07-17T01:22:57.000Z",40.20000076293945,-72,"440004730-2026-06-19T08:06:06.000000Z-1"
129.68835,36.27534833333333,44.5,"2026-07-17T01:33:02.000Z",40.70000076293945,-196,"440004730-2026-06-19T08:06:06.000000Z-1"
130.434705,37.010911666666665,40,"2026-07-17T02:54:08.000Z",42.20000076293945,-2151,"440004730-2026-06-19T08:06:06.000000Z-1"
130.85027666666667,37.422295,47.900001525878906,"2026-07-17T03:39:38.000Z",40,-1006,"440004730-2026-06-19T08:06:06.000000Z-1"
130.89891833333334,37.46277333333333,38.400001525878906,"2026-07-17T03:44:43.000Z",40.70000076293945,-62,"440004730-2026-06-19T08:06:06.000000Z-1"
130.90965833333334,37.48110833333333,319.1000061035156,"2026-07-17T04:04:48.000Z",0,41,"440004730-2026-06-19T08:06:06.000000Z-1"
130.91144,37.479306666666666,130.8000030517578,"2026-07-17T05:15:53.000Z",7.599999904632568,41,"440004730-2026-06-19T08:06:06.000000Z-1"
130.84684666666666,37.41287166666667,222.60000610351562,"2026-07-17T05:26:03.000Z",43.20000076293945,-1263,"440004730-2026-06-19T08:06:06.000000Z-1"
130.800795,37.37087,218.8000030517578,"2026-07-17T05:30:29.000Z",42.5,-2101,"440004730-2026-06-19T08:06:06.000000Z-1"
130.12059333333335,36.69542166666667,216.89999389648438,"2026-07-17T06:44:38.000Z",41.70000076293945,-1868,"440004730-2026-06-19T08:06:06.000000Z-1"
130.02368333333334,36.59526833333334,224.10000610351562,"2026-07-17T06:55:33.000Z",41.70000076293945,-1002,"440004730-2026-06-19T08:06:06.000000Z-1"
129.99450333333334,36.572093333333335,225.5,"2026-07-17T06:58:23.000Z",42.099998474121094,-815,"440004730-2026-06-19T08:06:06.000000Z-1"
129.42404833333333,36.05350333333333,249.5,"2026-07-17T07:57:57.000Z",43.599998474121094,-17,"440004730-2026-06-19T08:06:06.000000Z-1"
129.37827166666668,36.051226666666665,177.5,"2026-07-17T09:03:14.000Z",0,1,"440004730-2026-06-19T08:06:06.000000Z-1"
129.37824666666666,36.051245,177.5,"2026-07-17T10:28:23.000Z",0,1,"440004730-2026-06-19T08:06:06.000000Z-1"
129.37825666666666,36.051225,177.5,"2026-07-17T11:53:31.000Z",0,1,"440004730-2026-06-19T08:06:06.000000Z-1"
129.378265,36.05122,177.5,"2026-07-17T13:03:38.000Z",0,1,"440004730-2026-06-19T08:06:06.000000Z-1"
129.378275,36.05121833333333,177.5,"2026-07-17T14:13:44.000Z",0,1,"440004730-2026-06-19T08:06:06.000000Z-1"
129.37825166666667,36.05121666666667,177.5,"2026-07-17T15:23:51.000Z",0,1,"440004730-2026-06-19T08:06:06.000000Z-1"
129.37827166666668,36.05123,177.5,"2026-07-17T16:41:15.000Z",0,1,"440004730-2026-06-19T08:06:06.000000Z-1"
129.37827833333333,36.051225,177.5,"2026-07-17T17:53:54.000Z",0,1,"440004730-2026-06-19T08:06:06.000000Z-1"
129.37826166666667,36.05121833333333,177.5,"2026-07-17T19:04:12.000Z",0,1,"440004730-2026-06-19T08:06:06.000000Z-1"
129.37826166666667,36.051205,177.5,"2026-07-17T20:14:19.000Z",0,1,"440004730-2026-06-19T08:06:06.000000Z-1"
129.378265,36.0512,177.5,"2026-07-17T21:30:34.000Z",0,1,"440004730-2026-06-19T08:06:06.000000Z-1"
129.37827166666668,36.05121333333334,177.5,"2026-07-17T22:42:05.000Z",0,1,"440004730-2026-06-19T08:06:06.000000Z-1"
129.378265,36.051235,177.5,"2026-07-17T23:54:41.000Z",0,1,"440004730-2026-06-19T08:06:06.000000Z-1"
129.37875166666666,36.049461666666666,309.3999938964844,"2026-07-18T00:50:55.000Z",0.699999988079071,1,"440004730-2026-06-19T08:06:06.000000Z-1"
129.38748,36.04498,75.80000305175781,"2026-07-18T00:54:57.000Z",17.5,-5,"440004730-2026-06-19T08:06:06.000000Z-1"
129.42622833333334,36.05509,62.900001525878906,"2026-07-18T01:01:02.000Z",24.899999618530273,-19,"440004730-2026-06-19T08:06:06.000000Z-1"
129.47025833333333,36.072343333333336,58.5,"2026-07-18T01:04:47.000Z",43.20000076293945,-25,"440004730-2026-06-19T08:06:06.000000Z-1"
129.48649833333334,36.081555,56.5,"2026-07-18T01:06:05.000Z",43.29999923706055,-26,"440004730-2026-06-19T08:06:06.000000Z-1"
129.52719333333334,36.12932,22.399999618530273,"2026-07-18T01:11:05.000Z",40,-45,"440004730-2026-06-19T08:06:06.000000Z-1"
129.56858166666666,36.16755666666667,34.29999923706055,"2026-07-18T01:15:45.000Z",42.70000076293945,-57,"440004730-2026-06-19T08:06:06.000000Z-1"
129.609845,36.214821666666666,26.799999237060547,"2026-07-18T01:20:59.000Z",42.900001525878906,-98,"440004730-2026-06-19T08:06:06.000000Z-1"
129.64509833333332,36.26546833333333,35.599998474121094,"2026-07-18T01:25:51.000Z",43,-190,"440004730-2026-06-19T08:06:06.000000Z-1"
129.67045166666668,36.29570666666667,36.900001525878906,"2026-07-18T01:28:55.000Z",42.599998474121094,-204,"440004730-2026-06-19T08:06:06.000000Z-1"
130.43666666666667,37.01,39,"2026-07-18T02:45:21.000Z",43,-2152,"440004730-2026-06-19T08:06:06.000000Z-1"
130.55166666666668,37.111666666666665,219,"2026-07-18T06:00:19.000Z",41,-2219,"440004730-2026-06-19T08:06:06.000000Z-1"
129.64505833333334,36.23058666666667,219.3000030517578,"2026-07-18T07:40:26.000Z",42.900001525878906,-144,"440004730-2026-06-19T08:06:06.000000Z-1"
129.50166166666668,36.09213833333333,220.3000030517578,"2026-07-18T07:55:27.000Z",42.900001525878906,-26,"440004730-2026-06-19T08:06:06.000000Z-1"
129.44127166666667,36.05952166666667,244.10000610351562,"2026-07-18T08:00:28.000Z",43.20000076293945,-21,"440004730-2026-06-19T08:06:06.000000Z-1"
129.3783,36.051195,325.70001220703125,"2026-07-18T08:10:28.000Z",0.6000000238418579,1,"440004730-2026-06-19T08:06:06.000000Z-1"
129.378255,36.051228333333334,309.29998779296875,"2026-07-18T09:25:36.000Z",0,1,"440004730-2026-06-19T08:06:06.000000Z-1"
129.37824833333335,36.051235,309.29998779296875,"2026-07-18T10:35:43.000Z",0,1,"440004730-2026-06-19T08:06:06.000000Z-1"
129.378245,36.051235,309.29998779296875,"2026-07-18T11:50:50.000Z",0,1,"440004730-2026-06-19T08:06:06.000000Z-1"
129.37825833333332,36.05122166666666,309.29998779296875,"2026-07-18T13:00:57.000Z",0,1,"440004730-2026-06-19T08:06:06.000000Z-1"
129.37828,36.05122333333333,309.29998779296875,"2026-07-18T14:11:03.000Z",0,1,"440004730-2026-06-19T08:06:06.000000Z-1"
129.37826166666667,36.051225,309.29998779296875,"2026-07-18T15:31:11.000Z",0,1,"440004730-2026-06-19T08:06:06.000000Z-1"
129.37825666666666,36.051226666666665,309.29998779296875,"2026-07-18T16:46:18.000Z",0,1,"440004730-2026-06-19T08:06:06.000000Z-1"
129.378265,36.05122,309.29998779296875,"2026-07-18T18:01:26.000Z",0,1,"440004730-2026-06-19T08:06:06.000000Z-1"
129.37825333333333,36.05121166666667,309.29998779296875,"2026-07-18T19:11:32.000Z",0,1,"440004730-2026-06-19T08:06:06.000000Z-1"
129.37825666666666,36.05120333333333,309.29998779296875,"2026-07-18T20:41:41.000Z",0,1,"440004730-2026-06-19T08:06:06.000000Z-1"
129.37825666666666,36.051233333333336,309.29998779296875,"2026-07-18T22:01:49.000Z",0,1,"440004730-2026-06-19T08:06:06.000000Z-1"
129.37827,36.051225,309.29998779296875,"2026-07-18T23:16:56.000Z",0,1,"440004730-2026-06-19T08:06:06.000000Z-1"
129.37825666666666,36.051231666666666,309.29998779296875,"2026-07-19T00:32:03.000Z",0,1,"440004730-2026-06-19T08:06:06.000000Z-1"
129.378625,36.04938666666666,201.3000030517578,"2026-07-19T00:52:05.000Z",3.200000047683716,1,"440004730-2026-06-19T08:06:06.000000Z-1"
129.49940666666666,36.095275,32.29999923706055,"2026-07-19T01:10:05.000Z",42.70000076293945,-26,"440004730-2026-06-19T08:06:06.000000Z-1"
129.51401166666668,36.11570666666667,28.700000762939453,"2026-07-19T01:12:07.000Z",42.20000076293945,-34,"440004730-2026-06-19T08:06:06.000000Z-1"
129.55849666666666,36.158928333333336,40.5,"2026-07-19T01:17:08.000Z",41.20000076293945,-49,"440004730-2026-06-19T08:06:06.000000Z-1"
129.60867666666667,36.20158,37.20000076293945,"2026-07-19T01:22:08.000Z",41.5,-92,"440004730-2026-06-19T08:06:06.000000Z-1"
130.32833333333335,36.89833333333333,37,"2026-07-19T02:36:23.000Z",43,-2115,"440004730-2026-06-19T08:06:06.000000Z-1"
130.25833333333333,36.836666666666666,219,"2026-07-19T06:36:20.000Z",40,-2227,"440004730-2026-06-19T08:06:06.000000Z-1"
129.622755,36.21377,219.10000610351562,"2026-07-19T07:47:46.000Z",42,-102,"440004730-2026-06-19T08:06:06.000000Z-1"
129.48821333333333,36.07717,241.3000030517578,"2026-07-19T08:02:47.000Z",42.400001525878906,-26,"440004730-2026-06-19T08:06:06.000000Z-1"
129.38288166666666,36.046165,316.70001220703125,"2026-07-19T08:12:48.000Z",7.900000095367432,1,"440004730-2026-06-19T08:06:06.000000Z-1"
129.37826333333334,36.051233333333336,132.3000030517578,"2026-07-19T09:22:55.000Z",0,1,"440004730-2026-06-19T08:06:06.000000Z-1"
129.37825666666666,36.05122166666666,132.3000030517578,"2026-07-19T10:33:02.000Z",0,1,"440004730-2026-06-19T08:06:06.000000Z-1"
129.378245,36.051215,132.3000030517578,"2026-07-19T11:43:09.000Z",0,1,"440004730-2026-06-19T08:06:06.000000Z-1"
129.37827666666666,36.05123833333333,132.3000030517578,"2026-07-19T12:53:15.000Z",0,1,"440004730-2026-06-19T08:06:06.000000Z-1"
129.37827666666666,36.05121833333333,132.3000030517578,"2026-07-19T14:13:23.000Z",0,1,"440004730-2026-06-19T08:06:06.000000Z-1"
129.37827666666666,36.051215,132.3000030517578,"2026-07-19T15:23:30.000Z",0,1,"440004730-2026-06-19T08:06:06.000000Z-1"
129.37826833333332,36.05123833333333,132.3000030517578,"2026-07-19T16:38:37.000Z",0,1,"440004730-2026-06-19T08:06:06.000000Z-1"
129.37827166666668,36.051225,132.3000030517578,"2026-07-19T17:48:44.000Z",0,1,"440004730-2026-06-19T08:06:06.000000Z-1"
129.37826,36.05121,132.3000030517578,"2026-07-19T19:03:51.000Z",0,1,"440004730-2026-06-19T08:06:06.000000Z-1"
129.37826166666667,36.05121666666667,132.3000030517578,"2026-07-19T20:13:58.000Z",0,1,"440004730-2026-06-19T08:06:06.000000Z-1"
129.378255,36.051206666666666,132.3000030517578,"2026-07-19T21:24:05.000Z",0,1,"440004730-2026-06-19T08:06:06.000000Z-1"
129.378255,36.051208333333335,132.3000030517578,"2026-07-19T23:04:14.000Z",0,1,"440004730-2026-06-19T08:06:06.000000Z-1"
129.37826,36.05124,132.3000030517578,"2026-07-20T00:14:21.000Z",0,1,"440004730-2026-06-19T08:06:06.000000Z-1"
129.41381333333334,36.04718833333333,71.5999984741211,"2026-07-20T01:00:35.000Z",20.600000381469727,-14,"440004730-2026-06-19T08:06:06.000000Z-1"
129.50804833333333,36.08781333333334,29.100000381469727,"2026-07-20T01:09:27.000Z",42.20000076293945,-28,"440004730-2026-06-19T08:06:06.000000Z-1"
129.51800333333333,36.106995,19.200000762939453,"2026-07-20T01:11:56.000Z",42.20000076293945,-32,"440004730-2026-06-19T08:06:06.000000Z-1"
129.52965833333334,36.143985,13,"2026-07-20T01:14:27.000Z",41.70000076293945,-49,"440004730-2026-06-19T08:06:06.000000Z-1"
129.80166666666668,36.39,217,"2026-07-20T07:27:19.000Z",38,-248,"440004730-2026-06-19T08:06:06.000000Z-1"
129.47760333333332,36.06807666666667,239.3000030517578,"2026-07-20T08:05:07.000Z",37.5,-26,"440004730-2026-06-19T08:06:06.000000Z-1"
129.421875,36.05235,254.6999969482422,"2026-07-20T08:09:28.000Z",38.79999923706055,-17,"440004730-2026-06-19T08:06:06.000000Z-1"
129.38096666666667,36.048015,322.20001220703125,"2026-07-20T08:15:08.000Z",6.5,1,"440004730-2026-06-19T08:06:06.000000Z-1"
129.37826,36.05123666666667,308.20001220703125,"2026-07-20T09:40:16.000Z",0,1,"440004730-2026-06-19T08:06:06.000000Z-1"
129.37824333333333,36.051233333333336,308.20001220703125,"2026-07-20T11:00:24.000Z",0,1,"440004730-2026-06-19T08:06:06.000000Z-1"
129.37826,36.051226666666665,308.20001220703125,"2026-07-20T12:10:31.000Z",0,1,"440004730-2026-06-19T08:06:06.000000Z-1"
129.37827,36.05123,308.20001220703125,"2026-07-20T13:25:38.000Z",0,1,"440004730-2026-06-19T08:06:06.000000Z-1"
129.37826333333334,36.051215,308.20001220703125,"2026-07-20T14:35:45.000Z",0,1,"440004730-2026-06-19T08:06:06.000000Z-1"
129.37826166666667,36.05122333333333,308.20001220703125,"2026-07-20T15:45:51.000Z",0,1,"440004730-2026-06-19T08:06:06.000000Z-1"
129.37826833333332,36.051246666666664,308.20001220703125,"2026-07-20T16:55:58.000Z",0,1,"440004730-2026-06-19T08:06:06.000000Z-1"
129.37826166666667,36.05121166666667,308.20001220703125,"2026-07-20T18:11:06.000Z",0,1,"440004730-2026-06-19T08:06:06.000000Z-1"
129.37824666666666,36.05122166666666,308.20001220703125,"2026-07-20T19:26:13.000Z",0,1,"440004730-2026-06-19T08:06:06.000000Z-1"
129.37825,36.051231666666666,308.20001220703125,"2026-07-20T20:46:21.000Z",0,1,"440004730-2026-06-19T08:06:06.000000Z-1"
129.37826,36.051248333333334,308.20001220703125,"2026-07-20T22:01:00.000Z",0,1,"440004730-2026-06-19T08:06:06.000000Z-1"
129.37827333333334,36.05123,308.20001220703125,"2026-07-20T23:11:35.000Z",0,1,"440004730-2026-06-19T08:06:06.000000Z-1"
129.37826,36.051231666666666,308.20001220703125,"2026-07-21T00:21:41.000Z",0,1,"440004730-2026-06-19T08:06:06.000000Z-1"
129.37899666666667,36.0502,136.3000030517578,"2026-07-21T00:51:44.000Z",4.900000095367432,1,"440004730-2026-06-19T08:06:06.000000Z-1"
129.41632,36.054075,64.4000015258789,"2026-07-21T01:00:22.000Z",20.799999237060547,-17,"440004730-2026-06-19T08:06:06.000000Z-1"
129.474455,36.072183333333335,54.5,"2026-07-21T01:05:44.000Z",42.29999923706055,-25,"440004730-2026-06-19T08:06:06.000000Z-1"
129.52153833333332,36.108311666666665,49.20000076293945,"2026-07-21T01:10:10.000Z",43.099998474121094,-32,"440004730-2026-06-19T08:06:06.000000Z-1"
129.53184333333334,36.11780666666667,37.400001525878906,"2026-07-21T01:11:18.000Z",42.20000076293945,-39,"440004730-2026-06-19T08:06:06.000000Z-1"
129.55309333333332,36.146565,24.5,"2026-07-21T01:16:18.000Z",42.20000076293945,-51,"440004730-2026-06-19T08:06:06.000000Z-1"
129.573065,36.19943166666667,28,"2026-07-21T01:18:46.000Z",42.5,-73,"440004730-2026-06-19T08:06:06.000000Z-1"
129.95552333333333,36.546731666666666,35.900001525878906,"2026-07-21T01:56:04.000Z",45,-602,"440004730-2026-06-19T08:06:06.000000Z-1"
129.96505,36.557226666666665,37.099998474121094,"2026-07-21T01:57:06.000Z",45.099998474121094,-656,"440004730-2026-06-19T08:06:06.000000Z-1"
130.13,36.723333333333336,221,"2026-07-21T06:45:22.000Z",38,-2026,"440004730-2026-06-19T08:06:06.000000Z-1"
129.62333333333333,36.22,222,"2026-07-21T07:45:24.000Z",39,-110,"440004730-2026-06-19T08:06:06.000000Z-1"
129.61018333333334,36.20860666666667,221,"2026-07-21T07:47:25.000Z",39.70000076293945,-98,"440004730-2026-06-19T08:06:06.000000Z-1"
129.51972333333333,36.11523666666667,220,"2026-07-21T07:57:26.000Z",41.20000076293945,-36,"440004730-2026-06-19T08:06:06.000000Z-1"
129.47055,36.07344333333333,244.60000610351562,"2026-07-21T08:02:26.000Z",42.5,-25,"440004730-2026-06-19T08:06:06.000000Z-1"
129.40408166666666,36.048838333333336,245.60000610351562,"2026-07-21T08:07:26.000Z",42.400001525878906,-10,"440004730-2026-06-19T08:06:06.000000Z-1"
129.378295,36.05122166666666,283.8999938964844,"2026-07-21T08:14:34.000Z",0.5,1,"440004730-2026-06-19T08:06:06.000000Z-1"
129.37827,36.05121666666667,240.3000030517578,"2026-07-21T09:26:13.000Z",0,1,"440004730-2026-06-19T08:06:06.000000Z-1"
129.378255,36.05122,240.3000030517578,"2026-07-21T10:42:42.000Z",0,1,"440004730-2026-06-19T08:06:06.000000Z-1"
129.37826333333334,36.051231666666666,240.3000030517578,"2026-07-21T12:02:49.000Z",0,1,"440004730-2026-06-19T08:06:06.000000Z-1"
129.378275,36.05123666666667,240.3000030517578,"2026-07-21T13:12:56.000Z",0,1,"440004730-2026-06-19T08:06:06.000000Z-1"
129.37826,36.05121833333333,240.3000030517578,"2026-07-21T14:23:03.000Z",0,1,"440004730-2026-06-19T08:06:06.000000Z-1"
129.37826833333332,36.05122166666666,240.3000030517578,"2026-07-21T15:33:10.000Z",0,1,"440004730-2026-06-19T08:06:06.000000Z-1"
129.37827,36.051235,240.3000030517578,"2026-07-21T16:43:16.000Z",0,1,"440004730-2026-06-19T08:06:06.000000Z-1"
129.37827333333334,36.051208333333335,240.3000030517578,"2026-07-21T17:53:23.000Z",0,1,"440004730-2026-06-19T08:06:06.000000Z-1"
129.37825,36.05121833333333,240.3000030517578,"2026-07-21T19:03:30.000Z",0,1,"440004730-2026-06-19T08:06:06.000000Z-1"
129.378255,36.05121666666667,240.3000030517578,"2026-07-21T20:13:37.000Z",0,1,"440004730-2026-06-19T08:06:06.000000Z-1"
129.37826166666667,36.051225,240.3000030517578,"2026-07-21T21:38:45.000Z",0,1,"440004730-2026-06-19T08:06:06.000000Z-1"
129.378265,36.051231666666666,240.3000030517578,"2026-07-21T23:03:53.000Z",0,1,"440004730-2026-06-19T08:06:06.000000Z-1"
129.37826,36.051233333333336,240.3000030517578,"2026-07-22T00:14:00.000Z",0,1,"440004730-2026-06-19T08:06:06.000000Z-1"
129.38037666666668,36.048746666666666,139,"2026-07-22T00:49:03.000Z",11.800000190734863,1,"440004730-2026-06-19T08:06:06.000000Z-1"
129.38693666666666,36.044695,85.4000015258789,"2026-07-22T00:50:56.000Z",16.799999237060547,-5,"440004730-2026-06-19T08:06:06.000000Z-1"
129.41337166666668,36.05108333333333,71.4000015258789,"2026-07-22T00:55:16.000Z",20.799999237060547,-14,"440004730-2026-06-19T08:06:06.000000Z-1"
129.47409166666668,36.071585,60.599998474121094,"2026-07-22T01:01:02.000Z",41.900001525878906,-25,"440004730-2026-06-19T08:06:06.000000Z-1"
129.51265,36.088363333333334,31.200000762939453,"2026-07-22T01:04:05.000Z",42.20000076293945,-28,"440004730-2026-06-19T08:06:06.000000Z-1"
129.519045,36.111106666666664,16.100000381469727,"2026-07-22T01:06:02.000Z",43.099998474121094,-32,"440004730-2026-06-19T08:06:06.000000Z-1"
129.53526,36.144545,40.20000076293945,"2026-07-22T01:09:05.000Z",42.20000076293945,-52,"440004730-2026-06-19T08:06:06.000000Z-1"
129.55092166666665,36.15264333333333,55.79999923706055,"2026-07-22T01:10:22.000Z",42.099998474121094,-51,"440004730-2026-06-19T08:06:06.000000Z-1"
130.42166666666665,36.99666666666667,40,"2026-07-22T02:39:26.000Z",44,-2139,"440004730-2026-06-19T08:06:06.000000Z-1"
130.33305,36.917735,223.10000610351562,"2026-07-22T06:20:19.000Z",39.70000076293945,-2123,"440004730-2026-06-19T08:06:06.000000Z-1"
129.99957,36.58444166666666,221.3000030517578,"2026-07-22T06:58:53.000Z",39.599998474121094,-903,"440004730-2026-06-19T08:06:06.000000Z-1"
129.868575,36.470841666666665,215.3000030517578,"2026-07-22T07:13:02.000Z",39.29999923706055,-398,"440004730-2026-06-19T08:06:06.000000Z-1"
129.78505666666666,36.38519333333333,218.39999389648438,"2026-07-22T07:23:03.000Z",39,-219,"440004730-2026-06-19T08:06:06.000000Z-1"
129.74442166666665,36.338235,216.6999969482422,"2026-07-22T07:28:18.000Z",39.20000076293945,-248,"440004730-2026-06-19T08:06:06.000000Z-1"
129.646705,36.239331666666665,222.5,"2026-07-22T07:39:44.000Z",41,-155,"440004730-2026-06-19T08:06:06.000000Z-1"
129.63332333333332,36.22918,222.10000610351562,"2026-07-22T07:41:02.000Z",40.79999923706055,-127,"440004730-2026-06-19T08:06:06.000000Z-1"
129.51293333333334,36.10932666666667,221.39999389648438,"2026-07-22T07:54:31.000Z",42,-29,"440004730-2026-06-19T08:06:06.000000Z-1"
129.46467,36.069601666666664,244.6999969482422,"2026-07-22T07:59:16.000Z",43.20000076293945,-23,"440004730-2026-06-19T08:06:06.000000Z-1"
129.39165166666666,36.04530333333334,250.10000610351562,"2026-07-22T08:04:46.000Z",27.100000381469727,-8,"440004730-2026-06-19T08:06:06.000000Z-1"
129.379695,36.04989333333333,340.1000061035156,"2026-07-22T08:09:39.000Z",5.699999809265137,1,"440004730-2026-06-19T08:06:06.000000Z-1"
129.37825666666666,36.05124,295,"2026-07-22T09:19:53.000Z",0,1,"440004730-2026-06-19T08:06:06.000000Z-1"
129.37825333333333,36.051231666666666,295,"2026-07-22T10:40:01.000Z",0,1,"440004730-2026-06-19T08:06:06.000000Z-1"
129.37825333333333,36.05124,295,"2026-07-22T11:55:08.000Z",0,1,"440004730-2026-06-19T08:06:06.000000Z-1"
129.37826333333334,36.051235,295,"2026-07-22T13:10:15.000Z",0,1,"440004730-2026-06-19T08:06:06.000000Z-1"
129.378275,36.05122,295,"2026-07-22T14:25:22.000Z",0,1,"440004730-2026-06-19T08:06:06.000000Z-1"
129.37825666666666,36.051226666666665,295,"2026-07-22T15:35:29.000Z",0,1,"440004730-2026-06-19T08:06:06.000000Z-1"
129.378235,36.051246666666664,295,"2026-07-22T16:55:37.000Z",0,1,"440004730-2026-06-19T08:06:06.000000Z-1"
129.37824166666667,36.051235,295,"2026-07-22T18:05:44.000Z",0,1,"440004730-2026-06-19T08:06:06.000000Z-1"
129.37825333333333,36.051233333333336,295,"2026-07-22T19:20:51.000Z",0,1,"440004730-2026-06-19T08:06:06.000000Z-1"
129.37825833333332,36.05122,295,"2026-07-22T20:35:58.000Z",0,1,"440004730-2026-06-19T08:06:06.000000Z-1"
129.37824666666666,36.051248333333334,295,"2026-07-22T21:46:05.000Z",0,1,"440004730-2026-06-19T08:06:06.000000Z-1"
129.37826,36.05121666666667,295,"2026-07-22T22:56:12.000Z",0,1,"440004730-2026-06-19T08:06:06.000000Z-1"
129.37826833333332,36.05121833333333,295,"2026-07-23T00:06:19.000Z",0,1,"440004730-2026-06-19T08:06:06.000000Z-1"
129.37828833333333,36.05053,298.3999938964844,"2026-07-23T00:52:41.000Z",1.2000000476837158,1,"440004730-2026-06-19T08:06:06.000000Z-1"
129.38300666666666,36.04613333333333,146.8000030517578,"2026-07-23T00:56:23.000Z",7.5,1,"440004730-2026-06-19T08:06:06.000000Z-1"
129.40475333333333,36.04868,68,"2026-07-23T01:01:04.000Z",19.200000762939453,-10,"440004730-2026-06-19T08:06:06.000000Z-1"
129.44246,36.060723333333335,70.0999984741211,"2026-07-23T01:06:24.000Z",28.700000762939453,-21,"440004730-2026-06-19T08:06:06.000000Z-1"
129.489085,36.079793333333335,47.099998474121094,"2026-07-23T01:10:10.000Z",43.29999923706055,-26,"440004730-2026-06-19T08:06:06.000000Z-1"
130.17012,36.75184,40.79999923706055,"2026-07-23T02:20:12.000Z",44.5,-2215,"440004730-2026-06-19T08:06:06.000000Z-1"
130.55648333333335,37.128051666666664,39.099998474121094,"2026-07-23T02:59:28.000Z",44.599998474121094,-2214,"440004730-2026-06-19T08:06:06.000000Z-1"
130.49,37.068333333333335,219,"2026-07-23T06:06:30.000Z",39,-2176,"440004730-2026-06-19T08:06:06.000000Z-1"
129.86666666666667,36.455,219,"2026-07-23T07:18:24.000Z",38,-405,"440004730-2026-06-19T08:06:06.000000Z-1"
129.51706666666666,36.12031666666667,219.10000610351562,"2026-07-23T07:57:04.000Z",45.20000076293945,-36,"440004730-2026-06-19T08:06:06.000000Z-1"
129.47378333333333,36.08537166666667,227.1999969482422,"2026-07-23T08:00:56.000Z",46.29999923706055,-22,"440004730-2026-06-19T08:06:06.000000Z-1"
129.45953833333334,36.07647333333333,233.10000610351562,"2026-07-23T08:02:05.000Z",46.20000076293945,-23,"440004730-2026-06-19T08:06:06.000000Z-1"
129.44013333333334,36.06602,239.39999389648438,"2026-07-23T08:03:32.000Z",46.400001525878906,-20,"440004730-2026-06-19T08:06:06.000000Z-1"
129.39112,36.045278333333336,251.10000610351562,"2026-07-23T08:07:05.000Z",36.20000076293945,-8,"440004730-2026-06-19T08:06:06.000000Z-1"
129.37855833333333,36.051065,307,"2026-07-23T08:11:04.000Z",2.799999952316284,1,"440004730-2026-06-19T08:06:06.000000Z-1"
129.378255,36.051228333333334,293.20001220703125,"2026-07-23T09:22:13.000Z",0,1,"440004730-2026-06-19T08:06:06.000000Z-1"
129.37826,36.051245,293.20001220703125,"2026-07-23T10:32:19.000Z",0,1,"440004730-2026-06-19T08:06:06.000000Z-1"
129.37825333333333,36.05122166666666,293.20001220703125,"2026-07-23T11:42:26.000Z",0,1,"440004730-2026-06-19T08:06:06.000000Z-1"
129.37826166666667,36.05119333333333,293.20001220703125,"2026-07-23T12:56:33.000Z",0,1,"440004730-2026-06-19T08:06:06.000000Z-1"
129.37825666666666,36.05122166666666,293.20001220703125,"2026-07-23T14:12:41.000Z",0,1,"440004730-2026-06-19T08:06:06.000000Z-1"
129.37827666666666,36.05121,293.20001220703125,"2026-07-23T15:27:48.000Z",0,1,"440004730-2026-06-19T08:06:06.000000Z-1"
129.37666666666667,36.05,293,"2026-07-23T18:00:22.000Z",0,1,"440004730-2026-06-19T08:06:06.000000Z-1"
129.37666666666667,36.05,293,"2026-07-23T19:12:21.000Z",0,1,"440004730-2026-06-19T08:06:06.000000Z-1"
129.37666666666667,36.05,293,"2026-07-23T22:27:23.000Z",0,1,"440004730-2026-06-19T08:06:06.000000Z-1"
129.37666666666667,36.05,293,"2026-07-24T00:06:28.000Z",0,1,"440004730-2026-06-19T08:06:06.000000Z-1"
129.47104666666667,36.069575,59.29999923706055,"2026-07-24T01:05:26.000Z",42.099998474121094,-25,"440004730-2026-06-19T08:06:06.000000Z-1"
130.085,36.66833333333334,39,"2026-07-24T02:09:23.000Z",43,-1574,"440004730-2026-06-19T08:06:06.000000Z-1"
130.105,36.68,219,"2026-07-24T06:48:23.000Z",40,-1665,"440004730-2026-06-19T08:06:06.000000Z-1"
129.71378833333333,36.30605,219.3000030517578,"2026-07-24T07:32:34.000Z",39.5,-202,"440004730-2026-06-19T08:06:06.000000Z-1"
129.70385333333334,36.293771666666665,219.89999389648438,"2026-07-24T07:33:46.000Z",39.599998474121094,-183,"440004730-2026-06-19T08:06:06.000000Z-1"
129.68228166666665,36.27520833333333,221.89999389648438,"2026-07-24T07:36:04.000Z",39.70000076293945,-211,"440004730-2026-06-19T08:06:06.000000Z-1"
129.50553833333333,36.10090833333334,221.5,"2026-07-24T07:55:58.000Z",42.5,-27,"440004730-2026-06-19T08:06:06.000000Z-1"
129.48717,36.08779,232.89999389648438,"2026-07-24T07:57:33.000Z",43,-25,"440004730-2026-06-19T08:06:06.000000Z-1"
129.47403833333334,36.079876666666664,234.1999969482422,"2026-07-24T07:58:44.000Z",43.29999923706055,-24,"440004730-2026-06-19T08:06:06.000000Z-1"
129.37828333333334,36.051233333333336,327.6000061035156,"2026-07-24T08:12:10.000Z",0,1,"440004730-2026-06-19T08:06:06.000000Z-1"
129.37826666666666,36.05121833333333,304.6000061035156,"2026-07-24T09:35:52.000Z",0,1,"440004730-2026-06-19T08:06:06.000000Z-1"
129.37666666666667,36.05,304,"2026-07-24T12:06:25.000Z",0,1,"440004730-2026-06-19T08:06:06.000000Z-1"
129.37666666666667,36.05,304,"2026-07-24T14:03:28.000Z",0,1,"440004730-2026-06-19T08:06:06.000000Z-1"
129.37666666666667,36.05,304,"2026-07-24T16:21:28.000Z",0,1,"440004730-2026-06-19T08:06:06.000000Z-1"
129.37666666666667,36.05,304,"2026-07-24T18:33:25.000Z",0,1,"440004730-2026-06-19T08:06:06.000000Z-1"
129.378265,36.05122166666666,304.6000061035156,"2026-07-24T19:56:55.000Z",0,1,"440004730-2026-06-19T08:06:06.000000Z-1"
129.37666666666667,36.05,304,"2026-07-24T22:09:27.000Z",0,1,"440004730-2026-06-19T08:06:06.000000Z-1"
129.37666666666667,36.05,304,"2026-07-24T23:30:23.000Z",0,1,"440004730-2026-06-19T08:06:06.000000Z-1"
129.37826333333334,36.051225,304.6000061035156,"2026-07-25T00:50:56.000Z",0,1,"440004730-2026-06-19T08:06:06.000000Z-1"
129.899745,36.47583,39,"2026-07-25T01:52:57.000Z",44,-478,"440004730-2026-06-19T08:06:06.000000Z-1"
129.94113166666668,36.51790833333333,40.70000076293945,"2026-07-25T01:57:19.000Z",43.900001525878906,-588,"440004730-2026-06-19T08:06:06.000000Z-1"
130.47393833333334,37.048865,39.70000076293945,"2026-07-25T02:53:23.000Z",43.5,-2171,"440004730-2026-06-19T08:06:06.000000Z-1"
130.48324833333334,37.05934666666667,31.200000762939453,"2026-07-25T02:54:27.000Z",43.099998474121094,-2176,"440004730-2026-06-19T08:06:06.000000Z-1"
130.87560833333333,37.439733333333336,40.400001525878906,"2026-07-25T03:34:35.000Z",44,-148,"440004730-2026-06-19T08:06:06.000000Z-1"
130.91131333333334,37.478858333333335,348.79998779296875,"2026-07-25T03:39:45.000Z",7.400000095367432,41,"440004730-2026-06-19T08:06:06.000000Z-1"
130.90968,37.48110833333333,356.29998779296875,"2026-07-25T04:58:53.000Z",0,41,"440004730-2026-06-19T08:06:06.000000Z-1"
130.90987833333332,37.48081333333333,144.6999969482422,"2026-07-25T05:13:08.000Z",3.9000000953674316,41,"440004730-2026-06-19T08:06:06.000000Z-1"
130.91230666666667,37.47922166666667,103.9000015258789,"2026-07-25T05:14:27.000Z",6.099999904632568,41,"440004730-2026-06-19T08:06:06.000000Z-1"
130.90839666666668,37.473825,214.3000030517578,"2026-07-25T05:16:10.000Z",22.700000762939453,-16,"440004730-2026-06-19T08:06:06.000000Z-1"
130.904155,37.468765,217.6999969482422,"2026-07-25T05:17:00.000Z",28.899999618530273,-5,"440004730-2026-06-19T08:06:06.000000Z-1"
130.88818166666667,37.450085,216.39999389648438,"2026-07-25T05:19:16.000Z",38.5,-53,"440004730-2026-06-19T08:06:06.000000Z-1"
130.02663,36.60820666666667,220,"2026-07-25T06:54:08.000Z",40.599998474121094,-1084,"440004730-2026-06-19T08:06:06.000000Z-1"
129.79603166666666,36.38634,223.8000030517578,"2026-07-25T07:19:46.000Z",40.599998474121094,-248,"440004730-2026-06-19T08:06:06.000000Z-1"
129.787865,36.37933833333334,221.39999389648438,"2026-07-25T07:20:38.000Z",40.5,-247,"440004730-2026-06-19T08:06:06.000000Z-1"
129.77783,36.369675,218.60000610351562,"2026-07-25T07:21:44.000Z",40.5,-260,"440004730-2026-06-19T08:06:06.000000Z-1"
129.56845833333333,36.1591,214.8000030517578,"2026-07-25T07:45:44.000Z",41.599998474121094,-58,"440004730-2026-06-19T08:06:06.000000Z-1"
129.555515,36.14447833333333,219,"2026-07-25T07:47:18.000Z",41.79999923706055,-49,"440004730-2026-06-19T08:06:06.000000Z-1"
129.37826666666666,36.05121666666667,295,"2026-07-25T08:19:25.000Z",0,1,"440004730-2026-06-19T08:06:06.000000Z-1"
129.37825333333333,36.051235,295,"2026-07-25T09:39:47.000Z",0,1,"440004730-2026-06-19T08:06:06.000000Z-1"
129.37826333333334,36.05122333333333,295,"2026-07-25T11:03:47.000Z",0,1,"440004730-2026-06-19T08:06:06.000000Z-1"
129.37666666666667,36.05,295,"2026-07-25T13:12:26.000Z",0,1,"440004730-2026-06-19T08:06:06.000000Z-1"
129.37666666666667,36.05,295,"2026-07-25T15:18:26.000Z",0,1,"440004730-2026-06-19T08:06:06.000000Z-1"
129.37666666666667,36.05,295,"2026-07-25T17:24:26.000Z",0,1,"440004730-2026-06-19T08:06:06.000000Z-1"
129.37666666666667,36.05,295,"2026-07-25T19:36:24.000Z",0,1,"440004730-2026-06-19T08:06:06.000000Z-1"
129.37666666666667,36.05,295,"2026-07-25T21:51:27.000Z",0,1,"440004730-2026-06-19T08:06:06.000000Z-1"
129.37666666666667,36.05,295,"2026-07-25T23:03:24.000Z",0,1,"440004730-2026-06-19T08:06:06.000000Z-1"
129.425,36.05166666666667,73,"2026-07-26T01:00:24.000Z",33,-20,"440004730-2026-06-19T08:06:06.000000Z-1"
129.37835166666667,36.051195,304.70001220703125,"2026-07-26T08:18:25.000Z",1.100000023841858,1,"440004730-2026-06-19T08:06:06.000000Z-1"
129.37826833333332,36.05123666666667,280.3999938964844,"2026-07-26T09:33:37.000Z",0,1,"440004730-2026-06-19T08:06:06.000000Z-1"
129.37666666666667,36.05,280,"2026-07-26T11:45:28.000Z",0,1,"440004730-2026-06-19T08:06:06.000000Z-1"
129.378255,36.05122,280.3999938964844,"2026-07-26T13:29:13.000Z",0,1,"440004730-2026-06-19T08:06:06.000000Z-1"
129.37666666666667,36.05,280,"2026-07-26T14:57:23.000Z",0,1,"440004730-2026-06-19T08:06:06.000000Z-1"
129.37826166666667,36.051251666666666,280.3999938964844,"2026-07-26T16:09:38.000Z",0,1,"440004730-2026-06-19T08:06:06.000000Z-1"
129.37666666666667,36.05,280,"2026-07-26T18:06:26.000Z",0,1,"440004730-2026-06-19T08:06:06.000000Z-1"
129.37666666666667,36.05,280,"2026-07-26T20:27:23.000Z",0,1,"440004730-2026-06-19T08:06:06.000000Z-1"
129.37825333333333,36.05123,280.3999938964844,"2026-07-26T21:45:31.000Z",0,1,"440004730-2026-06-19T08:06:06.000000Z-1"
129.37666666666667,36.05,280,"2026-07-26T23:18:23.000Z",0,1,"440004730-2026-06-19T08:06:06.000000Z-1"
129.49166666666667,36.07333333333333,61,"2026-07-27T01:03:24.000Z",41,-26,"440004730-2026-06-19T08:06:06.000000Z-1"
129.50319333333334,36.081311666666664,51.599998474121094,"2026-07-27T01:04:15.000Z",41.79999923706055,-27,"440004730-2026-06-19T08:06:06.000000Z-1"
129.662115,36.25458666666667,40,"2026-07-27T01:23:01.000Z",41.70000076293945,-175,"440004730-2026-06-19T08:06:06.000000Z-1"
129.7796,36.373956666666665,42.20000076293945,"2026-07-27T01:35:56.000Z",42.599998474121094,-260,"440004730-2026-06-19T08:06:06.000000Z-1"
129.81321666666668,36.40640833333333,44.400001525878906,"2026-07-27T01:39:27.000Z",42.599998474121094,-228,"440004730-2026-06-19T08:06:06.000000Z-1"
129.82197333333335,36.41363166666667,47,"2026-07-27T01:40:17.000Z",42.599998474121094,-268,"440004730-2026-06-19T08:06:06.000000Z-1"
129.83169666666666,36.423575,39.599998474121094,"2026-07-27T01:41:21.000Z",42.599998474121094,-296,"440004730-2026-06-19T08:06:06.000000Z-1"
129.84897666666666,36.43906333333333,39.70000076293945,"2026-07-27T01:43:08.000Z",42.70000076293945,-355,"440004730-2026-06-19T08:06:06.000000Z-1"
129.86598333333333,36.456565,42.20000076293945,"2026-07-27T01:44:57.000Z",42.900001525878906,-401,"440004730-2026-06-19T08:06:06.000000Z-1"
129.93632833333334,36.52208,40.29999923706055,"2026-07-27T01:52:11.000Z",42.79999923706055,-588,"440004730-2026-06-19T08:06:06.000000Z-1"
130.81,37.37833333333333,38,"2026-07-27T03:24:23.000Z",44,-2009,"440004730-2026-06-19T08:06:06.000000Z-1"
130.81,37.37833333333333,220,"2026-07-27T05:30:27.000Z",40,-2009,"440004730-2026-06-19T08:06:06.000000Z-1"
130.17779,36.76634166666667,220.89999389648438,"2026-07-27T06:40:45.000Z",40.79999923706055,-2240,"440004730-2026-06-19T08:06:06.000000Z-1"
130.00211166666668,36.594928333333336,215.1999969482422,"2026-07-27T07:00:17.000Z",40.400001525878906,-860,"440004730-2026-06-19T08:06:06.000000Z-1"
129.93803166666666,36.521951666666666,216,"2026-07-27T07:08:13.000Z",40.29999923706055,-588,"440004730-2026-06-19T08:06:06.000000Z-1"
129.79068166666667,36.38389166666666,217.60000610351562,"2026-07-27T07:24:30.000Z",39.099998474121094,-247,"440004730-2026-06-19T08:06:06.000000Z-1"
129.76147333333333,36.350096666666666,211.89999389648438,"2026-07-27T07:28:19.000Z",39.29999923706055,-292,"440004730-2026-06-19T08:06:06.000000Z-1"
129.75491833333334,36.34085833333334,211.89999389648438,"2026-07-27T07:29:17.000Z",39.5,-284,"440004730-2026-06-19T08:06:06.000000Z-1"
129.73066666666668,36.317035,223,"2026-07-27T07:32:04.000Z",39.29999923706055,-259,"440004730-2026-06-19T08:06:06.000000Z-1"
129.66129,36.256658333333334,213.89999389648438,"2026-07-27T07:39:32.000Z",39.900001525878906,-188,"440004730-2026-06-19T08:06:06.000000Z-1"
129.63846666666666,36.23407666666667,212.10000610351562,"2026-07-27T07:42:05.000Z",39.5,-135,"440004730-2026-06-19T08:06:06.000000Z-1"
129.62081,36.21314666666667,216.60000610351562,"2026-07-27T07:44:33.000Z",41.400001525878906,-102,"440004730-2026-06-19T08:06:06.000000Z-1"
129.596325,36.18866666666667,224.3000030517578,"2026-07-27T07:47:06.000Z",41.29999923706055,-79,"440004730-2026-06-19T08:06:06.000000Z-1"
129.57436166666668,36.171083333333335,222.1999969482422,"2026-07-27T07:49:34.000Z",40.900001525878906,-57,"440004730-2026-06-19T08:06:06.000000Z-1"
129.550905,36.14449833333333,214.1999969482422,"2026-07-27T07:52:07.000Z",41.20000076293945,-53,"440004730-2026-06-19T08:06:06.000000Z-1"
129.50803666666667,36.102595,219.3000030517578,"2026-07-27T07:57:08.000Z",41.79999923706055,-27,"440004730-2026-06-19T08:06:06.000000Z-1"
129.48660333333333,36.077243333333335,216.89999389648438,"2026-07-27T07:59:35.000Z",41.900001525878906,-26,"440004730-2026-06-19T08:06:06.000000Z-1"
129.38131166666668,36.047655,320.70001220703125,"2026-07-27T08:09:37.000Z",7.800000190734863,1,"440004730-2026-06-19T08:06:06.000000Z-1"
129.37666666666667,36.05,4,"2026-07-27T10:39:27.000Z",0,1,"440004730-2026-06-19T08:06:06.000000Z-1"
129.37825666666666,36.05122,4.099999904632568,"2026-07-27T12:12:48.000Z",0,1,"440004730-2026-06-19T08:06:06.000000Z-1"
129.37666666666667,36.05,4,"2026-07-27T14:00:26.000Z",0,1,"440004730-2026-06-19T08:06:06.000000Z-1"
129.37666666666667,36.05,4,"2026-07-27T15:30:27.000Z",0,1,"440004730-2026-06-19T08:06:06.000000Z-1"
129.37666666666667,36.05,4,"2026-07-27T17:51:27.000Z",0,1,"440004730-2026-06-19T08:06:06.000000Z-1"
129.37666666666667,36.05,4,"2026-07-27T19:06:24.000Z",0,1,"440004730-2026-06-19T08:06:06.000000Z-1"
129.37666666666667,36.05,4,"2026-07-27T21:12:25.000Z",0,1,"440004730-2026-06-19T08:06:06.000000Z-1"
129.37666666666667,36.05,4,"2026-07-27T23:45:25.000Z",0,1,"440004730-2026-06-19T08:06:06.000000Z-1"
129.37666666666667,36.05,260,"2026-07-28T08:12:26.000Z",0,1,"440004730-2026-06-19T08:06:06.000000Z-1"
129.37666666666667,36.05,260,"2026-07-28T09:48:29.000Z",0,1,"440004730-2026-06-19T08:06:06.000000Z-1"
129.37666666666667,36.05,260,"2026-07-28T11:06:32.000Z",0,1,"440004730-2026-06-19T08:06:06.000000Z-1"
129.37666666666667,36.05,260,"2026-07-28T13:24:26.000Z",0,1,"440004730-2026-06-19T08:06:06.000000Z-1"
129.37666666666667,36.05,260,"2026-07-28T15:03:24.000Z",0,1,"440004730-2026-06-19T08:06:06.000000Z-1"
129.378255,36.051231666666666,260.8999938964844,"2026-07-28T16:29:19.000Z",0,1,"440004730-2026-06-19T08:06:06.000000Z-1"
129.37827,36.05122,260.8999938964844,"2026-07-28T17:41:18.000Z",0,1,"440004730-2026-06-19T08:06:06.000000Z-1"
129.37826333333334,36.051228333333334,260.8999938964844,"2026-07-28T18:53:15.000Z",0,1,"440004730-2026-06-19T08:06:06.000000Z-1"
129.37827,36.05121166666667,260.8999938964844,"2026-07-28T20:23:13.000Z",0,1,"440004730-2026-06-19T08:06:06.000000Z-1"
129.37825,36.051226666666665,260.8999938964844,"2026-07-28T21:38:13.000Z",0,1,"440004730-2026-06-19T08:06:06.000000Z-1"
129.37827333333334,36.05123833333333,260.8999938964844,"2026-07-28T22:53:14.000Z",0,1,"440004730-2026-06-19T08:06:06.000000Z-1"
129.378245,36.05125833333334,260.8999938964844,"2026-07-29T00:26:12.000Z",0,1,"440004730-2026-06-19T08:06:06.000000Z-1"
129.38521166666666,36.044225,124,"2026-07-29T00:53:57.000Z",14.800000190734863,-5,"440004730-2026-06-19T08:06:06.000000Z-1"
129.38997333333333,36.04434666666667,76.19999694824219,"2026-07-29T00:54:52.000Z",16,-5,"440004730-2026-06-19T08:06:06.000000Z-1"
129.439355,36.055798333333335,78.5999984741211,"2026-07-29T01:02:01.000Z",30.899999618530273,-21,"440004730-2026-06-19T08:06:06.000000Z-1"
129.47818666666666,36.06823166666667,67.19999694824219,"2026-07-29T01:05:08.000Z",42.900001525878906,-26,"440004730-2026-06-19T08:06:06.000000Z-1"
129.52884666666668,36.10499166666666,15.699999809265137,"2026-07-29T01:09:57.000Z",41.79999923706055,-30,"440004730-2026-06-19T08:06:06.000000Z-1"
129.57035333333334,36.15329833333333,19.299999237060547,"2026-07-29T01:15:03.000Z",40.900001525878906,-48,"440004730-2026-06-19T08:06:06.000000Z-1"
129.57959833333334,36.17102666666667,29.100000381469727,"2026-07-29T01:16:44.000Z",41.099998474121094,-60,"440004730-2026-06-19T08:06:06.000000Z-1"
129.609485,36.20164333333334,39.099998474121094,"2026-07-29T01:20:07.000Z",41.20000076293945,-92,"440004730-2026-06-19T08:06:06.000000Z-1"
129.62175166666665,36.217911666666666,27.5,"2026-07-29T01:21:45.000Z",41.5,-110,"440004730-2026-06-19T08:06:06.000000Z-1"
129.65637,36.243505,41.5,"2026-07-29T01:25:03.000Z",42,-164,"440004730-2026-06-19T08:06:06.000000Z-1"
129.88249166666665,36.46391833333333,42.900001525878906,"2026-07-29T01:49:15.000Z",42.79999923706055,-424,"440004730-2026-06-19T08:06:06.000000Z-1"
129.88981833333332,36.4725,31.5,"2026-07-29T01:50:07.000Z",42.29999923706055,-453,"440004730-2026-06-19T08:06:06.000000Z-1"
129.959375,36.534643333333335,46.900001525878906,"2026-07-29T01:57:13.000Z",42.400001525878906,-654,"440004730-2026-06-19T08:06:06.000000Z-1"
130.44774833333332,37.02283,40.400001525878906,"2026-07-29T02:50:33.000Z",42.20000076293945,-2162,"440004730-2026-06-19T08:06:06.000000Z-1"
130.91149,37.47868666666667,345.6000061035156,"2026-07-29T03:41:08.000Z",7.5,41,"440004730-2026-06-19T08:06:06.000000Z-1"
130.90965,37.481095,318.3999938964844,"2026-07-29T04:56:28.000Z",0,41,"440004730-2026-06-19T08:06:06.000000Z-1"
130.91089166666666,37.47819666666667,199.1999969482422,"2026-07-29T05:19:22.000Z",11.300000190734863,41,"440004730-2026-06-19T08:06:06.000000Z-1"
130.9019,37.467063333333336,216.1999969482422,"2026-07-29T05:21:32.000Z",27.299999237060547,-5,"440004730-2026-06-19T08:06:06.000000Z-1"
130.86588,37.424771666666665,222.10000610351562,"2026-07-29T05:26:33.000Z",41.400001525878906,-663,"440004730-2026-06-19T08:06:06.000000Z-1"
130.13389833333332,36.719225,215.5,"2026-07-29T06:47:39.000Z",41,-2026,"440004730-2026-06-19T08:06:06.000000Z-1"
129.992335,36.57215166666667,220.8000030517578,"2026-07-29T07:02:45.000Z",41.5,-815,"440004730-2026-06-19T08:06:06.000000Z-1"
129.91020833333334,36.49532333333333,214.1999969482422,"2026-07-29T07:11:47.000Z",41.099998474121094,-507,"440004730-2026-06-19T08:06:06.000000Z-1"
129.90281166666668,36.487205,220.10000610351562,"2026-07-29T07:12:12.000Z",40.900001525878906,-479,"440004730-2026-06-19T08:06:06.000000Z-1"
129.523565,36.11226333333333,213.6999969482422,"2026-07-29T07:54:59.000Z",41.900001525878906,-32,"440004730-2026-06-19T08:06:06.000000Z-1"
129.51094,36.096455,217,"2026-07-29T07:56:32.000Z",42.29999923706055,-27,"440004730-2026-06-19T08:06:06.000000Z-1"
129.49507166666666,36.08447,231.89999389648438,"2026-07-29T07:58:04.000Z",42.5,-27,"440004730-2026-06-19T08:06:06.000000Z-1"
129.48203333333333,36.076975,235.8000030517578,"2026-07-29T07:59:08.000Z",42.599998474121094,-26,"440004730-2026-06-19T08:06:06.000000Z-1"
129.47128,36.069635,230.10000610351562,"2026-07-29T08:00:07.000Z",42.29999923706055,-25,"440004730-2026-06-19T08:06:06.000000Z-1"
129.452995,36.05927833333333,240.10000610351562,"2026-07-29T08:01:38.000Z",42.099998474121094,-22,"440004730-2026-06-19T08:06:06.000000Z-1"
129.43606833333334,36.05366333333333,253.3000030517578,"2026-07-29T08:02:54.000Z",42.20000076293945,-20,"440004730-2026-06-19T08:06:06.000000Z-1"
129.40711833333333,36.04654333333333,259.29998779296875,"2026-07-29T08:05:00.000Z",42.20000076293945,-14,"440004730-2026-06-19T08:06:06.000000Z-1"
129.39377666666667,36.04476833333333,258.29998779296875,"2026-07-29T08:06:00.000Z",33.900001525878906,-5,"440004730-2026-06-19T08:06:06.000000Z-1"
129.38135,36.04776666666667,321.8999938964844,"2026-07-29T08:09:00.000Z",8.199999809265137,1,"440004730-2026-06-19T08:06:06.000000Z-1"
129.378275,36.05123833333333,320,"2026-07-29T09:19:07.000Z",0,1,"440004730-2026-06-19T08:06:06.000000Z-1"
129.37826333333334,36.05122,320,"2026-07-29T10:30:06.000Z",0,1,"440004730-2026-06-19T08:06:06.000000Z-1"
129.37827166666668,36.05123833333333,320,"2026-07-29T11:41:06.000Z",0,1,"440004730-2026-06-19T08:06:06.000000Z-1"
129.37826166666667,36.05122166666666,320,"2026-07-29T12:51:07.000Z",0,1,"440004730-2026-06-19T08:06:06.000000Z-1"
129.378265,36.05124333333333,320,"2026-07-29T14:02:06.000Z",0,1,"440004730-2026-06-19T08:06:06.000000Z-1"
129.37825666666666,36.051251666666666,320,"2026-07-29T15:13:06.000Z",0,1,"440004730-2026-06-19T08:06:06.000000Z-1"
129.37825333333333,36.05124,320,"2026-07-29T16:24:07.000Z",0,1,"440004730-2026-06-19T08:06:06.000000Z-1"
129.37826166666667,36.05122,320,"2026-07-29T17:35:07.000Z",0,1,"440004730-2026-06-19T08:06:06.000000Z-1"
129.378265,36.05122166666666,320,"2026-07-29T18:46:06.000Z",0,1,"440004730-2026-06-19T08:06:06.000000Z-1"
129.37826166666667,36.05121666666667,320,"2026-07-29T19:57:05.000Z",0,1,"440004730-2026-06-19T08:06:06.000000Z-1"
129.37829,36.05121,320,"2026-07-29T21:07:07.000Z",0,1,"440004730-2026-06-19T08:06:06.000000Z-1"
129.37824666666666,36.05121666666667,320,"2026-07-29T22:18:06.000Z",0,1,"440004730-2026-06-19T08:06:06.000000Z-1"
129.37826166666667,36.051231666666666,320,"2026-07-29T23:29:06.000Z",0,1,"440004730-2026-06-19T08:06:06.000000Z-1"
129.37827,36.051235,320,"2026-07-30T00:41:16.000Z",0,1,"440004730-2026-06-19T08:06:06.000000Z-1"
129.37826666666666,36.0509,160.8000030517578,"2026-07-30T00:52:50.000Z",2.0999999046325684,1,"440004730-2026-06-19T08:06:06.000000Z-1"
129.37851,36.050506666666664,152.6999969482422,"2026-07-30T00:53:10.000Z",5.099999904632568,1,"440004730-2026-06-19T08:06:06.000000Z-1"
129.38683,36.044201666666666,96.4000015258789,"2026-07-30T00:58:00.000Z",15.399999618530273,-5,"440004730-2026-06-19T08:06:06.000000Z-1"
129.392795,36.04540333333333,75,"2026-07-30T00:59:05.000Z",16.799999237060547,-8,"440004730-2026-06-19T08:06:06.000000Z-1"
129.41767,36.050265,77.0999984741211,"2026-07-30T01:03:00.000Z",21.100000381469727,-17,"440004730-2026-06-19T08:06:06.000000Z-1"
129.43264333333335,36.05604833333334,62.29999923706055,"2026-07-30T01:05:00.000Z",27.600000381469727,-19,"440004730-2026-06-19T08:06:06.000000Z-1"
129.47162833333334,36.07274833333334,63.20000076293945,"2026-07-30T01:08:16.000Z",42.70000076293945,-25,"440004730-2026-06-19T08:06:06.000000Z-1"
129.487605,36.08441833333333,34.599998474121094,"2026-07-30T01:09:46.000Z",42.099998474121094,-26,"440004730-2026-06-19T08:06:06.000000Z-1"
129.62594166666668,36.21703333333333,43,"2026-07-30T01:24:40.000Z",41.5,-116,"440004730-2026-06-19T08:06:06.000000Z-1"
129.65098333333333,36.23838833333333,44.900001525878906,"2026-07-30T01:27:10.000Z",42.20000076293945,-155,"440004730-2026-06-19T08:06:06.000000Z-1"
130.31758333333335,36.891873333333336,40,"2026-07-30T02:38:12.000Z",42.79999923706055,-2118,"440004730-2026-06-19T08:06:06.000000Z-1"
130.74453,37.311888333333336,34.29999923706055,"2026-07-30T03:23:16.000Z",43.099998474121094,-2157,"440004730-2026-06-19T08:06:06.000000Z-1"
130.80334333333334,37.379558333333335,36,"2026-07-30T03:30:06.000Z",43.099998474121094,-2036,"440004730-2026-06-19T08:06:06.000000Z-1"
130.89260166666668,37.455513333333336,40.900001525878906,"2026-07-30T03:38:50.000Z",42,-8,"440004730-2026-06-19T08:06:06.000000Z-1"
130.90530833333332,37.467665,34.29999923706055,"2026-07-30T03:40:14.000Z",35.70000076293945,-16,"440004730-2026-06-19T08:06:06.000000Z-1"
130.90833333333333,37.48,11,"2026-07-30T05:09:31.000Z",0,41,"440004730-2026-06-19T08:06:06.000000Z-1"
130.88612833333335,37.44597666666667,214.5,"2026-07-30T05:21:46.000Z",32.20000076293945,-53,"440004730-2026-06-19T08:06:06.000000Z-1"
130.88355333333334,37.442946666666664,214.89999389648438,"2026-07-30T05:22:10.000Z",34.79999923706055,-148,"440004730-2026-06-19T08:06:06.000000Z-1"
130.83814333333333,37.3945,214.3000030517578,"2026-07-30T05:27:30.000Z",41.099998474121094,-1797,"440004730-2026-06-19T08:06:06.000000Z-1"
130.19516,36.77878666666667,219.60000610351562,"2026-07-30T06:37:36.000Z",41.70000076293945,-2241,"440004730-2026-06-19T08:06:06.000000Z-1"
130.18209166666668,36.76564333333334,218,"2026-07-30T06:39:02.000Z",41.599998474121094,-2240,"440004730-2026-06-19T08:06:06.000000Z-1"
130.173955,36.75636166666666,215.1999969482422,"2026-07-30T06:40:02.000Z",41.70000076293945,-2228,"440004730-2026-06-19T08:06:06.000000Z-1"
129.54336166666667,36.1324,222.6999969482422,"2026-07-30T07:50:08.000Z",41.79999923706055,-48,"440004730-2026-06-19T08:06:06.000000Z-1"
129.50516,36.09547333333333,221.5,"2026-07-30T07:54:12.000Z",43,-27,"440004730-2026-06-19T08:06:06.000000Z-1"
129.495875,36.087736666666665,226.10000610351562,"2026-07-30T07:55:06.000Z",43.099998474121094,-26,"440004730-2026-06-19T08:06:06.000000Z-1"
129.46325833333333,36.070388333333334,234.10000610351562,"2026-07-30T07:57:46.000Z",42.79999923706055,-23,"440004730-2026-06-19T08:06:06.000000Z-1"
129.44411666666667,36.058785,235.3000030517578,"2026-07-30T07:59:22.000Z",43.79999923706055,-21,"440004730-2026-06-19T08:06:06.000000Z-1"
129.41962333333333,36.04977,252.3000030517578,"2026-07-30T08:01:10.000Z",43.70000076293945,-17,"440004730-2026-06-19T08:06:06.000000Z-1"
129.40715833333334,36.04700166666667,257.1000061035156,"2026-07-30T08:02:02.000Z",43.29999923706055,-14,"440004730-2026-06-19T08:06:06.000000Z-1"
129.394905,36.04506333333333,259.5,"2026-07-30T08:03:00.000Z",29.700000762939453,-8,"440004730-2026-06-19T08:06:06.000000Z-1"
129.38303,36.046078333333334,316.20001220703125,"2026-07-30T08:06:00.000Z",8.5,1,"440004730-2026-06-19T08:06:06.000000Z-1"
129.37825333333333,36.05123833333333,319.5,"2026-07-30T09:17:57.000Z",0,1,"440004730-2026-06-19T08:06:06.000000Z-1"
129.37826166666667,36.051231666666666,319.5,"2026-07-30T10:30:01.000Z",0,1,"440004730-2026-06-19T08:06:06.000000Z-1"
129.37826,36.05121833333333,319.5,"2026-07-30T11:42:02.000Z",0,1,"440004730-2026-06-19T08:06:06.000000Z-1"
129.37825333333333,36.05119,319.5,"2026-07-30T12:53:59.000Z",0,1,"440004730-2026-06-19T08:06:06.000000Z-1"
129.37827,36.051231666666666,319.5,"2026-07-30T14:06:01.000Z",0,1,"440004730-2026-06-19T08:06:06.000000Z-1"
129.37828,36.051228333333334,319.5,"2026-07-30T15:17:57.000Z",0,1,"440004730-2026-06-19T08:06:06.000000Z-1"
129.37825666666666,36.05122333333333,319.5,"2026-07-30T16:30:00.000Z",0,1,"440004730-2026-06-19T08:06:06.000000Z-1"
129.37827833333333,36.05121666666667,319.5,"2026-07-30T17:42:01.000Z",0,1,"440004730-2026-06-19T08:06:06.000000Z-1"
129.37828166666668,36.05121833333333,319.5,"2026-07-30T18:54:02.000Z",0,1,"440004730-2026-06-19T08:06:06.000000Z-1"
129.37827,36.05121666666667,319.5,"2026-07-30T20:06:05.000Z",0,1,"440004730-2026-06-19T08:06:06.000000Z-1"
129.37825666666666,36.05123666666667,319.5,"2026-07-30T21:21:04.000Z",0,1,"440004730-2026-06-19T08:06:06.000000Z-1"
129.37826666666666,36.05122333333333,319.5,"2026-07-30T22:36:02.000Z",0,1,"440004730-2026-06-19T08:06:06.000000Z-1"
129.37825333333333,36.05122,319.5,"2026-07-30T23:47:59.000Z",0,1,"440004730-2026-06-19T08:06:06.000000Z-1"
129.37832666666668,36.050875,170.8000030517578,"2026-07-31T00:51:05.000Z",1.5,1,"440004730-2026-06-19T08:06:06.000000Z-1"
129.37847666666667,36.049838333333334,191.39999389648438,"2026-07-31T00:52:00.000Z",4.199999809265137,1,"440004730-2026-06-19T08:06:06.000000Z-1"
129.38783666666666,36.045245,79.5,"2026-07-31T00:56:00.000Z",16.600000381469727,-8,"440004730-2026-06-19T08:06:06.000000Z-1"
129.3937,36.04620666666667,79.19999694824219,"2026-07-31T00:57:02.000Z",18.100000381469727,-8,"440004730-2026-06-19T08:06:06.000000Z-1"
129.42023666666665,36.050131666666665,80.5,"2026-07-31T01:01:01.000Z",22.299999237060547,-17,"440004730-2026-06-19T08:06:06.000000Z-1"
129.43877166666667,36.05616833333333,61.79999923706055,"2026-07-31T01:03:01.000Z",36.70000076293945,-21,"440004730-2026-06-19T08:06:06.000000Z-1"
129.464575,36.06774166666667,60.70000076293945,"2026-07-31T01:05:05.000Z",42.70000076293945,-23,"440004730-2026-06-19T08:06:06.000000Z-1"
129.47748,36.07143166666667,73.30000305175781,"2026-07-31T01:06:02.000Z",42.900001525878906,-26,"440004730-2026-06-19T08:06:06.000000Z-1"
129.51475833333333,36.1015,33.79999923706055,"2026-07-31T01:09:49.000Z",42.70000076293945,-27,"440004730-2026-06-19T08:06:06.000000Z-1"
129.56669166666666,36.14759333333333,27.799999237060547,"2026-07-31T01:15:07.000Z",41.599998474121094,-48,"440004730-2026-06-19T08:06:06.000000Z-1"
129.64287666666667,36.238508333333336,28.200000762939453,"2026-07-31T01:24:33.000Z",42.20000076293945,-147,"440004730-2026-06-19T08:06:06.000000Z-1"
129.68470666666667,36.279885,44,"2026-07-31T01:29:05.000Z",42.79999923706055,-211,"440004730-2026-06-19T08:06:06.000000Z-1"
129.70522,36.297446666666666,44.900001525878906,"2026-07-31T01:31:05.000Z",43,-178,"440004730-2026-06-19T08:06:06.000000Z-1"
129.71520833333332,36.304903333333336,44.79999923706055,"2026-07-31T01:32:01.000Z",42.79999923706055,-207,"440004730-2026-06-19T08:06:06.000000Z-1"
129.74572833333335,36.33189333333333,40.5,"2026-07-31T01:35:01.000Z",43.5,-293,"440004730-2026-06-19T08:06:06.000000Z-1"
129.84266333333332,36.42610333333333,36,"2026-07-31T01:45:05.000Z",44,-324,"440004730-2026-06-19T08:06:06.000000Z-1"
129.88682166666666,36.475926666666666,32.900001525878906,"2026-07-31T01:50:03.000Z",43.70000076293945,-455,"440004730-2026-06-19T08:06:06.000000Z-1"
129.89484833333333,36.48625833333333,34.79999923706055,"2026-07-31T01:51:03.000Z",43.70000076293945,-455,"440004730-2026-06-19T08:06:06.000000Z-1"
129.91282,36.50576,40.900001525878906,"2026-07-31T01:53:03.000Z",43.29999923706055,-485,"440004730-2026-06-19T08:06:06.000000Z-1"
130.15514666666667,36.73121166666667,36.599998474121094,"2026-07-31T02:18:09.000Z",42,-2169,"440004730-2026-06-19T08:06:06.000000Z-1"
130.172125,36.748441666666665,43.599998474121094,"2026-07-31T02:20:01.000Z",42.20000076293945,-2215,"440004730-2026-06-19T08:06:06.000000Z-1"
130.210765,36.784171666666666,48.400001525878906,"2026-07-31T02:24:01.000Z",42.20000076293945,-2238,"440004730-2026-06-19T08:06:06.000000Z-1"
130.29511,36.867313333333335,37.29999923706055,"2026-07-31T02:33:01.000Z",42.79999923706055,-2152,"440004730-2026-06-19T08:06:06.000000Z-1"
130.30350833333333,36.877095,30.100000381469727,"2026-07-31T02:34:01.000Z",42.5,-2143,"440004730-2026-06-19T08:06:06.000000Z-1"
130.312615,36.88647,40.599998474121094,"2026-07-31T02:35:01.000Z",42.70000076293945,-2126,"440004730-2026-06-19T08:06:06.000000Z-1"
130.322445,36.895405,40.599998474121094,"2026-07-31T02:36:01.000Z",42.70000076293945,-2115,"440004730-2026-06-19T08:06:06.000000Z-1"
130.398105,36.96913,37.599998474121094,"2026-07-31T02:44:01.000Z",42.900001525878906,-2131,"440004730-2026-06-19T08:06:06.000000Z-1"
130.406605,36.97884166666667,32.70000076293945,"2026-07-31T02:45:01.000Z",42,-2127,"440004730-2026-06-19T08:06:06.000000Z-1"
130.41700333333333,36.987285,43.20000076293945,"2026-07-31T02:46:01.000Z",42.79999923706055,-2130,"440004730-2026-06-19T08:06:06.000000Z-1"
130.43588666666668,37.005761666666665,38.099998474121094,"2026-07-31T02:48:01.000Z",42.900001525878906,-2152,"440004730-2026-06-19T08:06:06.000000Z-1"
130.44599833333334,37.014575,42.79999923706055,"2026-07-31T02:49:01.000Z",42.900001525878906,-2154,"440004730-2026-06-19T08:06:06.000000Z-1"
130.48336833333335,37.051653333333334,35.900001525878906,"2026-07-31T02:53:01.000Z",42.79999923706055,-2171,"440004730-2026-06-19T08:06:06.000000Z-1"
130.50675,37.08232,31.899999618530273,"2026-07-31T02:56:01.000Z",43.099998474121094,-2185,"440004730-2026-06-19T08:06:06.000000Z-1"
130.54104833333332,37.121785,35.79999923706055,"2026-07-31T03:00:01.000Z",43.20000076293945,-2216,"440004730-2026-06-19T08:06:06.000000Z-1"
130.57951333333332,37.160338333333335,40.70000076293945,"2026-07-31T03:04:05.000Z",43.5,-2185,"440004730-2026-06-19T08:06:06.000000Z-1"
130.671035,37.24007666666667,40.900001525878906,"2026-07-31T03:13:01.000Z",43.5,-2174,"440004730-2026-06-19T08:06:06.000000Z-1"
130.82788,37.405435,40,"2026-07-31T03:30:07.000Z",43.400001525878906,-1495,"440004730-2026-06-19T08:06:06.000000Z-1"
130.84822666666668,37.421715,47.900001525878906,"2026-07-31T03:32:02.000Z",43.29999923706055,-1006,"440004730-2026-06-19T08:06:06.000000Z-1"
130.88409666666666,37.44739,46.900001525878906,"2026-07-31T03:35:12.000Z",44.20000076293945,-21,"440004730-2026-06-19T08:06:06.000000Z-1"
130.91161,37.47546333333333,37.400001525878906,"2026-07-31T03:39:05.000Z",12.800000190734863,41,"440004730-2026-06-19T08:06:06.000000Z-1"
130.909675,37.48109,9.5,"2026-07-31T05:08:35.000Z",0,41,"440004730-2026-06-19T08:06:06.000000Z-1"
130.91072833333334,37.479715,145.89999389648438,"2026-07-31T05:20:45.000Z",7.199999809265137,41,"440004730-2026-06-19T08:06:06.000000Z-1"
130.91108,37.47737166666667,200.5,"2026-07-31T05:22:32.000Z",14.399999618530273,41,"440004730-2026-06-19T08:06:06.000000Z-1"
130.90016833333334,37.462545,222.3000030517578,"2026-07-31T05:25:20.000Z",26,-62,"440004730-2026-06-19T08:06:06.000000Z-1"
130.88398833333332,37.446938333333335,217.60000610351562,"2026-07-31T05:27:36.000Z",37.900001525878906,-21,"440004730-2026-06-19T08:06:06.000000Z-1"
130.84445666666667,37.40166,217.3000030517578,"2026-07-31T05:32:28.000Z",40.900001525878906,-1610,"440004730-2026-06-19T08:06:06.000000Z-1"
130.80113833333334,37.357706666666665,220,"2026-07-31T05:37:22.000Z",40.900001525878906,-2145,"440004730-2026-06-19T08:06:06.000000Z-1"
130.497295,37.076296666666664,220,"2026-07-31T06:10:02.000Z",41.29999923706055,-2183,"440004730-2026-06-19T08:06:06.000000Z-1"
130.21381333333332,36.802998333333335,216.89999389648438,"2026-07-31T06:41:02.000Z",41,-2238,"440004730-2026-06-19T08:06:06.000000Z-1"
130.018695,36.640298333333334,220.5,"2026-07-31T07:00:32.000Z",41.79999923706055,-988,"440004730-2026-06-19T08:06:06.000000Z-1"
129.98695666666666,36.609165,215,"2026-07-31T07:04:00.000Z",41.400001525878906,-762,"440004730-2026-06-19T08:06:06.000000Z-1"
129.97817833333335,36.598198333333336,212.6999969482422,"2026-07-31T07:05:08.000Z",41.20000076293945,-732,"440004730-2026-06-19T08:06:06.000000Z-1"
129.96500333333333,36.57715,198,"2026-07-31T07:07:12.000Z",40.900001525878906,-703,"440004730-2026-06-19T08:06:06.000000Z-1"
129.95960166666666,36.566568333333336,205.5,"2026-07-31T07:08:12.000Z",41.099998474121094,-635,"440004730-2026-06-19T08:06:06.000000Z-1"
129.94503333333333,36.54813166666667,211,"2026-07-31T07:10:07.000Z",41.20000076293945,-550,"440004730-2026-06-19T08:06:06.000000Z-1"
129.93849666666668,36.53840833333334,209,"2026-07-31T07:11:04.000Z",41,-512,"440004730-2026-06-19T08:06:06.000000Z-1"
129.92274833333335,36.51847,216.5,"2026-07-31T07:13:08.000Z",41,-455,"440004730-2026-06-19T08:06:06.000000Z-1"
129.777075,36.366345,221.10000610351562,"2026-07-31T07:30:06.000Z",40.599998474121094,-260,"440004730-2026-06-19T08:06:06.000000Z-1"
129.71722833333334,36.31034833333333,221.8000030517578,"2026-07-31T07:36:33.000Z",41.5,-226,"440004730-2026-06-19T08:06:06.000000Z-1"
129.70125833333333,36.29327,215.1999969482422,"2026-07-31T07:38:24.000Z",41.29999923706055,-183,"440004730-2026-06-19T08:06:06.000000Z-1"
129.687345,36.27620666666667,219.89999389648438,"2026-07-31T07:40:10.000Z",41.79999923706055,-196,"440004730-2026-06-19T08:06:06.000000Z-1"
129.64526666666666,36.238528333333335,220.60000610351562,"2026-07-31T07:44:34.000Z",41.20000076293945,-155,"440004730-2026-06-19T08:06:06.000000Z-1"
129.62398,36.215465,217.89999389648438,"2026-07-31T07:47:04.000Z",41.400001525878906,-110,"440004730-2026-06-19T08:06:06.000000Z-1"
129.541685,36.13512333333333,218.60000610351562,"2026-07-31T07:56:04.000Z",42.20000076293945,-52,"440004730-2026-06-19T08:06:06.000000Z-1"
129.53341166666667,36.12539833333334,216.3000030517578,"2026-07-31T07:57:04.000Z",42.599998474121094,-45,"440004730-2026-06-19T08:06:06.000000Z-1"
129.524275,36.115968333333335,220.10000610351562,"2026-07-31T07:58:04.000Z",43.29999923706055,-36,"440004730-2026-06-19T08:06:06.000000Z-1"
129.51371166666667,36.10695,226.3000030517578,"2026-07-31T07:59:06.000Z",43.29999923706055,-29,"440004730-2026-06-19T08:06:06.000000Z-1"
129.49124833333335,36.09055166666667,230.8000030517578,"2026-07-31T08:01:08.000Z",43.5,-25,"440004730-2026-06-19T08:06:06.000000Z-1"
129.47703666666666,36.082283333333336,236.10000610351562,"2026-07-31T08:02:18.000Z",43.79999923706055,-26,"440004730-2026-06-19T08:06:06.000000Z-1"
129.425775,36.05829,241.60000610351562,"2026-07-31T08:06:16.000Z",43.599998474121094,-19,"440004730-2026-06-19T08:06:06.000000Z-1"
129.40262166666668,36.04906833333333,244.1999969482422,"2026-07-31T08:08:00.000Z",42.79999923706055,-10,"440004730-2026-06-19T08:06:06.000000Z-1"
129.39125,36.04575666666667,257,"2026-07-31T08:09:12.000Z",16.5,-8,"440004730-2026-06-19T08:06:06.000000Z-1"
129.38014333333334,36.049308333333336,331.1000061035156,"2026-07-31T08:13:12.000Z",8.800000190734863,1,"440004730-2026-06-19T08:06:06.000000Z-1"
129.37826333333334,36.051228333333334,270.79998779296875,"2026-07-31T09:27:29.000Z",0,1,"440004730-2026-06-19T08:06:06.000000Z-1"
129.37827666666666,36.051228333333334,270.79998779296875,"2026-07-31T10:39:27.000Z",0,1,"440004730-2026-06-19T08:06:06.000000Z-1"
129.37827,36.05122,270.79998779296875,"2026-07-31T11:54:25.000Z",0,1,"440004730-2026-06-19T08:06:06.000000Z-1"
129.37826666666666,36.051185,270.79998779296875,"2026-07-31T13:09:26.000Z",0,1,"440004730-2026-06-19T08:06:06.000000Z-1"
129.37826833333332,36.05121666666667,270.79998779296875,"2026-07-31T14:24:29.000Z",0,1,"440004730-2026-06-19T08:06:06.000000Z-1"
129.37826166666667,36.051248333333334,270.79998779296875,"2026-07-31T15:39:25.000Z",0,1,"440004730-2026-06-19T08:06:06.000000Z-1"
129.37827,36.05122,270.79998779296875,"2026-07-31T16:54:27.000Z",0,1,"440004730-2026-06-19T08:06:06.000000Z-1"
129.37827166666668,36.05121833333333,270.79998779296875,"2026-07-31T18:09:27.000Z",0,1,"440004730-2026-06-19T08:06:06.000000Z-1"
129.37827166666668,36.05121333333334,270.79998779296875,"2026-07-31T19:24:25.000Z",0,1,"440004730-2026-06-19T08:06:06.000000Z-1"
129.37826833333332,36.05122333333333,270.79998779296875,"2026-07-31T20:39:30.000Z",0,1,"440004730-2026-06-19T08:06:06.000000Z-1"
129.378265,36.05124166666667,270.79998779296875,"2026-07-31T21:54:28.000Z",0,1,"440004730-2026-06-19T08:06:06.000000Z-1"
129.37825166666667,36.05124,270.79998779296875,"2026-07-31T23:09:29.000Z",0,1,"440004730-2026-06-19T08:06:06.000000Z-1"
129.37827166666668,36.05122166666666,270.79998779296875,"2026-08-01T00:24:32.000Z",0,1,"440004730-2026-06-19T08:06:06.000000Z-1"
129.37829333333335,36.050603333333335,247.39999389648438,"2026-08-01T01:00:02.000Z",1.100000023841858,1,"440004730-2026-06-19T08:06:06.000000Z-1"
129.39249833333332,36.046841666666666,69,"2026-08-01T01:05:02.000Z",17.299999237060547,-8,"440004730-2026-06-19T08:06:06.000000Z-1"
129.42335333333332,36.05567833333333,68.5999984741211,"2026-08-01T01:09:30.000Z",34.599998474121094,-16,"440004730-2026-06-19T08:06:06.000000Z-1"
129.48938833333332,36.08407833333333,42.79999923706055,"2026-08-01T01:14:48.000Z",41.599998474121094,-26,"440004730-2026-06-19T08:06:06.000000Z-1"
129.54036333333335,36.126425,49.79999923706055,"2026-08-01T01:19:54.000Z",41.599998474121094,-48,"440004730-2026-06-19T08:06:06.000000Z-1"
130.02699666666666,36.60100166666667,36.599998474121094,"2026-08-01T02:12:00.000Z",42.599998474121094,-1091,"440004730-2026-06-19T08:06:06.000000Z-1"
130.68572833333334,37.253951666666666,39.29999923706055,"2026-08-01T03:23:00.000Z",43.099998474121094,-2202,"440004730-2026-06-19T08:06:06.000000Z-1"
130.77908,37.34729,35,"2026-08-01T03:33:00.000Z",42.900001525878906,-2176,"440004730-2026-06-19T08:06:06.000000Z-1"
130.79551666666666,37.36732,35.29999923706055,"2026-08-01T03:35:00.000Z",42.900001525878906,-2101,"440004730-2026-06-19T08:06:06.000000Z-1"
130.85387166666666,37.42140333333333,47.5,"2026-08-01T03:41:00.000Z",42.5,-1006,"440004730-2026-06-19T08:06:06.000000Z-1"
130.86465,37.43009333333333,41.400001525878906,"2026-08-01T03:42:02.000Z",42.20000076293945,-618,"440004730-2026-06-19T08:06:06.000000Z-1"
130.91145666666668,37.477738333333335,19,"2026-08-01T03:48:00.000Z",9.300000190734863,41,"440004730-2026-06-19T08:06:06.000000Z-1"
130.909665,37.48110666666667,341.1000061035156,"2026-08-01T04:58:12.000Z",0,41,"440004730-2026-06-19T08:06:06.000000Z-1"
130.90965333333332,37.48105833333333,189.89999389648438,"2026-08-01T05:16:01.000Z",0.5,41,"440004730-2026-06-19T08:06:06.000000Z-1"
130.91065833333334,37.47989833333333,138.60000610351562,"2026-08-01T05:17:01.000Z",7.300000190734863,41,"440004730-2026-06-19T08:06:06.000000Z-1"
130.90741,37.471345,205.8000030517578,"2026-08-01T05:20:00.000Z",22.399999618530273,-16,"440004730-2026-06-19T08:06:06.000000Z-1"
130.90224,37.46559166666667,224.5,"2026-08-01T05:21:03.000Z",26.399999618530273,-5,"440004730-2026-06-19T08:06:06.000000Z-1"
130.87811333333335,37.44483,215.89999389648438,"2026-08-01T05:24:06.000Z",38.79999923706055,-148,"440004730-2026-06-19T08:06:06.000000Z-1"
130.80916166666665,37.374703333333336,219,"2026-08-01T05:32:00.000Z",40.20000076293945,-2083,"440004730-2026-06-19T08:06:06.000000Z-1"
130.79952833333334,37.365973333333336,221.5,"2026-08-01T05:33:02.000Z",40.29999923706055,-2101,"440004730-2026-06-19T08:06:06.000000Z-1"
130.03954666666667,36.62158,221.3000030517578,"2026-08-01T06:58:02.000Z",41.400001525878906,-1171,"440004730-2026-06-19T08:06:06.000000Z-1"
129.52864166666666,36.11973833333333,222.1999969482422,"2026-08-01T07:55:10.000Z",41.79999923706055,-39,"440004730-2026-06-19T08:06:06.000000Z-1"
129.496395,36.083575,218.89999389648438,"2026-08-01T07:58:56.000Z",42.599998474121094,-27,"440004730-2026-06-19T08:06:06.000000Z-1"
129.48415333333332,36.074931666666664,243,"2026-08-01T08:00:04.000Z",42.79999923706055,-26,"440004730-2026-06-19T08:06:06.000000Z-1"
129.41627833333334,36.05065166666667,250.60000610351562,"2026-08-01T08:05:08.000Z",42.599998474121094,-17,"440004730-2026-06-19T08:06:06.000000Z-1"
129.38502,36.04481166666667,297.20001220703125,"2026-08-01T08:07:54.000Z",12.600000381469727,-5,"440004730-2026-06-19T08:06:06.000000Z-1"
129.37825666666666,36.051246666666664,335.5,"2026-08-01T09:24:07.000Z",0,1,"440004730-2026-06-19T08:06:06.000000Z-1"
129.37826833333332,36.05123833333333,335.5,"2026-08-01T10:36:09.000Z",0,1,"440004730-2026-06-19T08:06:06.000000Z-1"
129.37826166666667,36.051215,335.5,"2026-08-01T11:48:10.000Z",0,1,"440004730-2026-06-19T08:06:06.000000Z-1"
129.37825833333332,36.051225,335.5,"2026-08-01T13:03:07.000Z",0,1,"440004730-2026-06-19T08:06:06.000000Z-1"
129.378275,36.05121,335.5,"2026-08-01T14:24:10.000Z",0,1,"440004730-2026-06-19T08:06:06.000000Z-1"
129.37827,36.05122166666666,335.5,"2026-08-01T15:36:10.000Z",0,1,"440004730-2026-06-19T08:06:06.000000Z-1"
129.37826833333332,36.051225,335.5,"2026-08-01T16:48:09.000Z",0,1,"440004730-2026-06-19T08:06:06.000000Z-1"
129.37826166666667,36.05122166666666,335.5,"2026-08-01T18:03:12.000Z",0,1,"440004730-2026-06-19T08:06:06.000000Z-1"
129.37827,36.051208333333335,335.5,"2026-08-01T19:18:11.000Z",0,1,"440004730-2026-06-19T08:06:06.000000Z-1"
129.37827333333334,36.051205,335.5,"2026-08-01T20:33:12.000Z",0,1,"440004730-2026-06-19T08:06:06.000000Z-1"
129.37826,36.05123,335.5,"2026-08-01T21:48:12.000Z",0,1,"440004730-2026-06-19T08:06:06.000000Z-1"
129.37829666666667,36.051245,335.5,"2026-08-01T23:00:15.000Z",0,1,"440004730-2026-06-19T08:06:06.000000Z-1"
129.37826333333334,36.05124166666667,335.5,"2026-08-02T00:12:09.000Z",0,1,"440004730-2026-06-19T08:06:06.000000Z-1"
129.38264833333332,36.046728333333334,145.3000030517578,"2026-08-02T00:53:32.000Z",7.699999809265137,1,"440004730-2026-06-19T08:06:06.000000Z-1"
129.40197833333335,36.04701166666667,67.80000305175781,"2026-08-02T00:57:49.000Z",18.399999618530273,-10,"440004730-2026-06-19T08:06:06.000000Z-1"
129.458665,36.06651,70,"2026-08-02T01:03:35.000Z",41.29999923706055,-23,"440004730-2026-06-19T08:06:06.000000Z-1"
129.51281,36.09714833333334,39,"2026-08-02T01:08:15.000Z",41.900001525878906,-27,"440004730-2026-06-19T08:06:06.000000Z-1"
130.15833333333333,36.73833333333334,40,"2026-08-02T02:18:33.000Z",42,-2186,"440004730-2026-06-19T08:06:06.000000Z-1"
130.90833333333333,37.48,355,"2026-08-02T04:30:29.000Z",0,41,"440004730-2026-06-19T08:06:06.000000Z-1"
130.88111666666666,37.44284666666667,219.5,"2026-08-02T05:25:11.000Z",41.29999923706055,-148,"440004730-2026-06-19T08:06:06.000000Z-1"
130.83539833333333,37.397225,220.39999389648438,"2026-08-02T05:30:13.000Z",41.5,-1610,"440004730-2026-06-19T08:06:06.000000Z-1"
130.18557833333332,36.76083666666667,215.8000030517578,"2026-08-02T06:40:39.000Z",42.29999923706055,-2231,"440004730-2026-06-19T08:06:06.000000Z-1"
130.06052,36.63686333333333,222.89999389648438,"2026-08-02T06:54:17.000Z",41.900001525878906,-1339,"440004730-2026-06-19T08:06:06.000000Z-1"
129.96499666666668,36.550358333333335,219.6999969482422,"2026-08-02T07:04:17.000Z",41.29999923706055,-602,"440004730-2026-06-19T08:06:06.000000Z-1"
129.87406666666666,36.46201333333333,220.39999389648438,"2026-08-02T07:14:19.000Z",40.900001525878906,-401,"440004730-2026-06-19T08:06:06.000000Z-1"
129.63363666666666,36.223345,220.10000610351562,"2026-08-02T07:41:19.000Z",42.099998474121094,-116,"440004730-2026-06-19T08:06:06.000000Z-1"
129.60377666666668,36.19777,225,"2026-08-02T07:44:19.000Z",42.099998474121094,-87,"440004730-2026-06-19T08:06:06.000000Z-1"
129.58978833333333,36.18438666666667,220.10000610351562,"2026-08-02T07:45:49.000Z",42,-67,"440004730-2026-06-19T08:06:06.000000Z-1"
129.54057833333334,36.14246333333333,229.5,"2026-08-02T07:50:49.000Z",42.5,-52,"440004730-2026-06-19T08:06:06.000000Z-1"
129.52653166666667,36.12896833333333,212.60000610351562,"2026-08-02T07:52:19.000Z",42.70000076293945,-45,"440004730-2026-06-19T08:06:06.000000Z-1"
129.51158,36.10992,212.5,"2026-08-02T07:54:11.000Z",43.099998474121094,-29,"440004730-2026-06-19T08:06:06.000000Z-1"
129.47333833333334,36.069415,232,"2026-08-02T07:58:27.000Z",43.400001525878906,-25,"440004730-2026-06-19T08:06:06.000000Z-1"
129.46242833333332,36.06374666666667,239.1999969482422,"2026-08-02T07:59:19.000Z",43.599998474121094,-23,"440004730-2026-06-19T08:06:06.000000Z-1"
129.40343166666668,36.045656666666666,260.70001220703125,"2026-08-02T08:03:35.000Z",43.900001525878906,-10,"440004730-2026-06-19T08:06:06.000000Z-1"
129.38418,36.045075,311,"2026-08-02T08:05:51.000Z",10.800000190734863,1,"440004730-2026-06-19T08:06:06.000000Z-1"
129.37825,36.051246666666664,305.6000061035156,"2026-08-02T09:16:23.000Z",0,1,"440004730-2026-06-19T08:06:06.000000Z-1"
129.37826666666666,36.051231666666666,305.6000061035156,"2026-08-02T10:28:19.000Z",0,1,"440004730-2026-06-19T08:06:06.000000Z-1"
129.37825833333332,36.05121833333333,305.6000061035156,"2026-08-02T11:43:21.000Z",0,1,"440004730-2026-06-19T08:06:06.000000Z-1"
129.378265,36.051245,305.6000061035156,"2026-08-02T12:58:24.000Z",0,1,"440004730-2026-06-19T08:06:06.000000Z-1"
129.37827166666668,36.051208333333335,305.6000061035156,"2026-08-02T14:13:20.000Z",0,1,"440004730-2026-06-19T08:06:06.000000Z-1"
129.37826166666667,36.051248333333334,305.6000061035156,"2026-08-02T15:28:26.000Z",0,1,"440004730-2026-06-19T08:06:06.000000Z-1"
129.37827666666666,36.051226666666665,305.6000061035156,"2026-08-02T16:43:22.000Z",0,1,"440004730-2026-06-19T08:06:06.000000Z-1"
129.37825666666666,36.051235,305.6000061035156,"2026-08-02T17:58:24.000Z",0,1,"440004730-2026-06-19T08:06:06.000000Z-1"
129.37826833333332,36.051226666666665,305.6000061035156,"2026-08-02T19:13:21.000Z",0,1,"440004730-2026-06-19T08:06:06.000000Z-1"
129.37827,36.05121666666667,305.6000061035156,"2026-08-02T20:28:29.000Z",0,1,"440004730-2026-06-19T08:06:06.000000Z-1"
129.37826666666666,36.05123666666667,305.6000061035156,"2026-08-02T21:43:25.000Z",0,1,"440004730-2026-06-19T08:06:06.000000Z-1"
129.37825666666666,36.051233333333336,305.6000061035156,"2026-08-02T22:58:26.000Z",0,1,"440004730-2026-06-19T08:06:06.000000Z-1"
129.37826166666667,36.05124,305.6000061035156,"2026-08-03T00:13:26.000Z",0,1,"440004730-2026-06-19T08:06:06.000000Z-1"
129.38071166666666,36.04811,138.60000610351562,"2026-08-03T00:57:46.000Z",6.599999904632568,1,"440004730-2026-06-19T08:06:06.000000Z-1"
129.381455,36.04746,137.60000610351562,"2026-08-03T00:58:16.000Z",6.5,1,"440004730-2026-06-19T08:06:06.000000Z-1"
129.40943833333333,36.04774666666667,82.19999694824219,"2026-08-03T01:03:36.000Z",19.899999618530273,-14,"440004730-2026-06-19T08:06:06.000000Z-1"
129.41305166666666,36.048188333333336,80.4000015258789,"2026-08-03T01:04:06.000Z",21.100000381469727,-14,"440004730-2026-06-19T08:06:06.000000Z-1"
129.426595,36.050915,76.9000015258789,"2026-08-03T01:05:46.000Z",30.299999237060547,-20,"440004730-2026-06-19T08:06:06.000000Z-1"
129.46091833333332,36.064695,56.099998474121094,"2026-08-03T01:08:36.000Z",42.099998474121094,-23,"440004730-2026-06-19T08:06:06.000000Z-1"
129.495225,36.08558166666667,49.29999923706055,"2026-08-03T01:11:34.000Z",42,-26,"440004730-2026-06-19T08:06:06.000000Z-1"
129.60372666666666,36.18848833333333,38.5,"2026-08-03T01:23:18.000Z",41,-79,"440004730-2026-06-19T08:06:06.000000Z-1"
129.64585166666666,36.23576,38.79999923706055,"2026-08-03T01:28:22.000Z",41.400001525878906,-155,"440004730-2026-06-19T08:06:06.000000Z-1"
129.965045,36.54974833333333,25.200000762939453,"2026-08-03T02:06:30.000Z",21.799999237060547,-652,"440004730-2026-06-19T08:06:06.000000Z-1"
129.98109,36.5777,343.3999938964844,"2026-08-03T02:16:38.000Z",1.100000023841858,-747,"440004730-2026-06-19T08:06:06.000000Z-1"
129.9751,36.57518666666667,34.400001525878906,"2026-08-03T02:51:54.000Z",7.699999809265137,-747,"440004730-2026-06-19T08:06:06.000000Z-1"
129.975385,36.57539666666667,46.20000076293945,"2026-08-03T02:52:03.000Z",7.400000095367432,-747,"440004730-2026-06-19T08:06:06.000000Z-1"
129.99928166666666,36.54423833333333,141.6999969482422,"2026-08-03T03:17:58.000Z",20.399999618530273,-886,"440004730-2026-06-19T08:06:06.000000Z-1"
130.03298666666666,36.55441833333333,11.699999809265137,"2026-08-03T03:23:24.000Z",32.900001525878906,-1139,"440004730-2026-06-19T08:06:06.000000Z-1"
130.05375,36.59654166666667,27.700000762939453,"2026-08-03T03:27:22.000Z",41.79999923706055,-1267,"440004730-2026-06-19T08:06:06.000000Z-1"
130.07683666666668,36.62854,31.399999618530273,"2026-08-03T03:30:31.000Z",41.599998474121094,-1525,"440004730-2026-06-19T08:06:06.000000Z-1"
130.17112833333334,36.731703333333336,37.400001525878906,"2026-08-03T03:41:40.000Z",41.099998474121094,-2189,"440004730-2026-06-19T08:06:06.000000Z-1"
130.085,36.666666666666664,221,"2026-08-03T08:00:27.000Z",42,-1574,"440004730-2026-06-19T08:06:06.000000Z-1"
129.54333333333332,36.13666666666666,225,"2026-08-03T09:00:34.000Z",42,-52,"440004730-2026-06-19T08:06:06.000000Z-1"
129.464325,36.06776166666667,219.3000030517578,"2026-08-03T09:08:20.000Z",43.599998474121094,-23,"440004730-2026-06-19T08:06:06.000000Z-1"
129.39854,36.043326666666665,259.1000061035156,"2026-08-03T09:13:20.000Z",37.70000076293945,-2,"440004730-2026-06-19T08:06:06.000000Z-1"
129.38171166666666,36.047086666666665,322.79998779296875,"2026-08-03T09:17:38.000Z",7.800000190734863,1,"440004730-2026-06-19T08:06:06.000000Z-1"
129.37825666666666,36.051226666666665,300.70001220703125,"2026-08-03T10:28:18.000Z",0,1,"440004730-2026-06-19T08:06:06.000000Z-1"
129.37825166666667,36.051226666666665,300.70001220703125,"2026-08-03T11:43:19.000Z",0,1,"440004730-2026-06-19T08:06:06.000000Z-1"
129.37825666666666,36.051225,300.70001220703125,"2026-08-03T12:58:15.000Z",0,1,"440004730-2026-06-19T08:06:06.000000Z-1"
129.37824,36.051235,300.70001220703125,"2026-08-03T14:13:21.000Z",0,1,"440004730-2026-06-19T08:06:06.000000Z-1"
129.37826666666666,36.051215,300.70001220703125,"2026-08-03T15:31:23.000Z",0,1,"440004730-2026-06-19T08:06:06.000000Z-1"
129.37826666666666,36.051226666666665,300.70001220703125,"2026-08-03T16:43:21.000Z",0,1,"440004730-2026-06-19T08:06:06.000000Z-1"
129.37824666666666,36.051226666666665,300.70001220703125,"2026-08-03T18:07:22.000Z",0,1,"440004730-2026-06-19T08:06:06.000000Z-1"
129.37826666666666,36.05121833333333,300.70001220703125,"2026-08-03T19:22:17.000Z",0,1,"440004730-2026-06-19T08:06:06.000000Z-1"
129.37828333333334,36.0512,300.70001220703125,"2026-08-03T20:46:24.000Z",0,1,"440004730-2026-06-19T08:06:06.000000Z-1"
129.37824333333333,36.051226666666665,300.70001220703125,"2026-08-03T21:58:23.000Z",0,1,"440004730-2026-06-19T08:06:06.000000Z-1"
129.37825333333333,36.05123666666667,300.70001220703125,"2026-08-03T23:19:20.000Z",0,1,"440004730-2026-06-19T08:06:06.000000Z-1"
129.37826166666667,36.05127,300.70001220703125,"2026-08-04T00:43:22.000Z",0,1,"440004730-2026-06-19T08:06:06.000000Z-1"
129.37870333333333,36.049793333333334,176.10000610351562,"2026-08-04T00:49:35.000Z",4.400000095367432,1,"440004730-2026-06-19T08:06:06.000000Z-1"
129.37847,36.04971333333334,347.6000061035156,"2026-08-04T00:50:14.000Z",0.8999999761581421,1,"440004730-2026-06-19T08:06:06.000000Z-1"
129.37921166666666,36.04936166666667,129.10000610351562,"2026-08-04T00:51:01.000Z",6.400000095367432,1,"440004730-2026-06-19T08:06:06.000000Z-1"
129.381455,36.04772,136.1999969482422,"2026-08-04T00:52:00.000Z",9.300000190734863,1,"440004730-2026-06-19T08:06:06.000000Z-1"
129.39397666666667,36.045851666666664,80.30000305175781,"2026-08-04T00:55:03.000Z",16.799999237060547,-8,"440004730-2026-06-19T08:06:06.000000Z-1"
129.420185,36.04919833333334,79.5,"2026-08-04T00:59:01.000Z",22,-17,"440004730-2026-06-19T08:06:06.000000Z-1"
129.44253833333335,36.056085,60,"2026-08-04T01:01:19.000Z",37.70000076293945,-21,"440004730-2026-06-19T08:06:06.000000Z-1"
129.47357,36.07015833333333,64.5999984741211,"2026-08-04T01:03:54.000Z",41.400001525878906,-25,"440004730-2026-06-19T08:06:06.000000Z-1"
129.41296333333332,36.05012,247.5,"2026-08-04T08:09:14.000Z",43.400001525878906,-14,"440004730-2026-06-19T08:06:06.000000Z-1"
129.402185,36.047395,255.6999969482422,"2026-08-04T08:10:00.000Z",42.099998474121094,-10,"440004730-2026-06-19T08:06:06.000000Z-1"
129.39107333333334,36.045568333333335,260.8999938964844,"2026-08-04T08:11:04.000Z",21.200000762939453,-8,"440004730-2026-06-19T08:06:06.000000Z-1"
129.38034166666668,36.048948333333335,331.1000061035156,"2026-08-04T08:15:04.000Z",7.900000095367432,1,"440004730-2026-06-19T08:06:06.000000Z-1"
129.37826166666667,36.051233333333336,308.70001220703125,"2026-08-04T09:27:47.000Z",0,1,"440004730-2026-06-19T08:06:06.000000Z-1"
129.37825666666666,36.051255,308.70001220703125,"2026-08-04T10:39:42.000Z",0,1,"440004730-2026-06-19T08:06:06.000000Z-1"
129.37826833333332,36.051226666666665,308.70001220703125,"2026-08-04T11:51:46.000Z",0,1,"440004730-2026-06-19T08:06:06.000000Z-1"
129.37828,36.051228333333334,308.70001220703125,"2026-08-04T13:06:48.000Z",0,1,"440004730-2026-06-19T08:06:06.000000Z-1"
129.37827,36.051228333333334,308.70001220703125,"2026-08-04T14:18:47.000Z",0,1,"440004730-2026-06-19T08:06:06.000000Z-1"
129.378275,36.05121666666667,308.70001220703125,"2026-08-04T15:30:46.000Z",0,1,"440004730-2026-06-19T08:06:06.000000Z-1"
129.37826666666666,36.05121666666667,308.70001220703125,"2026-08-04T16:42:46.000Z",0,1,"440004730-2026-06-19T08:06:06.000000Z-1"
129.37827,36.05122,308.70001220703125,"2026-08-04T17:54:50.000Z",0,1,"440004730-2026-06-19T08:06:06.000000Z-1"
129.378275,36.051215,308.70001220703125,"2026-08-04T19:09:53.000Z",0,1,"440004730-2026-06-19T08:06:06.000000Z-1"
129.378275,36.05122,308.70001220703125,"2026-08-04T20:21:52.000Z",0,1,"440004730-2026-06-19T08:06:06.000000Z-1"
129.37826666666666,36.05123,308.70001220703125,"2026-08-04T21:33:50.000Z",0,1,"440004730-2026-06-19T08:06:06.000000Z-1"
129.378285,36.051225,308.70001220703125,"2026-08-04T22:48:52.000Z",0,1,"440004730-2026-06-19T08:06:06.000000Z-1"
129.378265,36.05122333333333,308.70001220703125,"2026-08-05T00:00:51.000Z",0,1,"440004730-2026-06-19T08:06:06.000000Z-1"
129.37830666666667,36.050628333333336,159.39999389648438,"2026-08-05T00:49:41.000Z",3.799999952316284,1,"440004730-2026-06-19T08:06:06.000000Z-1"
129.378425,36.050105,172.39999389648438,"2026-08-05T00:50:02.000Z",5.699999809265137,1,"440004730-2026-06-19T08:06:06.000000Z-1"
129.38993166666666,36.044565,76.5999984741211,"2026-08-05T00:55:02.000Z",15.899999618530273,-5,"440004730-2026-06-19T08:06:06.000000Z-1"
129.407765,36.049056666666665,70.9000015258789,"2026-08-05T00:58:00.000Z",19.5,-14,"440004730-2026-06-19T08:06:06.000000Z-1"
129.45843666666667,36.06674666666667,67.80000305175781,"2026-08-05T01:03:18.000Z",42.5,-23,"440004730-2026-06-19T08:06:06.000000Z-1"
130.17,36.75,39,"2026-08-05T02:18:30.000Z",43,-2215,"440004730-2026-06-19T08:06:06.000000Z-1"
130.88498166666668,37.45032,44.900001525878906,"2026-08-05T03:33:54.000Z",43.29999923706055,-21,"440004730-2026-06-19T08:06:06.000000Z-1"
130.91232333333335,37.478026666666665,354.79998779296875,"2026-08-05T03:38:55.000Z",6.699999809265137,41,"440004730-2026-06-19T08:06:06.000000Z-1"
130.906885,37.469535,208.6999969482422,"2026-08-05T05:18:41.000Z",25.200000762939453,-16,"440004730-2026-06-19T08:06:06.000000Z-1"
130.09166666666667,36.67,222,"2026-08-05T06:48:31.000Z",41,-1574,"440004730-2026-06-19T08:06:06.000000Z-1"
129.479885,36.076105,224.6999969482422,"2026-08-05T07:55:07.000Z",43.400001525878906,-26,"440004730-2026-06-19T08:06:06.000000Z-1"
129.41692833333335,36.052005,250.10000610351562,"2026-08-05T07:59:49.000Z",43.599998474121094,-17,"440004730-2026-06-19T08:06:06.000000Z-1"
129.40039,36.04727166666667,252.10000610351562,"2026-08-05T08:01:01.000Z",41,-10,"440004730-2026-06-19T08:06:06.000000Z-1"
129.38636833333334,36.04499,266.29998779296875,"2026-08-05T08:03:01.000Z",11.699999809265137,-5,"440004730-2026-06-19T08:06:06.000000Z-1"
129.37825833333332,36.051231666666666,340.20001220703125,"2026-08-05T08:08:04.000Z",0.6000000238418579,1,"440004730-2026-06-19T08:06:06.000000Z-1"
129.37825666666666,36.051233333333336,43.20000076293945,"2026-08-05T09:19:18.000Z",0,1,"440004730-2026-06-19T08:06:06.000000Z-1"
129.37825166666667,36.05124,43.20000076293945,"2026-08-05T10:34:17.000Z",0,1,"440004730-2026-06-19T08:06:06.000000Z-1"
129.37826333333334,36.05122333333333,43.20000076293945,"2026-08-05T11:46:19.000Z",0,1,"440004730-2026-06-19T08:06:06.000000Z-1"
129.378275,36.05123833333333,43.20000076293945,"2026-08-05T12:58:17.000Z",0,1,"440004730-2026-06-19T08:06:06.000000Z-1"
129.37826666666666,36.05121666666667,43.20000076293945,"2026-08-05T14:10:21.000Z",0,1,"440004730-2026-06-19T08:06:06.000000Z-1"
129.37828166666668,36.051183333333334,43.20000076293945,"2026-08-05T15:22:18.000Z",0,1,"440004730-2026-06-19T08:06:06.000000Z-1"
129.37827666666666,36.051226666666665,43.20000076293945,"2026-08-05T16:34:20.000Z",0,1,"440004730-2026-06-19T08:06:06.000000Z-1"
129.37825833333332,36.05121833333333,43.20000076293945,"2026-08-05T17:46:20.000Z",0,1,"440004730-2026-06-19T08:06:06.000000Z-1"
129.37825666666666,36.05119833333333,43.20000076293945,"2026-08-05T18:58:18.000Z",0,1,"440004730-2026-06-19T08:06:06.000000Z-1"
129.37827333333334,36.05119666666667,43.20000076293945,"2026-08-05T20:13:22.000Z",0,1,"440004730-2026-06-19T08:06:06.000000Z-1"
129.37828166666668,36.051228333333334,43.20000076293945,"2026-08-05T21:25:22.000Z",0,1,"440004730-2026-06-19T08:06:06.000000Z-1"
129.37825833333332,36.051233333333336,43.20000076293945,"2026-08-05T22:37:25.000Z",0,1,"440004730-2026-06-19T08:06:06.000000Z-1"
129.37827166666668,36.05123666666667,43.20000076293945,"2026-08-05T23:49:20.000Z",0,1,"440004730-2026-06-19T08:06:06.000000Z-1"