"lon","lat","course","timestamp","speed","depth","seg_id"
126.37718166666667,34.82687166666667,0,"2026-06-18T22:32:49.000Z",0,-7,"440041740-2026-06-18T22:32:49.000000Z-1"
126.37716333333333,34.82687166666667,0,"2026-06-18T23:02:00.000Z",0.10000000149011612,-7,"440041740-2026-06-18T22:32:49.000000Z-1"
126.37715333333334,34.82687,0,"2026-06-18T23:03:00.000Z",0,-7,"440041740-2026-06-18T22:32:49.000000Z-1"
126.37714833333334,34.826876666666664,0,"2026-06-19T00:13:01.000Z",0,-7,"440041740-2026-06-18T22:32:49.000000Z-1"
126.37698666666667,34.82698166666667,302.3999938964844,"2026-06-19T01:17:01.000Z",0.20000000298023224,-7,"440041740-2026-06-18T22:32:49.000000Z-1"
126.37692833333334,34.827,302.29998779296875,"2026-06-19T01:18:01.000Z",0.20000000298023224,-7,"440041740-2026-06-18T22:32:49.000000Z-1"
126.37631833333333,34.82725166666667,268.1000061035156,"2026-06-19T01:27:02.000Z",0.699999988079071,-7,"440041740-2026-06-18T22:32:49.000000Z-1"
126.37581666666667,34.82711333333334,250.1999969482422,"2026-06-19T01:28:04.000Z",1.2000000476837158,-7,"440041740-2026-06-18T22:32:49.000000Z-1"
126.37146833333334,34.82297166666667,220.39999389648438,"2026-06-19T01:42:02.000Z",3.799999952316284,-8,"440041740-2026-06-18T22:32:49.000000Z-1"
126.37044,34.822001666666665,220.60000610351562,"2026-06-19T01:43:03.000Z",5,-8,"440041740-2026-06-18T22:32:49.000000Z-1"
126.36282,34.81319,217,"2026-06-19T01:51:00.000Z",7.5,-4,"440041740-2026-06-18T22:32:49.000000Z-1"
126.35266166666666,34.804946666666666,218,"2026-06-19T01:55:00.000Z",11.5,-6,"440041740-2026-06-18T22:32:49.000000Z-1"
126.34602333333333,34.797268333333335,209.60000610351562,"2026-06-19T01:58:00.000Z",10.899999618530273,-6,"440041740-2026-06-18T22:32:49.000000Z-1"
126.34203666666667,34.78232333333333,195.5,"2026-06-19T02:03:01.000Z",11.399999618530273,-12,"440041740-2026-06-18T22:32:49.000000Z-1"
126.33404666666667,34.771245,212.60000610351562,"2026-06-19T02:06:00.000Z",17.700000762939453,-11,"440041740-2026-06-18T22:32:49.000000Z-1"
126.323315,34.75967,222.3000030517578,"2026-06-19T02:09:00.000Z",17.899999618530273,-3,"440041740-2026-06-18T22:32:49.000000Z-1"
126.307115,34.761813333333336,304.8999938964844,"2026-06-19T02:12:04.000Z",17.5,18,"440041740-2026-06-18T22:32:49.000000Z-1"
126.29236166666666,34.770043333333334,303.3999938964844,"2026-06-19T02:15:00.000Z",18.399999618530273,-19,"440041740-2026-06-18T22:32:49.000000Z-1"
126.26842833333333,34.77282,276.1000061035156,"2026-06-19T02:22:04.000Z",20.5,-22,"440041740-2026-06-18T22:32:49.000000Z-1"
126.25716666666666,34.76761333333334,219.8000030517578,"2026-06-19T02:24:03.000Z",21,-24,"440041740-2026-06-18T22:32:49.000000Z-1"
126.23557833333334,34.744405,208.10000610351562,"2026-06-19T02:27:00.000Z",44.29999923706055,-21,"440041740-2026-06-18T22:32:49.000000Z-1"
126.23019,34.73295,196.1999969482422,"2026-06-19T02:28:00.000Z",43.900001525878906,-26,"440041740-2026-06-18T22:32:49.000000Z-1"
126.23009,34.72083666666666,170.1999969482422,"2026-06-19T02:29:00.000Z",43.599998474121094,-25,"440041740-2026-06-18T22:32:49.000000Z-1"
126.23244666666666,34.70852333333333,175.3000030517578,"2026-06-19T02:30:00.000Z",44.20000076293945,-26,"440041740-2026-06-18T22:32:49.000000Z-1"
126.23292166666667,34.696255,180.5,"2026-06-19T02:31:00.000Z",43.900001525878906,-24,"440041740-2026-06-18T22:32:49.000000Z-1"
126.22854,34.65996666666667,185.10000610351562,"2026-06-19T02:34:00.000Z",44,-29,"440041740-2026-06-18T22:32:49.000000Z-1"
126.22851166666666,34.647175,178.5,"2026-06-19T02:35:02.000Z",43.79999923706055,-27,"440041740-2026-06-18T22:32:49.000000Z-1"
126.22888333333333,34.63543333333333,179.39999389648438,"2026-06-19T02:36:00.000Z",43.70000076293945,-30,"440041740-2026-06-18T22:32:49.000000Z-1"
126.22829333333334,34.62293,180,"2026-06-19T02:37:02.000Z",42.79999923706055,-22,"440041740-2026-06-18T22:32:49.000000Z-1"
126.22505166666667,34.610315,199.10000610351562,"2026-06-19T02:38:08.000Z",42.70000076293945,-18,"440041740-2026-06-18T22:32:49.000000Z-1"
126.20983166666667,34.57678166666667,203,"2026-06-19T02:41:04.000Z",44.400001525878906,-15,"440041740-2026-06-18T22:32:49.000000Z-1"
126.20272833333334,34.565871666666666,212.89999389648438,"2026-06-19T02:42:04.000Z",44.599998474121094,-7,"440041740-2026-06-18T22:32:49.000000Z-1"
126.18789833333334,34.55618,254.39999389648438,"2026-06-19T02:43:22.000Z",43.79999923706055,-14,"440041740-2026-06-18T22:32:49.000000Z-1"
126.17070833333334,34.551613333333336,250.39999389648438,"2026-06-19T02:44:34.000Z",44.599998474121094,-26,"440041740-2026-06-18T22:32:49.000000Z-1"
126.15575666666666,34.539743333333334,214.8000030517578,"2026-06-19T02:46:00.000Z",43.900001525878906,-28,"440041740-2026-06-18T22:32:49.000000Z-1"
126.14781,34.527205,202.60000610351562,"2026-06-19T02:47:10.000Z",43.79999923706055,-23,"440041740-2026-06-18T22:32:49.000000Z-1"
126.14527333333334,34.515616666666666,190.5,"2026-06-19T02:48:08.000Z",43.900001525878906,-26,"440041740-2026-06-18T22:32:49.000000Z-1"
126.12480666666667,34.488548333333334,232.10000610351562,"2026-06-19T02:50:52.000Z",43.20000076293945,-26,"440041740-2026-06-18T22:32:49.000000Z-1"
126.09264166666667,34.47388333333333,238.8000030517578,"2026-06-19T02:53:24.000Z",42.900001525878906,-30,"440041740-2026-06-18T22:32:49.000000Z-1"
126.07367833333333,34.456615,203.8000030517578,"2026-06-19T02:55:24.000Z",42.5,-37,"440041740-2026-06-18T22:32:49.000000Z-1"
126.09019666666667,34.394256666666664,151.8000030517578,"2026-06-19T03:01:11.000Z",41.5,-24,"440041740-2026-06-18T22:32:49.000000Z-1"
126.09623,34.385596666666665,100.4000015258789,"2026-06-19T03:03:41.000Z",0.6000000238418579,-16,"440041740-2026-06-18T22:32:49.000000Z-1"
126.09931166666667,34.383833333333335,135.3000030517578,"2026-06-19T03:05:52.000Z",16.200000762939453,-23,"440041740-2026-06-18T22:32:49.000000Z-1"
126.11243833333333,34.372188333333334,124.69999694824219,"2026-06-19T03:08:51.000Z",19.5,-18,"440041740-2026-06-18T22:32:49.000000Z-1"
126.12468,34.371135,64.4000015258789,"2026-06-19T03:10:51.000Z",16.799999237060547,-15,"440041740-2026-06-18T22:32:49.000000Z-1"
126.13333333333334,34.375,181,"2026-06-19T04:21:48.000Z",0,2,"440041740-2026-06-18T22:32:49.000000Z-1"
126.13333333333334,34.375,181,"2026-06-19T05:45:50.000Z",0,2,"440041740-2026-06-18T22:32:49.000000Z-1"
126.13465333333333,34.37524333333333,181.3000030517578,"2026-06-19T06:56:57.000Z",0,2,"440041740-2026-06-18T22:32:49.000000Z-1"
126.13465,34.375251666666664,181.3000030517578,"2026-06-19T08:07:07.000Z",0,2,"440041740-2026-06-18T22:32:49.000000Z-1"
126.13464166666667,34.37528,181.3000030517578,"2026-06-19T09:17:45.000Z",0,2,"440041740-2026-06-18T22:32:49.000000Z-1"
126.13463833333333,34.375255,181.3000030517578,"2026-06-19T10:28:16.000Z",0,2,"440041740-2026-06-18T22:32:49.000000Z-1"
126.13333333333334,34.375,181,"2026-06-19T12:24:49.000Z",0,2,"440041740-2026-06-18T22:32:49.000000Z-1"
126.13464833333333,34.37526,181.3000030517578,"2026-06-19T13:41:45.000Z",0,2,"440041740-2026-06-18T22:32:49.000000Z-1"
126.13464333333333,34.37525333333333,181.3000030517578,"2026-06-19T14:52:16.000Z",0,2,"440041740-2026-06-18T22:32:49.000000Z-1"
126.13462666666666,34.37524333333333,181.3000030517578,"2026-06-19T16:34:18.000Z",0,2,"440041740-2026-06-18T22:32:49.000000Z-1"
126.13462166666666,34.37525333333333,181.3000030517578,"2026-06-19T17:45:15.000Z",0,2,"440041740-2026-06-18T22:32:49.000000Z-1"
126.13333333333334,34.375,181,"2026-06-19T19:48:48.000Z",0,2,"440041740-2026-06-18T22:32:49.000000Z-1"
126.134635,34.37524166666667,181.3000030517578,"2026-06-19T21:11:37.000Z",0,2,"440041740-2026-06-18T22:32:49.000000Z-1"
126.13333333333334,34.375,181,"2026-06-19T22:33:52.000Z",0,2,"440041740-2026-06-18T22:32:49.000000Z-1"
126.13465,34.37527,181.3000030517578,"2026-06-20T00:38:27.000Z",0,2,"440041740-2026-06-18T22:32:49.000000Z-1"
126.134635,34.375265,181.3000030517578,"2026-06-20T01:48:36.000Z",0,2,"440041740-2026-06-18T22:32:49.000000Z-1"
126.13465333333333,34.37527166666667,181.3000030517578,"2026-06-20T03:01:16.000Z",0,2,"440041740-2026-06-18T22:32:49.000000Z-1"
126.13466333333334,34.375258333333335,181.3000030517578,"2026-06-20T04:13:07.000Z",0,2,"440041740-2026-06-18T22:32:49.000000Z-1"
126.13464,34.37527333333333,181.3000030517578,"2026-06-20T05:25:08.000Z",0,2,"440041740-2026-06-18T22:32:49.000000Z-1"
126.13463166666666,34.375275,181.3000030517578,"2026-06-20T06:35:56.000Z",0,2,"440041740-2026-06-18T22:32:49.000000Z-1"
126.13464,34.37526,181.3000030517578,"2026-06-20T07:59:45.000Z",0,2,"440041740-2026-06-18T22:32:49.000000Z-1"
126.13333333333334,34.375,181,"2026-06-20T10:24:49.000Z",0,2,"440041740-2026-06-18T22:32:49.000000Z-1"
126.13463833333333,34.37524833333333,181.3000030517578,"2026-06-20T11:40:06.000Z",0,2,"440041740-2026-06-18T22:32:49.000000Z-1"
126.13461166666667,34.37524666666667,181.3000030517578,"2026-06-20T12:50:25.000Z",0,2,"440041740-2026-06-18T22:32:49.000000Z-1"
126.13464666666667,34.37527333333333,181.3000030517578,"2026-06-20T14:02:16.000Z",0,2,"440041740-2026-06-18T22:32:49.000000Z-1"
126.13463333333333,34.37526,181.3000030517578,"2026-06-20T15:13:08.000Z",0,2,"440041740-2026-06-18T22:32:49.000000Z-1"
126.134645,34.37524333333333,181.3000030517578,"2026-06-20T16:25:05.000Z",0,2,"440041740-2026-06-18T22:32:49.000000Z-1"
126.134645,34.37524666666667,181.3000030517578,"2026-06-20T17:35:16.000Z",0,2,"440041740-2026-06-18T22:32:49.000000Z-1"
126.13464,34.375258333333335,181.3000030517578,"2026-06-20T18:46:25.000Z",0,2,"440041740-2026-06-18T22:32:49.000000Z-1"
126.13463333333333,34.375251666666664,181.3000030517578,"2026-06-20T19:56:47.000Z",0,2,"440041740-2026-06-18T22:32:49.000000Z-1"
126.13464666666667,34.37523,181.3000030517578,"2026-06-20T21:07:16.000Z",0,2,"440041740-2026-06-18T22:32:49.000000Z-1"
126.13465833333333,34.375256666666665,181.3000030517578,"2026-06-20T22:26:46.000Z",0,2,"440041740-2026-06-18T22:32:49.000000Z-1"
126.13465333333333,34.37526666666667,181.3000030517578,"2026-06-21T00:07:26.000Z",0,2,"440041740-2026-06-18T22:32:49.000000Z-1"
126.13464833333333,34.37526666666667,181.3000030517578,"2026-06-21T01:20:36.000Z",0,2,"440041740-2026-06-18T22:32:49.000000Z-1"
126.13333333333334,34.375,181,"2026-06-21T03:45:56.000Z",0,2,"440041740-2026-06-18T22:32:49.000000Z-1"
126.13333333333334,34.375,181,"2026-06-21T05:15:47.000Z",0,2,"440041740-2026-06-18T22:32:49.000000Z-1"
126.13465833333333,34.375256666666665,181.3000030517578,"2026-06-21T06:26:24.000Z",0,2,"440041740-2026-06-18T22:32:49.000000Z-1"
126.13464,34.37525333333333,181.3000030517578,"2026-06-21T07:37:05.000Z",0,2,"440041740-2026-06-18T22:32:49.000000Z-1"
126.13466,34.37524666666667,181.3000030517578,"2026-06-21T08:48:05.000Z",0,2,"440041740-2026-06-18T22:32:49.000000Z-1"
126.13465,34.37526,181.3000030517578,"2026-06-21T09:59:04.000Z",0,2,"440041740-2026-06-18T22:32:49.000000Z-1"
126.13464,34.37524666666667,181.3000030517578,"2026-06-21T11:09:06.000Z",0,2,"440041740-2026-06-18T22:32:49.000000Z-1"
126.13463833333333,34.37525333333333,181.3000030517578,"2026-06-21T12:19:07.000Z",0,2,"440041740-2026-06-18T22:32:49.000000Z-1"
126.13463833333333,34.37525333333333,181.3000030517578,"2026-06-21T13:37:14.000Z",0,2,"440041740-2026-06-18T22:32:49.000000Z-1"
126.13464833333333,34.375255,181.3000030517578,"2026-06-21T14:47:15.000Z",0,2,"440041740-2026-06-18T22:32:49.000000Z-1"
126.13463166666666,34.37524333333333,181.3000030517578,"2026-06-21T15:57:36.000Z",0,2,"440041740-2026-06-18T22:32:49.000000Z-1"
126.13462333333334,34.37525333333333,181.3000030517578,"2026-06-21T17:08:36.000Z",0,2,"440041740-2026-06-18T22:32:49.000000Z-1"
126.13463833333333,34.375245,181.3000030517578,"2026-06-21T18:19:05.000Z",0,2,"440041740-2026-06-18T22:32:49.000000Z-1"
126.13463833333333,34.37524666666667,181.3000030517578,"2026-06-21T19:36:37.000Z",0,2,"440041740-2026-06-18T22:32:49.000000Z-1"
126.13333333333334,34.375,181,"2026-06-21T20:48:47.000Z",0,2,"440041740-2026-06-18T22:32:49.000000Z-1"
126.13333333333334,34.375,181,"2026-06-21T22:24:49.000Z",0,2,"440041740-2026-06-18T22:32:49.000000Z-1"
126.13468666666667,34.375373333333336,4.900000095367432,"2026-06-21T22:55:22.000Z",0.6000000238418579,2,"440041740-2026-06-18T22:32:49.000000Z-1"
126.13477666666667,34.37633,359.70001220703125,"2026-06-21T22:56:57.000Z",5.5,2,"440041740-2026-06-18T22:32:49.000000Z-1"
126.124335,34.37158,240.8000030517578,"2026-06-21T23:00:28.000Z",15.399999618530273,-15,"440041740-2026-06-18T22:32:49.000000Z-1"
126.13028,34.33691,146,"2026-06-21T23:04:44.000Z",43.900001525878906,-31,"440041740-2026-06-18T22:32:49.000000Z-1"
126.29666666666667,33.961666666666666,302,"2026-06-22T00:00:47.000Z",0,8,"440041740-2026-06-18T22:32:49.000000Z-1"
126.47125166666666,33.695706666666666,165.5,"2026-06-22T00:36:26.000Z",41.20000076293945,-108,"440041740-2026-06-18T22:32:49.000000Z-1"
126.50679166666667,33.614158333333336,157.1999969482422,"2026-06-22T00:44:02.000Z",41,-118,"440041740-2026-06-18T22:32:49.000000Z-1"
126.54185666666666,33.55146166666667,164.3000030517578,"2026-06-22T00:50:06.000Z",40.5,-77,"440041740-2026-06-18T22:32:49.000000Z-1"
126.54563,33.539593333333336,168.10000610351562,"2026-06-22T00:51:58.000Z",15.300000190734863,-42,"440041740-2026-06-18T22:32:49.000000Z-1"
126.53939666666666,33.52703666666667,201.89999389648438,"2026-06-22T00:56:36.000Z",10.5,-12,"440041740-2026-06-18T22:32:49.000000Z-1"
126.53333333333333,33.52,158,"2026-06-22T02:06:51.000Z",0,2,"440041740-2026-06-18T22:32:49.000000Z-1"
126.53333333333333,33.52,158,"2026-06-22T04:30:49.000Z",0,2,"440041740-2026-06-18T22:32:49.000000Z-1"
126.53333333333333,33.51833333333333,158,"2026-06-22T05:45:54.000Z",0,2,"440041740-2026-06-18T22:32:49.000000Z-1"
126.53833333333333,33.525,29,"2026-06-22T07:27:48.000Z",9,-12,"440041740-2026-06-18T22:32:49.000000Z-1"
126.54408166666667,33.53912166666667,4.400000095367432,"2026-06-22T07:31:26.000Z",26.100000381469727,-42,"440041740-2026-06-18T22:32:49.000000Z-1"
126.5432,33.55600166666667,351.29998779296875,"2026-06-22T07:33:06.000Z",41.70000076293945,-94,"440041740-2026-06-18T22:32:49.000000Z-1"
126.53583833333333,33.58981166666667,353.79998779296875,"2026-06-22T07:36:02.000Z",42,-111,"440041740-2026-06-18T22:32:49.000000Z-1"
126.53437666666666,33.60142,352.29998779296875,"2026-06-22T07:37:02.000Z",41.900001525878906,-117,"440041740-2026-06-18T22:32:49.000000Z-1"
126.52063333333334,33.63073833333333,321.8999938964844,"2026-06-22T07:40:02.000Z",38.20000076293945,-122,"440041740-2026-06-18T22:32:49.000000Z-1"
126.478405,33.677933333333335,321.5,"2026-06-22T07:45:38.000Z",37.79999923706055,-112,"440041740-2026-06-18T22:32:49.000000Z-1"
126.46538,33.69589333333333,333.79998779296875,"2026-06-22T07:48:03.000Z",36.5,-108,"440041740-2026-06-18T22:32:49.000000Z-1"
126.441775,33.73690833333333,334.5,"2026-06-22T07:54:45.000Z",21.5,-90,"440041740-2026-06-18T22:32:49.000000Z-1"
126.33166666666666,33.99,333,"2026-06-22T09:03:49.000Z",43,-22,"440041740-2026-06-18T22:32:49.000000Z-1"
126.12492333333333,34.37079833333333,50,"2026-06-22T09:40:41.000Z",11.800000190734863,-15,"440041740-2026-06-18T22:32:49.000000Z-1"
126.13434666666667,34.375688333333336,124.80000305175781,"2026-06-22T09:45:12.000Z",1.100000023841858,2,"440041740-2026-06-18T22:32:49.000000Z-1"
126.13463833333333,34.37524333333333,226,"2026-06-22T11:06:56.000Z",0,2,"440041740-2026-06-18T22:32:49.000000Z-1"
126.134645,34.37524833333333,226,"2026-06-22T12:18:17.000Z",0,2,"440041740-2026-06-18T22:32:49.000000Z-1"
126.13465,34.37526166666667,226,"2026-06-22T13:29:35.000Z",0,2,"440041740-2026-06-18T22:32:49.000000Z-1"
126.13463333333333,34.375256666666665,226,"2026-06-22T14:40:06.000Z",0,2,"440041740-2026-06-18T22:32:49.000000Z-1"
126.13464166666667,34.37525,226,"2026-06-22T15:51:17.000Z",0,2,"440041740-2026-06-18T22:32:49.000000Z-1"
126.13463333333333,34.37524666666667,226,"2026-06-22T17:01:37.000Z",0,2,"440041740-2026-06-18T22:32:49.000000Z-1"
126.13463666666667,34.375265,226,"2026-06-22T18:49:33.000Z",0,2,"440041740-2026-06-18T22:32:49.000000Z-1"
126.13333333333334,34.375,226,"2026-06-22T21:00:49.000Z",0,2,"440041740-2026-06-18T22:32:49.000000Z-1"
126.13333333333334,34.375,226,"2026-06-22T22:18:47.000Z",0,2,"440041740-2026-06-18T22:32:49.000000Z-1"
126.13333333333334,34.375,226,"2026-06-23T00:00:52.000Z",0,2,"440041740-2026-06-18T22:32:49.000000Z-1"
126.13464833333333,34.37525333333333,226,"2026-06-23T01:12:46.000Z",0,2,"440041740-2026-06-18T22:32:49.000000Z-1"
126.13464,34.37525,226,"2026-06-23T02:32:17.000Z",0,2,"440041740-2026-06-18T22:32:49.000000Z-1"
126.13465,34.375263333333336,226,"2026-06-23T03:49:56.000Z",0,2,"440041740-2026-06-18T22:32:49.000000Z-1"
126.13463333333333,34.37526166666667,226,"2026-06-23T05:00:46.000Z",0,2,"440041740-2026-06-18T22:32:49.000000Z-1"
126.13464333333333,34.37527166666667,226,"2026-06-23T06:11:56.000Z",0,2,"440041740-2026-06-18T22:32:49.000000Z-1"
126.13465,34.375258333333335,226,"2026-06-23T07:54:25.000Z",0,2,"440041740-2026-06-18T22:32:49.000000Z-1"
126.134635,34.375265,226,"2026-06-23T09:06:17.000Z",0,2,"440041740-2026-06-18T22:32:49.000000Z-1"
126.13464666666667,34.375265,226,"2026-06-23T10:29:16.000Z",0,2,"440041740-2026-06-18T22:32:49.000000Z-1"
126.13464166666667,34.375263333333336,226,"2026-06-23T11:39:56.000Z",0,2,"440041740-2026-06-18T22:32:49.000000Z-1"
126.13463333333333,34.375265,226,"2026-06-23T12:54:06.000Z",0,2,"440041740-2026-06-18T22:32:49.000000Z-1"
126.13464833333333,34.375255,226,"2026-06-23T14:11:46.000Z",0,2,"440041740-2026-06-18T22:32:49.000000Z-1"
126.13465166666667,34.37526,226,"2026-06-23T15:25:07.000Z",0,2,"440041740-2026-06-18T22:32:49.000000Z-1"
126.13465166666667,34.37526,226,"2026-06-23T16:35:36.000Z",0,2,"440041740-2026-06-18T22:32:49.000000Z-1"
126.13464,34.37526833333333,226,"2026-06-23T17:46:06.000Z",0,2,"440041740-2026-06-18T22:32:49.000000Z-1"
126.13333333333334,34.375,226,"2026-06-23T19:15:48.000Z",0,2,"440041740-2026-06-18T22:32:49.000000Z-1"
126.13464166666667,34.375236666666666,226,"2026-06-23T20:47:45.000Z",0,2,"440041740-2026-06-18T22:32:49.000000Z-1"
126.13465,34.37526833333333,226,"2026-06-23T22:26:15.000Z",0,2,"440041740-2026-06-18T22:32:49.000000Z-1"
126.13465833333333,34.375255,226,"2026-06-23T23:40:26.000Z",0,2,"440041740-2026-06-18T22:32:49.000000Z-1"
126.13466,34.37525,226,"2026-06-24T00:51:07.000Z",0,2,"440041740-2026-06-18T22:32:49.000000Z-1"
126.13465333333333,34.37527,226,"2026-06-24T02:02:17.000Z",0,2,"440041740-2026-06-18T22:32:49.000000Z-1"
126.13464666666667,34.37527333333333,226,"2026-06-24T03:12:56.000Z",0,2,"440041740-2026-06-18T22:32:49.000000Z-1"
126.13465,34.37528666666667,226,"2026-06-24T04:23:25.000Z",0,2,"440041740-2026-06-18T22:32:49.000000Z-1"
126.13461,34.37528,226,"2026-06-24T05:37:56.000Z",0,2,"440041740-2026-06-18T22:32:49.000000Z-1"
126.13464,34.37525,226,"2026-06-24T06:48:06.000Z",0,2,"440041740-2026-06-18T22:32:49.000000Z-1"
126.13464,34.37527166666667,226,"2026-06-24T08:25:56.000Z",0,2,"440041740-2026-06-18T22:32:49.000000Z-1"
126.134635,34.37527166666667,226,"2026-06-24T09:36:37.000Z",0,2,"440041740-2026-06-18T22:32:49.000000Z-1"
126.13464,34.375233333333334,226,"2026-06-24T10:48:37.000Z",0,2,"440041740-2026-06-18T22:32:49.000000Z-1"
126.13465166666667,34.375251666666664,226,"2026-06-24T12:00:16.000Z",0,2,"440041740-2026-06-18T22:32:49.000000Z-1"
126.13464166666667,34.375258333333335,226,"2026-06-24T13:11:16.000Z",0,2,"440041740-2026-06-18T22:32:49.000000Z-1"
126.13465166666667,34.37525333333333,226,"2026-06-24T14:22:06.000Z",0,2,"440041740-2026-06-18T22:32:49.000000Z-1"
126.13464833333333,34.37522166666667,226,"2026-06-24T15:32:16.000Z",0,2,"440041740-2026-06-18T22:32:49.000000Z-1"
126.13465333333333,34.37522333333333,226,"2026-06-24T16:42:56.000Z",0,2,"440041740-2026-06-18T22:32:49.000000Z-1"
126.13462666666666,34.37525,226,"2026-06-24T17:53:17.000Z",0,2,"440041740-2026-06-18T22:32:49.000000Z-1"
126.13464166666667,34.37525333333333,226,"2026-06-24T19:03:25.000Z",0,2,"440041740-2026-06-18T22:32:49.000000Z-1"
126.13465833333333,34.37522833333333,226,"2026-06-24T20:14:36.000Z",0,2,"440041740-2026-06-18T22:32:49.000000Z-1"
126.13465,34.375263333333336,226,"2026-06-24T21:26:56.000Z",0,2,"440041740-2026-06-18T22:32:49.000000Z-1"
126.13465,34.37525333333333,226,"2026-06-24T22:37:46.000Z",0,2,"440041740-2026-06-18T22:32:49.000000Z-1"
126.13465333333333,34.375255,22.299999237060547,"2026-06-24T22:57:39.000Z",0.30000001192092896,2,"440041740-2026-06-18T22:32:49.000000Z-1"
126.13467833333333,34.375566666666664,3.5999999046325684,"2026-06-24T22:59:17.000Z",0.8999999761581421,2,"440041740-2026-06-18T22:32:49.000000Z-1"
126.134935,34.376465,358.3999938964844,"2026-06-24T23:00:02.000Z",4.699999809265137,2,"440041740-2026-06-18T22:32:49.000000Z-1"
126.12488,34.371025,242.1999969482422,"2026-06-24T23:03:17.000Z",17.799999237060547,-15,"440041740-2026-06-18T22:32:49.000000Z-1"
126.11973166666667,34.349136666666666,149.1999969482422,"2026-06-24T23:06:30.000Z",38.599998474121094,-21,"440041740-2026-06-18T22:32:49.000000Z-1"
126.29833333333333,33.96,121,"2026-06-25T00:15:54.000Z",12,8,"440041740-2026-06-18T22:32:49.000000Z-1"
126.50531166666667,33.64116,167.5,"2026-06-25T00:55:42.000Z",36,-120,"440041740-2026-06-18T22:32:49.000000Z-1"
126.51996666666666,33.594348333333336,158.39999389648438,"2026-06-25T01:00:30.000Z",37.20000076293945,-111,"440041740-2026-06-18T22:32:49.000000Z-1"
126.53829,33.55364,160.89999389648438,"2026-06-25T01:04:46.000Z",33.900001525878906,-77,"440041740-2026-06-18T22:32:49.000000Z-1"
126.54441666666666,33.543596666666666,159.5,"2026-06-25T01:06:38.000Z",17.200000762939453,-42,"440041740-2026-06-18T22:32:49.000000Z-1"
126.544625,33.534415,198.10000610351562,"2026-06-25T01:09:18.000Z",10.5,-12,"440041740-2026-06-18T22:32:49.000000Z-1"
126.53333333333333,33.52,227,"2026-06-25T02:30:51.000Z",0,2,"440041740-2026-06-18T22:32:49.000000Z-1"
126.53333333333333,33.52,227,"2026-06-25T03:51:49.000Z",0,2,"440041740-2026-06-18T22:32:49.000000Z-1"
126.53333333333333,33.52,227,"2026-06-25T05:09:56.000Z",0,2,"440041740-2026-06-18T22:32:49.000000Z-1"
126.53344666666666,33.52001666666666,227.10000610351562,"2026-06-25T06:45:37.000Z",0,2,"440041740-2026-06-18T22:32:49.000000Z-1"
126.53343,33.52014,345.29998779296875,"2026-06-25T07:15:41.000Z",0.6000000238418579,2,"440041740-2026-06-18T22:32:49.000000Z-1"
126.5437,33.535156666666666,4,"2026-06-25T07:22:37.000Z",16.5,-42,"440041740-2026-06-18T22:32:49.000000Z-1"
126.54318333333333,33.54494,2.299999952316284,"2026-06-25T07:24:05.000Z",28.700000762939453,-42,"440041740-2026-06-18T22:32:49.000000Z-1"
126.54431666666666,33.55405666666667,2.200000047683716,"2026-06-25T07:25:02.000Z",39.20000076293945,-77,"440041740-2026-06-18T22:32:49.000000Z-1"
126.54430166666667,33.56554833333333,356.29998779296875,"2026-06-25T07:26:02.000Z",40.79999923706055,-101,"440041740-2026-06-18T22:32:49.000000Z-1"
126.54141666666666,33.577281666666664,339.1000061035156,"2026-06-25T07:27:06.000Z",39.79999923706055,-105,"440041740-2026-06-18T22:32:49.000000Z-1"
126.53288833333333,33.60017,341.20001220703125,"2026-06-25T07:29:14.000Z",40.900001525878906,-117,"440041740-2026-06-18T22:32:49.000000Z-1"
126.379885,33.88723,334,"2026-06-25T07:56:57.000Z",41.70000076293945,-58,"440041740-2026-06-18T22:32:49.000000Z-1"
126.31936333333333,34.02021333333333,341.8999938964844,"2026-06-25T08:41:08.000Z",41.599998474121094,-38,"440041740-2026-06-18T22:32:49.000000Z-1"
126.12433,34.37111,61.5,"2026-06-25T09:16:55.000Z",11.199999809265137,-15,"440041740-2026-06-18T22:32:49.000000Z-1"
126.13333333333334,34.375,174,"2026-06-25T10:36:49.000Z",0,2,"440041740-2026-06-18T22:32:49.000000Z-1"
126.13333333333334,34.375,174,"2026-06-25T12:00:54.000Z",0,2,"440041740-2026-06-18T22:32:49.000000Z-1"
126.13464666666667,34.375263333333336,174,"2026-06-25T13:44:07.000Z",0,2,"440041740-2026-06-18T22:32:49.000000Z-1"
126.13333333333334,34.375,174,"2026-06-25T16:06:51.000Z",0,2,"440041740-2026-06-18T22:32:49.000000Z-1"
126.13333333333334,34.375,174,"2026-06-25T17:18:51.000Z",0,2,"440041740-2026-06-18T22:32:49.000000Z-1"
126.13462833333334,34.37524666666667,174,"2026-06-25T18:59:06.000Z",0,2,"440041740-2026-06-18T22:32:49.000000Z-1"
126.13333333333334,34.375,174,"2026-06-25T21:06:53.000Z",0,2,"440041740-2026-06-18T22:32:49.000000Z-1"
126.13333333333334,34.375,174,"2026-06-25T22:27:49.000Z",0,2,"440041740-2026-06-18T22:32:49.000000Z-1"
126.29666666666667,34.06166666666667,157,"2026-06-25T23:33:52.000Z",42,-49,"440041740-2026-06-18T22:32:49.000000Z-1"
126.31774833333333,33.959846666666664,222.3000030517578,"2026-06-25T23:43:49.000Z",25.5,-5,"440041740-2026-06-18T22:32:49.000000Z-1"
126.34666666666666,33.96,128,"2026-06-26T00:12:50.000Z",41,-26,"440041740-2026-06-18T22:32:49.000000Z-1"
126.54014833333333,33.632931666666664,162.1999969482422,"2026-06-26T00:44:02.000Z",42.900001525878906,-128,"440041740-2026-06-18T22:32:49.000000Z-1"
126.54416,33.62045333333333,168.5,"2026-06-26T00:45:06.000Z",42.900001525878906,-127,"440041740-2026-06-18T22:32:49.000000Z-1"
126.54941333333333,33.56724333333333,179.39999389648438,"2026-06-26T00:49:38.000Z",42.5,-100,"440041740-2026-06-18T22:32:49.000000Z-1"
126.54920666666666,33.55544833333333,181.89999389648438,"2026-06-26T00:50:38.000Z",42.20000076293945,-87,"440041740-2026-06-18T22:32:49.000000Z-1"
126.54723666666666,33.541653333333336,190.3000030517578,"2026-06-26T00:52:22.000Z",19,-42,"440041740-2026-06-18T22:32:49.000000Z-1"
126.54294833333333,33.53297333333333,218.6999969482422,"2026-06-26T00:55:06.000Z",10.5,-12,"440041740-2026-06-18T22:32:49.000000Z-1"
126.53647333333333,33.523558333333334,217.60000610351562,"2026-06-26T00:58:43.000Z",10.5,22,"440041740-2026-06-18T22:32:49.000000Z-1"
126.53333333333333,33.52,166,"2026-06-26T02:12:51.000Z",0,2,"440041740-2026-06-18T22:32:49.000000Z-1"
126.53333333333333,33.52,166,"2026-06-26T04:21:50.000Z",0,2,"440041740-2026-06-18T22:32:49.000000Z-1"
126.53333333333333,33.52,166,"2026-06-26T06:36:53.000Z",0,2,"440041740-2026-06-18T22:32:49.000000Z-1"
126.53948333333334,33.52726666666667,20.799999237060547,"2026-06-26T07:21:17.000Z",9.699999809265137,-12,"440041740-2026-06-18T22:32:49.000000Z-1"
126.54370166666666,33.53375,0,"2026-06-26T07:23:43.000Z",13.5,-12,"440041740-2026-06-18T22:32:49.000000Z-1"
126.53501833333333,33.56118333333333,343.8999938964844,"2026-06-26T07:27:00.000Z",41.5,-94,"440041740-2026-06-18T22:32:49.000000Z-1"
126.53250833333334,33.57393666666667,353.3999938964844,"2026-06-26T07:28:06.000Z",41.79999923706055,-101,"440041740-2026-06-18T22:32:49.000000Z-1"
126.52987166666666,33.58771,350.1000061035156,"2026-06-26T07:29:15.000Z",41.70000076293945,-110,"440041740-2026-06-18T22:32:49.000000Z-1"
126.525745,33.630705,354.79998779296875,"2026-06-26T07:33:02.000Z",41.599998474121094,-124,"440041740-2026-06-18T22:32:49.000000Z-1"
126.521965,33.64519166666667,343.29998779296875,"2026-06-26T07:34:18.000Z",41.29999923706055,-121,"440041740-2026-06-18T22:32:49.000000Z-1"
126.504035,33.678691666666666,333.20001220703125,"2026-06-26T07:37:30.000Z",41.099998474121094,-110,"440041740-2026-06-18T22:32:49.000000Z-1"
126.15,34.31,336,"2026-06-26T09:06:52.000Z",42,-34,"440041740-2026-06-18T22:32:49.000000Z-1"
126.12506333333333,34.371065,55.79999923706055,"2026-06-26T09:13:56.000Z",13,0,"440041740-2026-06-18T22:32:49.000000Z-1"
126.13466666666666,34.375321666666665,257.79998779296875,"2026-06-26T09:21:00.000Z",0.20000000298023224,2,"440041740-2026-06-18T22:32:49.000000Z-1"
126.13333333333334,34.375,194,"2026-06-26T11:48:50.000Z",0,2,"440041740-2026-06-18T22:32:49.000000Z-1"
126.13333333333334,34.375,194,"2026-06-26T13:27:52.000Z",0,2,"440041740-2026-06-18T22:32:49.000000Z-1"
126.13464833333333,34.375275,194.1999969482422,"2026-06-26T14:52:04.000Z",0,2,"440041740-2026-06-18T22:32:49.000000Z-1"
126.13464666666667,34.37526,194.1999969482422,"2026-06-26T16:02:24.000Z",0,2,"440041740-2026-06-18T22:32:49.000000Z-1"
126.13463833333333,34.375255,194.1999969482422,"2026-06-26T17:13:04.000Z",0,2,"440041740-2026-06-18T22:32:49.000000Z-1"
126.13466333333334,34.37527,194.1999969482422,"2026-06-26T18:23:34.000Z",0,2,"440041740-2026-06-18T22:32:49.000000Z-1"
126.13461333333333,34.375236666666666,194.1999969482422,"2026-06-26T19:33:45.000Z",0,2,"440041740-2026-06-18T22:32:49.000000Z-1"
126.134625,34.375256666666665,194.1999969482422,"2026-06-26T20:46:33.000Z",0,2,"440041740-2026-06-18T22:32:49.000000Z-1"
126.13465833333333,34.37524833333333,194.10000610351562,"2026-06-26T22:02:12.000Z",0,2,"440041740-2026-06-18T22:32:49.000000Z-1"
126.13465666666667,34.37535166666667,351.70001220703125,"2026-06-26T22:54:49.000Z",0.6000000238418579,2,"440041740-2026-06-18T22:32:49.000000Z-1"
126.12515833333333,34.371095,229.6999969482422,"2026-06-26T22:59:38.000Z",17.700000762939453,0,"440041740-2026-06-18T22:32:49.000000Z-1"
126.11530666666667,34.36534833333333,220.60000610351562,"2026-06-26T23:01:06.000Z",29.100000381469727,-15,"440041740-2026-06-18T22:32:49.000000Z-1"
126.11489166666667,34.356245,174.8000030517578,"2026-06-26T23:02:03.000Z",38.79999923706055,-31,"440041740-2026-06-18T22:32:49.000000Z-1"
126.27767333333334,34.13182,147.60000610351562,"2026-06-26T23:27:20.000Z",41.20000076293945,-51,"440041740-2026-06-18T22:32:49.000000Z-1"
126.29967166666667,33.96093666666667,117.80000305175781,"2026-06-27T00:06:12.000Z",13,8,"440041740-2026-06-18T22:32:49.000000Z-1"
126.314445,33.95929833333334,75.69999694824219,"2026-06-27T00:08:42.000Z",22.399999618530273,1,"440041740-2026-06-18T22:32:49.000000Z-1"
126.32953166666667,33.966015,70.69999694824219,"2026-06-27T00:14:12.000Z",20.799999237060547,-27,"440041740-2026-06-18T22:32:49.000000Z-1"
126.35327333333333,33.958195,132.60000610351562,"2026-06-27T00:16:42.000Z",41.29999923706055,-26,"440041740-2026-06-18T22:32:49.000000Z-1"
126.38944166666667,33.89053666666667,160.5,"2026-06-27T00:23:06.000Z",42.099998474121094,-56,"440041740-2026-06-18T22:32:49.000000Z-1"
126.50287166666666,33.63008833333333,157.39999389648438,"2026-06-27T00:46:36.000Z",42.099998474121094,-123,"440041740-2026-06-18T22:32:49.000000Z-1"
126.53079166666667,33.58293166666667,152.3000030517578,"2026-06-27T00:51:06.000Z",42.099998474121094,-105,"440041740-2026-06-18T22:32:49.000000Z-1"
126.54421166666667,33.562596666666664,158,"2026-06-27T00:53:06.000Z",41.79999923706055,-94,"440041740-2026-06-18T22:32:49.000000Z-1"
126.54897666666666,33.548285,174.6999969482422,"2026-06-27T00:54:26.000Z",34.20000076293945,-70,"440041740-2026-06-18T22:32:49.000000Z-1"
126.546515,33.538201666666666,205.1999969482422,"2026-06-27T00:56:14.000Z",14,-42,"440041740-2026-06-18T22:32:49.000000Z-1"
126.53648,33.52341166666667,222.60000610351562,"2026-06-27T01:01:49.000Z",10.399999618530273,22,"440041740-2026-06-18T22:32:49.000000Z-1"
126.53345333333333,33.52001333333333,171.5,"2026-06-27T02:17:36.000Z",0,2,"440041740-2026-06-18T22:32:49.000000Z-1"
126.53345333333333,33.52000666666667,171.5,"2026-06-27T03:27:43.000Z",0,2,"440041740-2026-06-18T22:32:49.000000Z-1"
126.53345,33.52001833333333,171.5,"2026-06-27T04:42:50.000Z",0,2,"440041740-2026-06-18T22:32:49.000000Z-1"
126.53333333333333,33.51833333333333,171,"2026-06-27T07:15:51.000Z",0,2,"440041740-2026-06-18T22:32:49.000000Z-1"
126.54417833333333,33.537735,9.699999809265137,"2026-06-27T07:26:37.000Z",22.600000381469727,-42,"440041740-2026-06-18T22:32:49.000000Z-1"
126.54506333333333,33.54033833333333,18.600000381469727,"2026-06-27T07:27:01.000Z",25.100000381469727,-42,"440041740-2026-06-18T22:32:49.000000Z-1"
126.54925666666666,33.54904,14.300000190734863,"2026-06-27T07:28:08.000Z",29.700000762939453,-70,"440041740-2026-06-18T22:32:49.000000Z-1"
126.54846166666667,33.558955,322.70001220703125,"2026-06-27T07:33:09.000Z",20,-87,"440041740-2026-06-18T22:32:49.000000Z-1"
126.542045,33.567993333333334,327.20001220703125,"2026-06-27T07:34:30.000Z",35.599998474121094,-101,"440041740-2026-06-18T22:32:49.000000Z-1"
126.52582666666666,33.594233333333335,334.79998779296875,"2026-06-27T07:37:10.000Z",40.400001525878906,-110,"440041740-2026-06-18T22:32:49.000000Z-1"
126.49574,33.65591333333333,341.1000061035156,"2026-06-27T07:43:06.000Z",40.20000076293945,-114,"440041740-2026-06-18T22:32:49.000000Z-1"
126.39237166666666,33.88298666666667,338.79998779296875,"2026-06-27T08:05:00.000Z",40.400001525878906,-68,"440041740-2026-06-18T22:32:49.000000Z-1"
126.32898666666667,33.963631666666664,253.60000610351562,"2026-06-27T08:14:01.000Z",39.5,-7,"440041740-2026-06-18T22:32:49.000000Z-1"
126.31649,33.95930166666667,250.10000610351562,"2026-06-27T08:15:01.000Z",36,-5,"440041740-2026-06-18T22:32:49.000000Z-1"
126.30545666666667,33.959891666666664,301.29998779296875,"2026-06-27T08:17:01.000Z",11.800000190734863,1,"440041740-2026-06-18T22:32:49.000000Z-1"
126.32764666666667,33.966405,43.70000076293945,"2026-06-27T08:37:35.000Z",39.900001525878906,-27,"440041740-2026-06-18T22:32:49.000000Z-1"
126.32775166666667,33.99171,348.20001220703125,"2026-06-27T08:40:04.000Z",41,-22,"440041740-2026-06-18T22:32:49.000000Z-1"
126.23528333333333,34.20462833333333,336.20001220703125,"2026-06-27T09:00:05.000Z",41.5,-27,"440041740-2026-06-18T22:32:49.000000Z-1"
126.20632666666667,34.25628666666667,330,"2026-06-27T09:05:06.000Z",41.400001525878906,-44,"440041740-2026-06-18T22:32:49.000000Z-1"
126.12165833333333,34.34795,330.6000061035156,"2026-06-27T09:15:07.000Z",41.70000076293945,-21,"440041740-2026-06-18T22:32:49.000000Z-1"
126.11892333333333,34.36710333333333,23.600000381469727,"2026-06-27T09:17:06.000Z",19.100000381469727,-15,"440041740-2026-06-18T22:32:49.000000Z-1"
126.12903666666666,34.37432666666667,53.099998474121094,"2026-06-27T09:20:18.000Z",10,0,"440041740-2026-06-18T22:32:49.000000Z-1"
126.13463166666666,34.37524833333333,238.60000610351562,"2026-06-27T10:30:21.000Z",0,2,"440041740-2026-06-18T22:32:49.000000Z-1"
126.13464166666667,34.37526166666667,238.60000610351562,"2026-06-27T11:41:23.000Z",0,2,"440041740-2026-06-18T22:32:49.000000Z-1"
126.134645,34.37526666666667,238.60000610351562,"2026-06-27T12:52:32.000Z",0,2,"440041740-2026-06-18T22:32:49.000000Z-1"
126.13464333333333,34.37524833333333,238.60000610351562,"2026-06-27T14:03:02.000Z",0,2,"440041740-2026-06-18T22:32:49.000000Z-1"
126.13464,34.375245,238.60000610351562,"2026-06-27T15:17:21.000Z",0,2,"440041740-2026-06-18T22:32:49.000000Z-1"
126.13333333333334,34.375,238,"2026-06-27T16:39:53.000Z",0,2,"440041740-2026-06-18T22:32:49.000000Z-1"
126.13463,34.37527166666667,238.60000610351562,"2026-06-27T18:24:52.000Z",0,2,"440041740-2026-06-18T22:32:49.000000Z-1"
126.13465,34.375231666666664,238.60000610351562,"2026-06-27T20:30:36.000Z",0,2,"440041740-2026-06-18T22:32:49.000000Z-1"
126.13465333333333,34.37522833333333,238.60000610351562,"2026-06-27T21:41:03.000Z",0,2,"440041740-2026-06-18T22:32:49.000000Z-1"
126.134645,34.375245,238.60000610351562,"2026-06-27T22:51:41.000Z",0,2,"440041740-2026-06-18T22:32:49.000000Z-1"
126.13465666666667,34.375255,238.60000610351562,"2026-06-28T00:02:12.000Z",0,2,"440041740-2026-06-18T22:32:49.000000Z-1"
126.13466166666667,34.37524666666667,238.60000610351562,"2026-06-28T01:12:31.000Z",0,2,"440041740-2026-06-18T22:32:49.000000Z-1"
126.13464833333333,34.37527,20.399999618530273,"2026-06-28T01:49:07.000Z",0.20000000298023224,2,"440041740-2026-06-18T22:32:49.000000Z-1"
126.13465333333333,34.37548833333334,9.699999809265137,"2026-06-28T01:50:16.000Z",0.800000011920929,2,"440041740-2026-06-18T22:32:49.000000Z-1"
126.13489166666666,34.376081666666664,15.699999809265137,"2026-06-28T01:51:00.000Z",5.300000190734863,2,"440041740-2026-06-18T22:32:49.000000Z-1"
126.13239833333333,34.376125,237.5,"2026-06-28T01:52:18.000Z",13.899999618530273,2,"440041740-2026-06-18T22:32:49.000000Z-1"
126.12053,34.36738,208.1999969482422,"2026-06-28T01:55:08.000Z",24.799999237060547,-15,"440041740-2026-06-18T22:32:49.000000Z-1"
126.11798,34.35850333333333,175,"2026-06-28T01:56:14.000Z",35,-16,"440041740-2026-06-18T22:32:49.000000Z-1"
126.13474833333333,34.331375,151.10000610351562,"2026-06-28T02:00:15.000Z",41.70000076293945,-22,"440041740-2026-06-18T22:32:49.000000Z-1"
126.19534833333333,34.264035,131.10000610351562,"2026-06-28T02:06:25.000Z",41.099998474121094,-33,"440041740-2026-06-18T22:32:49.000000Z-1"
126.223305,34.14923,152.89999389648438,"2026-06-28T02:16:26.000Z",42.70000076293945,-41,"440041740-2026-06-18T22:32:49.000000Z-1"
126.24230833333333,34.10917833333333,158.10000610351562,"2026-06-28T02:20:17.000Z",42.5,-43,"440041740-2026-06-18T22:32:49.000000Z-1"
126.25586166666666,34.06272,171.5,"2026-06-28T02:25:18.000Z",42.900001525878906,-43,"440041740-2026-06-18T22:32:49.000000Z-1"
126.26102333333333,34.035158333333335,168.60000610351562,"2026-06-28T02:26:28.000Z",42.70000076293945,-46,"440041740-2026-06-18T22:32:49.000000Z-1"
126.27564333333333,33.85856,172.3000030517578,"2026-06-28T02:41:30.000Z",42.5,-66,"440041740-2026-06-18T22:32:49.000000Z-1"
126.35945166666667,33.785561666666666,143.8000030517578,"2026-06-28T02:50:20.000Z",42.70000076293945,-99,"440041740-2026-06-18T22:32:49.000000Z-1"
126.37106333333334,33.77273,148.39999389648438,"2026-06-28T02:51:32.000Z",43,-118,"440041740-2026-06-18T22:32:49.000000Z-1"
126.53542333333333,33.55984,156.3000030517578,"2026-06-28T03:12:34.000Z",42.79999923706055,-94,"440041740-2026-06-18T22:32:49.000000Z-1"
126.54129333333333,33.54056166666667,155.60000610351562,"2026-06-28T03:14:54.000Z",15.100000381469727,-42,"440041740-2026-06-18T22:32:49.000000Z-1"
126.54088666666667,33.530071666666664,210.8000030517578,"2026-06-28T03:18:24.000Z",11.399999618530273,-12,"440041740-2026-06-18T22:32:49.000000Z-1"
126.53360166666667,33.520601666666664,191.60000610351562,"2026-06-28T03:25:23.000Z",2,2,"440041740-2026-06-18T22:32:49.000000Z-1"
126.53345666666667,33.52003333333333,181.8000030517578,"2026-06-28T04:36:51.000Z",0,2,"440041740-2026-06-18T22:32:49.000000Z-1"
126.53344833333334,33.520035,181.8000030517578,"2026-06-28T05:53:48.000Z",0,2,"440041740-2026-06-18T22:32:49.000000Z-1"
126.53345166666666,33.520015,181.8000030517578,"2026-06-28T07:03:55.000Z",0,2,"440041740-2026-06-18T22:32:49.000000Z-1"
126.53338166666667,33.520175,323.3999938964844,"2026-06-28T07:18:42.000Z",0.5,2,"440041740-2026-06-18T22:32:49.000000Z-1"
126.53494666666667,33.522333333333336,48.5,"2026-06-28T07:20:23.000Z",10.100000381469727,2,"440041740-2026-06-18T22:32:49.000000Z-1"
126.54121,33.53044,37.900001525878906,"2026-06-28T07:23:57.000Z",5.5,-12,"440041740-2026-06-18T22:32:49.000000Z-1"
126.54336833333333,33.53453,353.1000061035156,"2026-06-28T07:25:04.000Z",18.100000381469727,-12,"440041740-2026-06-18T22:32:49.000000Z-1"
126.54030333333333,33.54033833333333,322.5,"2026-06-28T07:26:06.000Z",19.100000381469727,-42,"440041740-2026-06-18T22:32:49.000000Z-1"
126.52647833333333,33.55957166666666,335,"2026-06-28T07:32:14.000Z",38,-94,"440041740-2026-06-18T22:32:49.000000Z-1"
126.51667666666667,33.57997833333334,333.20001220703125,"2026-06-28T07:34:08.000Z",41.5,-105,"440041740-2026-06-18T22:32:49.000000Z-1"
126.49688,33.610165,333.70001220703125,"2026-06-28T07:37:08.000Z",41.5,-122,"440041740-2026-06-18T22:32:49.000000Z-1"
126.48767666666667,33.6279,340.20001220703125,"2026-06-28T07:38:58.000Z",41.70000076293945,-123,"440041740-2026-06-18T22:32:49.000000Z-1"
126.47523,33.67178666666667,337.5,"2026-06-28T07:42:40.000Z",41.099998474121094,-114,"440041740-2026-06-18T22:32:49.000000Z-1"
126.40049666666667,33.863425,345.8999938964844,"2026-06-28T08:00:06.000Z",41.599998474121094,-72,"440041740-2026-06-18T22:32:49.000000Z-1"
126.39372166666666,33.884635,342.29998779296875,"2026-06-28T08:02:00.000Z",41.20000076293945,-68,"440041740-2026-06-18T22:32:49.000000Z-1"
126.38777333333333,33.89626,329.5,"2026-06-28T08:03:06.000Z",41.5,-46,"440041740-2026-06-18T22:32:49.000000Z-1"
126.38127833333333,33.90603333333333,332.3999938964844,"2026-06-28T08:04:04.000Z",41.099998474121094,-43,"440041740-2026-06-18T22:32:49.000000Z-1"
126.37221833333334,33.914318333333334,317.20001220703125,"2026-06-28T08:05:04.000Z",41.599998474121094,-41,"440041740-2026-06-18T22:32:49.000000Z-1"
126.32794,33.964475,256.20001220703125,"2026-06-28T08:10:52.000Z",39.79999923706055,-7,"440041740-2026-06-18T22:32:49.000000Z-1"
126.31473166666666,33.959195,247.6999969482422,"2026-06-28T08:12:04.000Z",33.400001525878906,1,"440041740-2026-06-18T22:32:49.000000Z-1"
126.29779333333333,33.96132,279,"2026-06-28T08:16:59.000Z",0.800000011920929,8,"440041740-2026-06-18T22:32:49.000000Z-1"
126.30148166666666,33.960565,96.80000305175781,"2026-06-28T08:32:23.000Z",14.399999618530273,8,"440041740-2026-06-18T22:32:49.000000Z-1"
126.307515,33.95954,102,"2026-06-28T08:33:30.000Z",17.799999237060547,1,"440041740-2026-06-18T22:32:49.000000Z-1"
126.319885,33.962291666666665,56.099998474121094,"2026-06-28T08:35:16.000Z",32.79999923706055,-5,"440041740-2026-06-18T22:32:49.000000Z-1"
126.32937833333334,33.990095,350.29998779296875,"2026-06-28T08:37:58.000Z",41.79999923706055,-22,"440041740-2026-06-18T22:32:49.000000Z-1"
126.32583,34.00030666666667,338,"2026-06-28T08:39:04.000Z",41.20000076293945,-32,"440041740-2026-06-18T22:32:49.000000Z-1"
126.27649,34.09971,335.3999938964844,"2026-06-28T08:48:14.000Z",41.099998474121094,-46,"440041740-2026-06-18T22:32:49.000000Z-1"
126.22363833333333,34.216006666666665,344.5,"2026-06-28T08:59:06.000Z",42,-32,"440041740-2026-06-18T22:32:49.000000Z-1"
126.19211666666666,34.26945166666667,324.70001220703125,"2026-06-28T09:04:06.000Z",41.400001525878906,-35,"440041740-2026-06-18T22:32:49.000000Z-1"
126.12236666666666,34.347883333333336,330.70001220703125,"2026-06-28T09:14:07.000Z",42.20000076293945,-21,"440041740-2026-06-18T22:32:49.000000Z-1"
126.11658833333334,34.367035,55.20000076293945,"2026-06-28T09:15:26.000Z",11.699999809265137,-15,"440041740-2026-06-18T22:32:49.000000Z-1"
126.13149166666666,34.375795,49.099998474121094,"2026-06-28T09:20:19.000Z",8.899999618530273,2,"440041740-2026-06-18T22:32:49.000000Z-1"
126.13464666666667,34.375233333333334,203.8000030517578,"2026-06-28T10:31:48.000Z",0,2,"440041740-2026-06-18T22:32:49.000000Z-1"
126.13465,34.375258333333335,203.8000030517578,"2026-06-28T13:29:48.000Z",0,2,"440041740-2026-06-18T22:32:49.000000Z-1"
126.13463833333333,34.37525333333333,203.8000030517578,"2026-06-28T14:40:06.000Z",0,2,"440041740-2026-06-18T22:32:49.000000Z-1"
126.13465333333333,34.37525333333333,203.8000030517578,"2026-06-28T16:10:08.000Z",0,2,"440041740-2026-06-18T22:32:49.000000Z-1"
126.134655,34.37526166666667,203.8000030517578,"2026-06-28T17:54:57.000Z",0,2,"440041740-2026-06-18T22:32:49.000000Z-1"
126.13333333333334,34.375,203,"2026-06-28T19:06:55.000Z",0,2,"440041740-2026-06-18T22:32:49.000000Z-1"
126.13464333333333,34.37524,203.8000030517578,"2026-06-28T20:35:50.000Z",0,2,"440041740-2026-06-18T22:32:49.000000Z-1"
126.13333333333334,34.375,203,"2026-06-28T22:18:52.000Z",0,2,"440041740-2026-06-18T22:32:49.000000Z-1"
126.13464666666667,34.375256666666665,203.8000030517578,"2026-06-28T23:57:58.000Z",0,2,"440041740-2026-06-18T22:32:49.000000Z-1"
126.13467666666666,34.37533833333333,13.300000190734863,"2026-06-29T00:08:35.000Z",0.5,2,"440041740-2026-06-18T22:32:49.000000Z-1"
126.13462,34.37541,338,"2026-06-29T00:09:08.000Z",0.5,2,"440041740-2026-06-18T22:32:49.000000Z-1"
126.13206333333333,34.37598166666667,222.8000030517578,"2026-06-29T00:11:29.000Z",13,2,"440041740-2026-06-18T22:32:49.000000Z-1"
126.12502333333333,34.3707,236.10000610351562,"2026-06-29T00:13:28.000Z",18,0,"440041740-2026-06-18T22:32:49.000000Z-1"
126.11782166666667,34.354906666666665,165,"2026-06-29T00:15:49.000Z",40.400001525878906,-21,"440041740-2026-06-18T22:32:49.000000Z-1"
126.15206666666667,34.303126666666664,147.89999389648438,"2026-06-29T00:20:58.000Z",42.20000076293945,-40,"440041740-2026-06-18T22:32:49.000000Z-1"
126.17481333333333,34.28062166666667,132.8000030517578,"2026-06-29T00:23:30.000Z",42,-43,"440041740-2026-06-18T22:32:49.000000Z-1"
126.20887666666667,34.23713333333333,157.6999969482422,"2026-06-29T00:28:06.000Z",42,-33,"440041740-2026-06-18T22:32:49.000000Z-1"
126.315805,34.022255,158.60000610351562,"2026-06-29T00:48:05.000Z",41.900001525878906,-38,"440041740-2026-06-18T22:32:49.000000Z-1"
126.31990333333333,33.96451,209.89999389648438,"2026-06-29T00:53:05.000Z",43.099998474121094,-5,"440041740-2026-06-18T22:32:49.000000Z-1"
126.29816833333334,33.96122833333333,285.8999938964844,"2026-06-29T00:57:43.000Z",6.400000095367432,8,"440041740-2026-06-18T22:32:49.000000Z-1"
126.34587,33.961376666666666,141.39999389648438,"2026-06-29T01:26:33.000Z",40.099998474121094,-26,"440041740-2026-06-18T22:32:49.000000Z-1"
126.356335,33.939861666666665,160.10000610351562,"2026-06-29T01:28:33.000Z",42.29999923706055,-28,"440041740-2026-06-18T22:32:49.000000Z-1"
126.40859666666667,33.82528333333333,155,"2026-06-29T01:38:59.000Z",42.29999923706055,-81,"440041740-2026-06-18T22:32:49.000000Z-1"
126.47027833333334,33.72786,144.1999969482422,"2026-06-29T01:48:18.000Z",43,-113,"440041740-2026-06-18T22:32:49.000000Z-1"
126.47627,33.71967166666666,152.1999969482422,"2026-06-29T01:49:06.000Z",43.099998474121094,-112,"440041740-2026-06-18T22:32:49.000000Z-1"
126.49483833333333,33.68502333333333,160.10000610351562,"2026-06-29T01:52:16.000Z",43.099998474121094,-110,"440041740-2026-06-18T22:32:49.000000Z-1"
126.50881333333334,33.650938333333336,161.8000030517578,"2026-06-29T01:55:18.000Z",42.599998474121094,-117,"440041740-2026-06-18T22:32:49.000000Z-1"
126.52219166666667,33.61138,163.1999969482422,"2026-06-29T01:58:46.000Z",42.79999923706055,-117,"440041740-2026-06-18T22:32:49.000000Z-1"
126.53100833333333,33.59037333333333,161,"2026-06-29T02:00:38.000Z",42.900001525878906,-110,"440041740-2026-06-18T22:32:49.000000Z-1"
126.54323666666667,33.539226666666664,169.60000610351562,"2026-06-29T02:05:54.000Z",12.699999809265137,-42,"440041740-2026-06-18T22:32:49.000000Z-1"
126.54093333333333,33.530008333333335,211.5,"2026-06-29T02:09:01.000Z",10.800000190734863,-12,"440041740-2026-06-18T22:32:49.000000Z-1"
126.534335,33.52139,199.10000610351562,"2026-06-29T02:13:09.000Z",1.600000023841858,2,"440041740-2026-06-18T22:32:49.000000Z-1"
126.53344666666666,33.52003,198,"2026-06-29T03:45:42.000Z",0,2,"440041740-2026-06-18T22:32:49.000000Z-1"
126.53344166666666,33.52002,198,"2026-06-29T05:11:31.000Z",0,2,"440041740-2026-06-18T22:32:49.000000Z-1"
126.53344333333334,33.52002,198,"2026-06-29T06:23:12.000Z",0,2,"440041740-2026-06-18T22:32:49.000000Z-1"
126.53341666666667,33.52009,330,"2026-06-29T07:15:21.000Z",0.5,2,"440041740-2026-06-18T22:32:49.000000Z-1"
126.53576333333334,33.52292166666667,47.599998474121094,"2026-06-29T07:18:03.000Z",9.5,22,"440041740-2026-06-18T22:32:49.000000Z-1"
126.543055,33.53349166666667,4.800000190734863,"2026-06-29T07:22:02.000Z",11.300000190734863,-12,"440041740-2026-06-18T22:32:49.000000Z-1"
126.54279,33.54479166666667,3,"2026-06-29T07:24:00.000Z",27.399999618530273,-42,"440041740-2026-06-18T22:32:49.000000Z-1"
126.54256333333333,33.55627,343.1000061035156,"2026-06-29T07:30:00.000Z",25.899999618530273,-94,"440041740-2026-06-18T22:32:49.000000Z-1"
126.53878,33.56474333333333,337.20001220703125,"2026-06-29T07:31:00.000Z",37.599998474121094,-94,"440041740-2026-06-18T22:32:49.000000Z-1"
126.53282833333333,33.575,333.8999938964844,"2026-06-29T07:32:00.000Z",41.900001525878906,-105,"440041740-2026-06-18T22:32:49.000000Z-1"
126.52790333333333,33.586515,346.1000061035156,"2026-06-29T07:33:04.000Z",41.29999923706055,-110,"440041740-2026-06-18T22:32:49.000000Z-1"
126.52214333333333,33.62162,353.79998779296875,"2026-06-29T07:36:06.000Z",41.79999923706055,-119,"440041740-2026-06-18T22:32:49.000000Z-1"
126.51932333333333,33.63192,338.8999938964844,"2026-06-29T07:37:02.000Z",41.599998474121094,-122,"440041740-2026-06-18T22:32:49.000000Z-1"
126.50692,33.65295666666667,333.5,"2026-06-29T07:39:02.000Z",41.900001525878906,-117,"440041740-2026-06-18T22:32:49.000000Z-1"
126.49624333333334,33.67527,332.20001220703125,"2026-06-29T07:41:06.000Z",41.70000076293945,-110,"440041740-2026-06-18T22:32:49.000000Z-1"
126.47251166666666,33.71579833333333,337.29998779296875,"2026-06-29T07:45:00.000Z",41.599998474121094,-113,"440041740-2026-06-18T22:32:49.000000Z-1"
126.46710833333333,33.72646,337.6000061035156,"2026-06-29T07:46:00.000Z",41.5,-113,"440041740-2026-06-18T22:32:49.000000Z-1"
126.42735333333333,33.79964833333333,341.1000061035156,"2026-06-29T07:53:00.000Z",41.29999923706055,-88,"440041740-2026-06-18T22:32:49.000000Z-1"
126.42326,33.810741666666665,346.70001220703125,"2026-06-29T07:54:00.000Z",41.79999923706055,-89,"440041740-2026-06-18T22:32:49.000000Z-1"
126.42136833333333,33.82248666666667,350.20001220703125,"2026-06-29T07:55:00.000Z",41.79999923706055,-84,"440041740-2026-06-18T22:32:49.000000Z-1"
126.41680833333334,33.833475,337.5,"2026-06-29T07:56:00.000Z",41.70000076293945,-78,"440041740-2026-06-18T22:32:49.000000Z-1"
126.38925333333333,33.88597166666667,336.29998779296875,"2026-06-29T08:01:00.000Z",41,-56,"440041740-2026-06-18T22:32:49.000000Z-1"
126.37682166666667,33.90644833333333,334.5,"2026-06-29T08:03:00.000Z",41.5,-43,"440041740-2026-06-18T22:32:49.000000Z-1"
126.36127,33.93870833333333,338,"2026-06-29T08:06:00.000Z",41.79999923706055,-28,"440041740-2026-06-18T22:32:49.000000Z-1"
126.355245,33.94918333333333,327.5,"2026-06-29T08:07:00.000Z",42,-32,"440041740-2026-06-18T22:32:49.000000Z-1"
126.34690666666667,33.958463333333334,318.5,"2026-06-29T08:08:00.000Z",41,-26,"440041740-2026-06-18T22:32:49.000000Z-1"
126.33559333333334,33.96420166666667,285,"2026-06-29T08:09:00.000Z",39.599998474121094,-12,"440041740-2026-06-18T22:32:49.000000Z-1"
126.32280666666666,33.96162,247.89999389648438,"2026-06-29T08:10:00.000Z",40.900001525878906,-5,"440041740-2026-06-18T22:32:49.000000Z-1"
126.30783333333333,33.958306666666665,290.5,"2026-06-29T08:12:00.000Z",12.800000190734863,1,"440041740-2026-06-18T22:32:49.000000Z-1"
126.29773,33.961795,322.79998779296875,"2026-06-29T08:18:04.000Z",1.100000023841858,8,"440041740-2026-06-18T22:32:49.000000Z-1"
126.29850833333333,33.961416666666665,117.30000305175781,"2026-06-29T08:33:21.000Z",8.800000190734863,8,"440041740-2026-06-18T22:32:49.000000Z-1"
126.30267333333333,33.960605,93.5,"2026-06-29T08:34:21.000Z",15.100000381469727,8,"440041740-2026-06-18T22:32:49.000000Z-1"
126.31735166666667,33.96132166666667,55.400001525878906,"2026-06-29T08:36:46.000Z",26.600000381469727,-5,"440041740-2026-06-18T22:32:49.000000Z-1"
126.32724,33.970353333333335,27.600000381469727,"2026-06-29T08:38:00.000Z",41.099998474121094,-27,"440041740-2026-06-18T22:32:49.000000Z-1"
126.33095833333333,33.98162,5.5,"2026-06-29T08:39:00.000Z",41.900001525878906,-24,"440041740-2026-06-18T22:32:49.000000Z-1"
126.32887166666667,33.99313166666666,347.29998779296875,"2026-06-29T08:40:00.000Z",41.79999923706055,-22,"440041740-2026-06-18T22:32:49.000000Z-1"
126.32489,34.00409,338.1000061035156,"2026-06-29T08:41:00.000Z",41.79999923706055,-32,"440041740-2026-06-18T22:32:49.000000Z-1"
126.31035166666666,34.03722,342.70001220703125,"2026-06-29T08:44:00.000Z",42,-53,"440041740-2026-06-18T22:32:49.000000Z-1"
126.306735,34.04861,344.70001220703125,"2026-06-29T08:45:00.000Z",42.29999923706055,-52,"440041740-2026-06-18T22:32:49.000000Z-1"
126.29642166666666,34.070435,336.1000061035156,"2026-06-29T08:47:00.000Z",41.900001525878906,-48,"440041740-2026-06-18T22:32:49.000000Z-1"
126.26189166666667,34.134075,341.8999938964844,"2026-06-29T08:53:00.000Z",42.29999923706055,-49,"440041740-2026-06-18T22:32:49.000000Z-1"
126.23512333333333,34.20160166666667,341,"2026-06-29T08:59:00.000Z",42.599998474121094,-27,"440041740-2026-06-18T22:32:49.000000Z-1"
126.22928,34.212266666666665,333.3999938964844,"2026-06-29T09:00:00.000Z",42.900001525878906,-29,"440041740-2026-06-18T22:32:49.000000Z-1"
126.19552,34.267358333333334,320.6000061035156,"2026-06-29T09:05:14.000Z",41,-38,"440041740-2026-06-18T22:32:49.000000Z-1"
126.174245,34.28798,320.79998779296875,"2026-06-29T09:07:38.000Z",41.29999923706055,-43,"440041740-2026-06-18T22:32:49.000000Z-1"
126.15012,34.31160833333333,328.70001220703125,"2026-06-29T09:10:18.000Z",41.599998474121094,-34,"440041740-2026-06-18T22:32:49.000000Z-1"
126.14394333333334,34.319736666666664,325.70001220703125,"2026-06-29T09:11:08.000Z",41.20000076293945,-26,"440041740-2026-06-18T22:32:49.000000Z-1"
126.13655666666666,34.32753,317.79998779296875,"2026-06-29T09:12:00.000Z",41.099998474121094,-15,"440041740-2026-06-18T22:32:49.000000Z-1"
126.12546833333333,34.34164166666667,327.8999938964844,"2026-06-29T09:13:30.000Z",41.20000076293945,-31,"440041740-2026-06-18T22:32:49.000000Z-1"
126.11907666666667,34.363913333333336,8,"2026-06-29T09:15:36.000Z",31.100000381469727,-16,"440041740-2026-06-18T22:32:49.000000Z-1"
126.12766333333333,34.37331666666667,51.599998474121094,"2026-06-29T09:18:06.000Z",11.699999809265137,0,"440041740-2026-06-18T22:32:49.000000Z-1"
126.13462166666666,34.37525333333333,183,"2026-06-29T10:28:28.000Z",0,2,"440041740-2026-06-18T22:32:49.000000Z-1"
126.13465166666667,34.375256666666665,183,"2026-06-29T11:39:06.000Z",0,2,"440041740-2026-06-18T22:32:49.000000Z-1"
126.13463333333333,34.37524166666667,183,"2026-06-29T12:49:16.000Z",0,2,"440041740-2026-06-18T22:32:49.000000Z-1"
126.13463833333333,34.37526166666667,183,"2026-06-29T14:13:53.000Z",0,2,"440041740-2026-06-18T22:32:49.000000Z-1"
126.13463166666666,34.375256666666665,183,"2026-06-29T15:52:56.000Z",0,2,"440041740-2026-06-18T22:32:49.000000Z-1"
126.13464166666667,34.37526166666667,183,"2026-06-29T17:25:35.000Z",0,2,"440041740-2026-06-18T22:32:49.000000Z-1"
126.13463,34.375265,183,"2026-06-29T18:37:07.000Z",0,2,"440041740-2026-06-18T22:32:49.000000Z-1"
126.13465,34.375236666666666,183,"2026-06-29T19:48:17.000Z",0,2,"440041740-2026-06-18T22:32:49.000000Z-1"
126.13462,34.37527333333333,183,"2026-06-29T20:59:24.000Z",0,2,"440041740-2026-06-18T22:32:49.000000Z-1"
126.13463666666667,34.37524833333333,183,"2026-06-29T22:10:18.000Z",0,2,"440041740-2026-06-18T22:32:49.000000Z-1"
126.13464666666667,34.37534,353,"2026-06-29T22:52:50.000Z",0.5,2,"440041740-2026-06-18T22:32:49.000000Z-1"
126.13462,34.37566666666667,355.20001220703125,"2026-06-29T22:54:17.000Z",0.699999988079071,2,"440041740-2026-06-18T22:32:49.000000Z-1"
126.13469666666667,34.376661666666664,336.5,"2026-06-29T22:55:15.000Z",3.700000047683716,2,"440041740-2026-06-18T22:32:49.000000Z-1"
126.124035,34.371563333333334,247.39999389648438,"2026-06-29T22:58:21.000Z",19.200000762939453,-15,"440041740-2026-06-18T22:32:49.000000Z-1"
126.120635,34.345888333333335,153.3000030517578,"2026-06-29T23:01:27.000Z",42.29999923706055,-21,"440041740-2026-06-18T22:32:49.000000Z-1"
126.51386333333333,33.58553166666667,142.39999389648438,"2026-06-30T00:45:30.000Z",41.5,-113,"440041740-2026-06-18T22:32:49.000000Z-1"
126.527805,33.568455,143.8000030517578,"2026-06-30T00:47:18.000Z",41.70000076293945,-101,"440041740-2026-06-18T22:32:49.000000Z-1"
126.53542666666667,33.56039666666667,139.8000030517578,"2026-06-30T00:48:10.000Z",41.79999923706055,-94,"440041740-2026-06-18T22:32:49.000000Z-1"
126.54566333333334,33.54816666666667,148.39999389648438,"2026-06-30T00:49:30.000Z",36,-70,"440041740-2026-06-18T22:32:49.000000Z-1"
126.55025833333333,33.539656666666666,188.3000030517578,"2026-06-30T00:51:06.000Z",15.5,-42,"440041740-2026-06-18T22:32:49.000000Z-1"
126.54250166666667,33.53197333333333,217.39999389648438,"2026-06-30T00:54:08.000Z",10.800000190734863,-12,"440041740-2026-06-18T22:32:49.000000Z-1"
126.53645333333333,33.523356666666665,221.60000610351562,"2026-06-30T00:57:33.000Z",10.5,22,"440041740-2026-06-18T22:32:49.000000Z-1"
126.53333333333333,33.52,164,"2026-06-30T02:15:54.000Z",0,2,"440041740-2026-06-18T22:32:49.000000Z-1"
126.53333333333333,33.52,164,"2026-06-30T04:39:57.000Z",0,2,"440041740-2026-06-18T22:32:49.000000Z-1"
126.53666666666666,33.52333333333333,35,"2026-06-30T07:21:59.000Z",10,22,"440041740-2026-06-18T22:32:49.000000Z-1"
126.54280333333334,33.53214166666667,29.700000762939453,"2026-06-30T07:24:59.000Z",11.399999618530273,-12,"440041740-2026-06-18T22:32:49.000000Z-1"
126.53041666666667,33.55678,348.1000061035156,"2026-06-30T07:28:26.000Z",41.79999923706055,-94,"440041740-2026-06-18T22:32:49.000000Z-1"
126.52793,33.57341,351,"2026-06-30T07:29:50.000Z",42.5,-101,"440041740-2026-06-18T22:32:49.000000Z-1"
126.52050333333334,33.58915,331.1000061035156,"2026-06-30T07:31:18.000Z",42,-111,"440041740-2026-06-18T22:32:49.000000Z-1"
126.50652166666667,33.6112,332.29998779296875,"2026-06-30T07:33:26.000Z",42,-118,"440041740-2026-06-18T22:32:49.000000Z-1"
126.49829166666666,33.626205,340.20001220703125,"2026-06-30T07:34:50.000Z",41.900001525878906,-123,"440041740-2026-06-18T22:32:49.000000Z-1"
126.48336666666667,33.666943333333336,346.1000061035156,"2026-06-30T07:38:30.000Z",42.20000076293945,-114,"440041740-2026-06-18T22:32:49.000000Z-1"
126.47708333333334,33.68912666666667,346,"2026-06-30T07:40:26.000Z",41.79999923706055,-110,"440041740-2026-06-18T22:32:49.000000Z-1"
126.20166666666667,34.25666666666667,337,"2026-06-30T09:00:53.000Z",41,-33,"440041740-2026-06-18T22:32:49.000000Z-1"
126.12066833333333,34.36758,41.599998474121094,"2026-06-30T09:13:35.000Z",15.199999809265137,-15,"440041740-2026-06-18T22:32:49.000000Z-1"
126.12882333333333,34.374136666666665,51.79999923706055,"2026-06-30T09:16:27.000Z",9.600000381469727,0,"440041740-2026-06-18T22:32:49.000000Z-1"
126.134635,34.375258333333335,183.5,"2026-06-30T10:32:25.000Z",0,2,"440041740-2026-06-18T22:32:49.000000Z-1"
126.13463333333333,34.37527,183.5,"2026-06-30T11:42:34.000Z",0,2,"440041740-2026-06-18T22:32:49.000000Z-1"
126.13465166666667,34.37525333333333,183.5,"2026-06-30T13:00:05.000Z",0,2,"440041740-2026-06-18T22:32:49.000000Z-1"
126.13465,34.375251666666664,183.5,"2026-06-30T14:27:14.000Z",0,2,"440041740-2026-06-18T22:32:49.000000Z-1"
126.13464333333333,34.37524,183.5,"2026-06-30T15:50:03.000Z",0,2,"440041740-2026-06-18T22:32:49.000000Z-1"
126.13463333333333,34.37526166666667,183.5,"2026-06-30T17:21:05.000Z",0,2,"440041740-2026-06-18T22:32:49.000000Z-1"
126.13462666666666,34.37524166666667,183.5,"2026-06-30T18:34:05.000Z",0,2,"440041740-2026-06-18T22:32:49.000000Z-1"
126.13464666666667,34.375236666666666,183.5,"2026-06-30T19:44:23.000Z",0,2,"440041740-2026-06-18T22:32:49.000000Z-1"
126.13463666666667,34.37526,183.5,"2026-06-30T21:16:05.000Z",0,2,"440041740-2026-06-18T22:32:49.000000Z-1"
126.13463833333333,34.375255,183.5,"2026-06-30T22:27:04.000Z",0,2,"440041740-2026-06-18T22:32:49.000000Z-1"
126.13333333333334,34.375,183,"2026-07-01T00:06:53.000Z",0,2,"440041740-2026-06-18T22:32:49.000000Z-1"
126.13465833333333,34.37527166666667,183.5,"2026-07-01T01:17:04.000Z",0,2,"440041740-2026-06-18T22:32:49.000000Z-1"
126.13464333333333,34.375263333333336,183.5,"2026-07-01T02:27:33.000Z",0,2,"440041740-2026-06-18T22:32:49.000000Z-1"
126.134645,34.375276666666664,183.5,"2026-07-01T03:38:54.000Z",0,2,"440041740-2026-06-18T22:32:49.000000Z-1"
126.13463,34.375256666666665,183.5,"2026-07-01T05:03:12.000Z",0,2,"440041740-2026-06-18T22:32:49.000000Z-1"
126.13333333333334,34.375,183,"2026-07-01T07:18:57.000Z",0,2,"440041740-2026-06-18T22:32:49.000000Z-1"
126.13333333333334,34.375,183,"2026-07-01T08:57:56.000Z",0,2,"440041740-2026-06-18T22:32:49.000000Z-1"
126.13333333333334,34.375,183,"2026-07-01T11:15:58.000Z",0,2,"440041740-2026-06-18T22:32:49.000000Z-1"
126.13333333333334,34.375,183,"2026-07-01T13:31:00.000Z",0,2,"440041740-2026-06-18T22:32:49.000000Z-1"
126.13333333333334,34.375,183,"2026-07-01T16:09:56.000Z",0,2,"440041740-2026-06-18T22:32:49.000000Z-1"
126.13333333333334,34.375,183,"2026-07-01T17:39:55.000Z",0,2,"440041740-2026-06-18T22:32:49.000000Z-1"
126.13333333333334,34.375,183,"2026-07-01T19:54:53.000Z",0,2,"440041740-2026-06-18T22:32:49.000000Z-1"
126.13333333333334,34.375,183,"2026-07-01T21:15:54.000Z",0,2,"440041740-2026-06-18T22:32:49.000000Z-1"
126.13333333333334,34.375,183,"2026-07-01T22:45:54.000Z",0,2,"440041740-2026-06-18T22:32:49.000000Z-1"
126.12068333333333,34.34511,150.10000610351562,"2026-07-01T23:23:55.000Z",43.79999923706055,-21,"440041740-2026-06-18T22:32:49.000000Z-1"
126.13458666666666,34.324038333333334,159.5,"2026-07-01T23:25:54.000Z",44.29999923706055,-13,"440041740-2026-06-18T22:32:49.000000Z-1"
126.14580166666667,34.30331,139.10000610351562,"2026-07-01T23:27:50.000Z",43.400001525878906,-40,"440041740-2026-06-18T22:32:49.000000Z-1"
126.179725,34.27937333333333,142.3000030517578,"2026-07-01T23:30:50.000Z",44.099998474121094,-48,"440041740-2026-06-18T22:32:49.000000Z-1"
126.20803666666667,34.251511666666666,157.8000030517578,"2026-07-01T23:33:56.000Z",41.5,-37,"440041740-2026-06-18T22:32:49.000000Z-1"
126.21795666666667,34.22408333333333,161.3000030517578,"2026-07-01T23:36:22.000Z",41.900001525878906,-32,"440041740-2026-06-18T22:32:49.000000Z-1"
126.24093666666667,34.12347166666667,145.3000030517578,"2026-07-01T23:45:22.000Z",43.099998474121094,-44,"440041740-2026-06-18T22:32:49.000000Z-1"
126.31174833333333,34.02697833333333,154.1999969482422,"2026-07-01T23:54:54.000Z",42.70000076293945,-55,"440041740-2026-06-18T22:32:49.000000Z-1"
126.32931,33.993628333333334,158.10000610351562,"2026-07-01T23:57:57.000Z",42.70000076293945,-22,"440041740-2026-06-18T22:32:49.000000Z-1"
126.32752333333333,33.971113333333335,197.89999389648438,"2026-07-01T23:59:53.000Z",42.79999923706055,-27,"440041740-2026-06-18T22:32:49.000000Z-1"
126.313695,33.958483333333334,258.8999938964844,"2026-07-02T00:01:58.000Z",21.100000381469727,1,"440041740-2026-06-18T22:32:49.000000Z-1"
126.29857333333334,33.96113833333333,286,"2026-07-02T00:05:59.000Z",6.599999904632568,8,"440041740-2026-06-18T22:32:49.000000Z-1"
126.32028833333334,33.96149333333334,60.70000076293945,"2026-07-02T00:29:56.000Z",28.600000381469727,-5,"440041740-2026-06-18T22:32:49.000000Z-1"
126.34304333333333,33.96612666666667,116.4000015258789,"2026-07-02T00:31:53.000Z",41.20000076293945,-31,"440041740-2026-06-18T22:32:49.000000Z-1"
126.35701833333333,33.945836666666665,160.10000610351562,"2026-07-02T00:33:57.000Z",41.79999923706055,-32,"440041740-2026-06-18T22:32:49.000000Z-1"
126.37728166666666,33.9026,160.5,"2026-07-02T00:37:53.000Z",41.29999923706055,-49,"440041740-2026-06-18T22:32:49.000000Z-1"
126.39462333333333,33.85805166666667,156,"2026-07-02T00:41:57.000Z",41.599998474121094,-70,"440041740-2026-06-18T22:32:49.000000Z-1"
126.40405333333334,33.837565,158.1999969482422,"2026-07-02T00:43:52.000Z",42.099998474121094,-79,"440041740-2026-06-18T22:32:49.000000Z-1"
126.41193833333334,33.81558166666667,165.60000610351562,"2026-07-02T00:45:48.000Z",42.5,-85,"440041740-2026-06-18T22:32:49.000000Z-1"
126.41971333333333,33.775821666666666,173.6999969482422,"2026-07-02T00:49:11.000Z",42.599998474121094,-96,"440041740-2026-06-18T22:32:49.000000Z-1"
126.50468166666667,33.60522,157.3000030517578,"2026-07-02T01:05:06.000Z",42.099998474121094,-122,"440041740-2026-06-18T22:32:49.000000Z-1"
126.52796833333333,33.5753,147.8000030517578,"2026-07-02T01:08:10.000Z",42.20000076293945,-105,"440041740-2026-06-18T22:32:49.000000Z-1"
126.54096666666666,33.555275,150.8000030517578,"2026-07-02T01:10:06.000Z",41.5,-94,"440041740-2026-06-18T22:32:49.000000Z-1"
126.54433833333333,33.54186,177.3000030517578,"2026-07-02T01:11:54.000Z",21.200000762939453,-42,"440041740-2026-06-18T22:32:49.000000Z-1"
126.54100333333334,33.530026666666664,209.89999389648438,"2026-07-02T01:15:22.000Z",11.399999618530273,-12,"440041740-2026-06-18T22:32:49.000000Z-1"
126.53333333333333,33.52,176,"2026-07-02T02:24:57.000Z",0,2,"440041740-2026-06-18T22:32:49.000000Z-1"
126.53333333333333,33.52,176,"2026-07-02T04:30:55.000Z",0,2,"440041740-2026-06-18T22:32:49.000000Z-1"
126.53333333333333,33.52,176,"2026-07-02T07:03:58.000Z",0,2,"440041740-2026-06-18T22:32:49.000000Z-1"
126.5393,33.52724,27.399999618530273,"2026-07-02T07:21:33.000Z",10.199999809265137,-12,"440041740-2026-06-18T22:32:49.000000Z-1"
126.543795,33.53297833333333,11.600000381469727,"2026-07-02T07:24:07.000Z",10.399999618530273,-12,"440041740-2026-06-18T22:32:49.000000Z-1"
126.53979833333334,33.54354,332.5,"2026-07-02T07:26:10.000Z",19.899999618530273,-42,"440041740-2026-06-18T22:32:49.000000Z-1"
126.53123666666667,33.553763333333336,338.1000061035156,"2026-07-02T07:31:58.000Z",25,-74,"440041740-2026-06-18T22:32:49.000000Z-1"
126.52233166666667,33.57523166666667,350.6000061035156,"2026-07-02T07:34:10.000Z",42,-105,"440041740-2026-06-18T22:32:49.000000Z-1"
126.51876833333333,33.598481666666665,349.5,"2026-07-02T07:36:10.000Z",42,-115,"440041740-2026-06-18T22:32:49.000000Z-1"
126.51600833333333,33.60912833333333,343.29998779296875,"2026-07-02T07:37:06.000Z",41.900001525878906,-117,"440041740-2026-06-18T22:32:49.000000Z-1"
126.49260833333334,33.65756,333.1000061035156,"2026-07-02T07:41:34.000Z",42.099998474121094,-115,"440041740-2026-06-18T22:32:49.000000Z-1"
126.28,34.098333333333336,344,"2026-07-02T08:48:54.000Z",41,-46,"440041740-2026-06-18T22:32:49.000000Z-1"
126.12348833333333,34.346345,329.29998779296875,"2026-07-02T09:14:40.000Z",38.29999923706055,-21,"440041740-2026-06-18T22:32:49.000000Z-1"
126.12033666666666,34.367735,37,"2026-07-02T09:17:12.000Z",17.100000381469727,-15,"440041740-2026-06-18T22:32:49.000000Z-1"
126.13455,34.37565166666667,136.3000030517578,"2026-07-02T09:23:42.000Z",0.699999988079071,2,"440041740-2026-06-18T22:32:49.000000Z-1"
126.13464833333333,34.37526833333333,172.60000610351562,"2026-07-02T10:34:33.000Z",0,2,"440041740-2026-06-18T22:32:49.000000Z-1"
126.13463166666666,34.375256666666665,172.60000610351562,"2026-07-02T11:45:13.000Z",0,2,"440041740-2026-06-18T22:32:49.000000Z-1"
126.134625,34.375263333333336,172.60000610351562,"2026-07-02T12:56:33.000Z",0,2,"440041740-2026-06-18T22:32:49.000000Z-1"
126.13333333333334,34.375,172,"2026-07-02T14:54:58.000Z",0,2,"440041740-2026-06-18T22:32:49.000000Z-1"
126.13464,34.37525,172.60000610351562,"2026-07-02T16:05:11.000Z",0,2,"440041740-2026-06-18T22:32:49.000000Z-1"
126.13463666666667,34.375258333333335,172.60000610351562,"2026-07-02T17:16:41.000Z",0,2,"440041740-2026-06-18T22:32:49.000000Z-1"
126.134615,34.375258333333335,172.60000610351562,"2026-07-02T18:27:02.000Z",0,2,"440041740-2026-06-18T22:32:49.000000Z-1"
126.13464833333333,34.37524,172.60000610351562,"2026-07-02T19:38:31.000Z",0,2,"440041740-2026-06-18T22:32:49.000000Z-1"
126.13464,34.375256666666665,172.60000610351562,"2026-07-02T20:49:13.000Z",0,2,"440041740-2026-06-18T22:32:49.000000Z-1"
126.13465166666667,34.37524666666667,172.60000610351562,"2026-07-02T22:00:11.000Z",0,2,"440041740-2026-06-18T22:32:49.000000Z-1"
126.11955,34.367981666666665,215.89999389648438,"2026-07-02T23:00:18.000Z",25.200000762939453,-15,"440041740-2026-06-18T22:32:49.000000Z-1"
126.11651333333333,34.35955666666667,197.1999969482422,"2026-07-02T23:01:18.000Z",38,-16,"440041740-2026-06-18T22:32:49.000000Z-1"
126.320655,34.00819166666667,151,"2026-07-02T23:33:34.000Z",42.900001525878906,-25,"440041740-2026-06-18T22:32:49.000000Z-1"
126.31370833333334,33.95910333333333,78.9000015258789,"2026-07-03T00:09:05.000Z",20.200000762939453,1,"440041740-2026-06-18T22:32:49.000000Z-1"
126.32907666666667,33.964461666666665,82.5,"2026-07-03T00:11:03.000Z",33.20000076293945,-7,"440041740-2026-06-18T22:32:49.000000Z-1"
126.34938666666666,33.96258666666667,124.80000305175781,"2026-07-03T00:12:35.000Z",43.20000076293945,-26,"440041740-2026-06-18T22:32:49.000000Z-1"
126.35661333333333,33.95471,153.1999969482422,"2026-07-03T00:13:25.000Z",42.70000076293945,-32,"440041740-2026-06-18T22:32:49.000000Z-1"
126.36538166666666,33.925995,172.8000030517578,"2026-07-03T00:15:54.000Z",42.900001525878906,-32,"440041740-2026-06-18T22:32:49.000000Z-1"
126.36777333333333,33.911555,173.89999389648438,"2026-07-03T00:17:06.000Z",43.099998474121094,-41,"440041740-2026-06-18T22:32:49.000000Z-1"
126.522575,33.609745,161.89999389648438,"2026-07-03T00:45:02.000Z",43.20000076293945,-117,"440041740-2026-06-18T22:32:49.000000Z-1"
126.53651833333333,33.57461333333333,165.39999389648438,"2026-07-03T00:48:06.000Z",43.5,-101,"440041740-2026-06-18T22:32:49.000000Z-1"
126.54003166666666,33.56014166666667,167.6999969482422,"2026-07-03T00:49:18.000Z",43.400001525878906,-94,"440041740-2026-06-18T22:32:49.000000Z-1"
126.54403333333333,33.53739,172.10000610351562,"2026-07-03T00:52:14.000Z",12.199999809265137,-42,"440041740-2026-06-18T22:32:49.000000Z-1"
126.53620666666667,33.523195,221.5,"2026-07-03T00:57:30.000Z",10.699999809265137,22,"440041740-2026-06-18T22:32:49.000000Z-1"
126.53344333333334,33.520015,168,"2026-07-03T02:07:59.000Z",0,2,"440041740-2026-06-18T22:32:49.000000Z-1"
126.53344833333334,33.52001333333333,168,"2026-07-03T03:20:25.000Z",0,2,"440041740-2026-06-18T22:32:49.000000Z-1"
126.53333333333333,33.52,168,"2026-07-03T05:00:53.000Z",0,2,"440041740-2026-06-18T22:32:49.000000Z-1"
126.54290166666667,33.532893333333334,10.699999809265137,"2026-07-03T07:24:46.000Z",11.5,-12,"440041740-2026-06-18T22:32:49.000000Z-1"
126.535615,33.53953,3.9000000953674316,"2026-07-03T07:27:30.000Z",2,-42,"440041740-2026-06-18T22:32:49.000000Z-1"
126.53174,33.54409166666667,340.79998779296875,"2026-07-03T07:30:22.000Z",19.299999237060547,-35,"440041740-2026-06-18T22:32:49.000000Z-1"
126.52987666666667,33.54867333333333,342.29998779296875,"2026-07-03T07:31:12.000Z",22.200000762939453,-74,"440041740-2026-06-18T22:32:49.000000Z-1"
126.52739833333334,33.570903333333334,2,"2026-07-03T07:33:34.000Z",42.400001525878906,-101,"440041740-2026-06-18T22:32:49.000000Z-1"
126.51972333333333,33.59414833333334,347.79998779296875,"2026-07-03T07:35:38.000Z",42.900001525878906,-111,"440041740-2026-06-18T22:32:49.000000Z-1"
126.51608166666666,33.609615,348.5,"2026-07-03T07:36:58.000Z",42.900001525878906,-117,"440041740-2026-06-18T22:32:49.000000Z-1"
126.51336166666667,33.627538333333334,349.1000061035156,"2026-07-03T07:38:30.000Z",42.70000076293945,-121,"440041740-2026-06-18T22:32:49.000000Z-1"
126.47409166666667,33.714535,338.3999938964844,"2026-07-03T07:46:22.000Z",42.20000076293945,-109,"440041740-2026-06-18T22:32:49.000000Z-1"
126.13666666666667,34.32833333333333,333,"2026-07-03T09:15:57.000Z",39,-15,"440041740-2026-06-18T22:32:49.000000Z-1"
126.12121833333333,34.36772666666667,29.200000762939453,"2026-07-03T09:20:00.000Z",22.799999237060547,-15,"440041740-2026-06-18T22:32:49.000000Z-1"
126.13229166666666,34.3761,61,"2026-07-03T09:23:48.000Z",7.199999809265137,2,"440041740-2026-06-18T22:32:49.000000Z-1"
126.13333333333334,34.375,220,"2026-07-03T10:39:57.000Z",0,2,"440041740-2026-06-18T22:32:49.000000Z-1"
126.13464,34.375238333333336,220.10000610351562,"2026-07-03T11:50:50.000Z",0,2,"440041740-2026-06-18T22:32:49.000000Z-1"
126.13463833333333,34.375251666666664,220.10000610351562,"2026-07-03T13:02:58.000Z",0,2,"440041740-2026-06-18T22:32:49.000000Z-1"
126.13464666666667,34.37524166666667,220.10000610351562,"2026-07-03T14:17:59.000Z",0,2,"440041740-2026-06-18T22:32:49.000000Z-1"
126.13463333333333,34.37524,220.10000610351562,"2026-07-03T15:28:21.000Z",0,2,"440041740-2026-06-18T22:32:49.000000Z-1"
126.13463333333333,34.375263333333336,220.10000610351562,"2026-07-03T16:41:21.000Z",0,2,"440041740-2026-06-18T22:32:49.000000Z-1"
126.13463833333333,34.375238333333336,220.10000610351562,"2026-07-03T17:52:59.000Z",0,2,"440041740-2026-06-18T22:32:49.000000Z-1"
126.13462166666666,34.375233333333334,220.10000610351562,"2026-07-03T19:03:08.000Z",0,2,"440041740-2026-06-18T22:32:49.000000Z-1"
126.13464333333333,34.37524666666667,220.10000610351562,"2026-07-03T20:13:59.000Z",0,2,"440041740-2026-06-18T22:32:49.000000Z-1"
126.13464,34.375256666666665,220.10000610351562,"2026-07-03T21:25:41.000Z",0,2,"440041740-2026-06-18T22:32:49.000000Z-1"
126.13462666666666,34.375238333333336,220.10000610351562,"2026-07-03T22:43:30.000Z",0,2,"440041740-2026-06-18T22:32:49.000000Z-1"
126.12926,34.37401333333333,232.10000610351562,"2026-07-03T23:00:49.000Z",12.100000381469727,0,"440041740-2026-06-18T22:32:49.000000Z-1"
126.12976166666667,34.33624,142.6999969482422,"2026-07-03T23:04:34.000Z",46.400001525878906,-31,"440041740-2026-06-18T22:32:49.000000Z-1"
126.18322166666667,34.277073333333334,137.8000030517578,"2026-07-03T23:10:49.000Z",45,-48,"440041740-2026-06-18T22:32:49.000000Z-1"
126.28128,34.10983,160.10000610351562,"2026-07-03T23:25:51.000Z",43.400001525878906,-48,"440041740-2026-06-18T22:32:49.000000Z-1"
126.32740166666666,33.99740166666667,157.3000030517578,"2026-07-03T23:35:52.000Z",43.5,-32,"440041740-2026-06-18T22:32:49.000000Z-1"
126.29867833333333,33.961148333333334,288.20001220703125,"2026-07-03T23:45:52.000Z",7.900000095367432,8,"440041740-2026-06-18T22:32:49.000000Z-1"
126.41822666666667,33.814185,161.8000030517578,"2026-07-04T00:25:56.000Z",42.70000076293945,-89,"440041740-2026-06-18T22:32:49.000000Z-1"
126.482525,33.66875,159.89999389648438,"2026-07-04T00:38:26.000Z",42.29999923706055,-114,"440041740-2026-06-18T22:32:49.000000Z-1"
126.53592166666667,33.588408333333334,156.60000610351562,"2026-07-04T00:46:14.000Z",40.70000076293945,-111,"440041740-2026-06-18T22:32:49.000000Z-1"
126.547205,33.538898333333336,185.10000610351562,"2026-07-04T00:51:26.000Z",15.899999618530273,-42,"440041740-2026-06-18T22:32:49.000000Z-1"
126.53333333333333,33.52,168,"2026-07-04T02:15:56.000Z",0,2,"440041740-2026-06-18T22:32:49.000000Z-1"
126.53333333333333,33.52,168,"2026-07-04T03:27:56.000Z",0,2,"440041740-2026-06-18T22:32:49.000000Z-1"
126.53343,33.52001166666667,168.1999969482422,"2026-07-04T04:45:42.000Z",0,2,"440041740-2026-06-18T22:32:49.000000Z-1"
126.53344,33.52001333333333,168.1999969482422,"2026-07-04T06:01:21.000Z",0,2,"440041740-2026-06-18T22:32:49.000000Z-1"
126.53343666666666,33.52001,168.1999969482422,"2026-07-04T07:12:12.000Z",0,2,"440041740-2026-06-18T22:32:49.000000Z-1"
126.53340666666666,33.520155,327,"2026-07-04T07:41:11.000Z",0.6000000238418579,2,"440041740-2026-06-18T22:32:49.000000Z-1"
126.54312333333333,33.53310666666667,10.600000381469727,"2026-07-04T07:47:09.000Z",11.899999618530273,-12,"440041740-2026-06-18T22:32:49.000000Z-1"
126.53742,33.542521666666666,334.79998779296875,"2026-07-04T07:51:09.000Z",4.900000095367432,-42,"440041740-2026-06-18T22:32:49.000000Z-1"
126.532145,33.55173166666667,336.5,"2026-07-04T07:54:42.000Z",25,-74,"440041740-2026-06-18T22:32:49.000000Z-1"
126.53111,33.55386,336.70001220703125,"2026-07-04T07:55:00.000Z",28.299999237060547,-74,"440041740-2026-06-18T22:32:49.000000Z-1"
126.52081166666666,33.57002833333333,328.3999938964844,"2026-07-04T07:56:45.000Z",41.400001525878906,-96,"440041740-2026-06-18T22:32:49.000000Z-1"
126.49106833333333,33.60406833333333,331.5,"2026-07-04T08:00:22.000Z",42.20000076293945,-121,"440041740-2026-06-18T22:32:49.000000Z-1"
126.44106333333333,33.68051,331.8999938964844,"2026-07-04T08:07:46.000Z",42.599998474121094,-105,"440041740-2026-06-18T22:32:49.000000Z-1"
126.435025,33.691965,335.1000061035156,"2026-07-04T08:08:50.000Z",41.900001525878906,-100,"440041740-2026-06-18T22:32:49.000000Z-1"
126.41269166666666,33.743065,341.3999938964844,"2026-07-04T08:13:30.000Z",42.099998474121094,-111,"440041740-2026-06-18T22:32:49.000000Z-1"
126.39468333333333,33.77534333333333,323.70001220703125,"2026-07-04T08:16:34.000Z",41.5,-105,"440041740-2026-06-18T22:32:49.000000Z-1"
126.371695,33.797355,313.6000061035156,"2026-07-04T08:19:06.000Z",41,-94,"440041740-2026-06-18T22:32:49.000000Z-1"
126.35649333333333,33.80891166666667,309.5,"2026-07-04T08:20:36.000Z",41,-88,"440041740-2026-06-18T22:32:49.000000Z-1"
126.305935,33.85436166666667,321.20001220703125,"2026-07-04T08:26:02.000Z",41.5,-57,"440041740-2026-06-18T22:32:49.000000Z-1"
126.29714833333334,33.86619666666667,337.3999938964844,"2026-07-04T08:27:14.000Z",41.900001525878906,-47,"440041740-2026-06-18T22:32:49.000000Z-1"
126.28506666666667,33.92198333333333,349,"2026-07-04T08:32:04.000Z",41.79999923706055,-40,"440041740-2026-06-18T22:32:49.000000Z-1"
126.27610333333334,33.95168,346.8999938964844,"2026-07-04T08:34:42.000Z",42,-40,"440041740-2026-06-18T22:32:49.000000Z-1"
126.11381833333333,34.36544833333333,52.5,"2026-07-04T09:13:45.000Z",12.300000190734863,-18,"440041740-2026-06-18T22:32:49.000000Z-1"
126.13464,34.375258333333335,200.3000030517578,"2026-07-04T09:50:16.000Z",0,2,"440041740-2026-06-18T22:32:49.000000Z-1"
126.13333333333334,34.375,200,"2026-07-04T11:21:58.000Z",0,2,"440041740-2026-06-18T22:32:49.000000Z-1"
126.13333333333334,34.375,200,"2026-07-04T12:54:58.000Z",0,2,"440041740-2026-06-18T22:32:49.000000Z-1"
126.13464,34.37524333333333,200.3000030517578,"2026-07-04T14:09:56.000Z",0,2,"440041740-2026-06-18T22:32:49.000000Z-1"
126.13464166666667,34.375236666666666,200.3000030517578,"2026-07-04T15:20:25.000Z",0,2,"440041740-2026-06-18T22:32:49.000000Z-1"
126.13464833333333,34.37524666666667,200.3000030517578,"2026-07-04T16:31:45.000Z",0,2,"440041740-2026-06-18T22:32:49.000000Z-1"
126.13464,34.37525,200.3000030517578,"2026-07-04T17:42:54.000Z",0,2,"440041740-2026-06-18T22:32:49.000000Z-1"
126.13333333333334,34.375,200,"2026-07-04T20:10:01.000Z",0,2,"440041740-2026-06-18T22:32:49.000000Z-1"
126.13333333333334,34.375,200,"2026-07-04T22:15:56.000Z",0,2,"440041740-2026-06-18T22:32:49.000000Z-1"
126.24166666666666,34.126666666666665,140,"2026-07-04T23:25:00.000Z",38,-45,"440041740-2026-06-18T22:32:49.000000Z-1"
126.40666666666667,33.875,148,"2026-07-05T00:18:55.000Z",38,-64,"440041740-2026-06-18T22:32:49.000000Z-1"
126.51768666666666,33.59506666666667,157.60000610351562,"2026-07-05T00:46:50.000Z",39.099998474121094,-115,"440041740-2026-06-18T22:32:49.000000Z-1"
126.53366,33.570053333333334,154.5,"2026-07-05T00:49:26.000Z",38.79999923706055,-101,"440041740-2026-06-18T22:32:49.000000Z-1"
126.54352833333333,33.550268333333335,160.1999969482422,"2026-07-05T00:51:26.000Z",35.599998474121094,-77,"440041740-2026-06-18T22:32:49.000000Z-1"
126.54592833333334,33.54045166666667,179.6999969482422,"2026-07-05T00:53:02.000Z",16.299999237060547,-42,"440041740-2026-06-18T22:32:49.000000Z-1"
126.54206,33.531708333333334,214.89999389648438,"2026-07-05T00:56:02.000Z",10.800000190734863,-12,"440041740-2026-06-18T22:32:49.000000Z-1"
126.53333333333333,33.52,169,"2026-07-05T01:57:56.000Z",0,2,"440041740-2026-06-18T22:32:49.000000Z-1"
126.53333333333333,33.52,169,"2026-07-05T03:12:54.000Z",0,2,"440041740-2026-06-18T22:32:49.000000Z-1"
126.53333333333333,33.52,169,"2026-07-05T05:15:59.000Z",0,2,"440041740-2026-06-18T22:32:49.000000Z-1"
126.53333333333333,33.51833333333333,169,"2026-07-05T06:33:56.000Z",0,2,"440041740-2026-06-18T22:32:49.000000Z-1"
126.54286833333333,33.533298333333335,11.899999618530273,"2026-07-05T07:30:25.000Z",11.5,-12,"440041740-2026-06-18T22:32:49.000000Z-1"
126.53999,33.53593166666667,294.3999938964844,"2026-07-05T07:31:18.000Z",20.200000762939453,-42,"440041740-2026-06-18T22:32:49.000000Z-1"
126.52953166666667,33.54159166666667,326.5,"2026-07-05T07:36:10.000Z",16.100000381469727,-35,"440041740-2026-06-18T22:32:49.000000Z-1"
126.51933,33.549815,315.5,"2026-07-05T07:38:02.000Z",31.200000762939453,-69,"440041740-2026-06-18T22:32:49.000000Z-1"
126.49303666666667,33.578111666666665,325,"2026-07-05T07:41:14.000Z",41.599998474121094,-103,"440041740-2026-06-18T22:32:49.000000Z-1"
126.20333333333333,34.138333333333335,345,"2026-07-05T09:00:57.000Z",42,-39,"440041740-2026-06-18T22:32:49.000000Z-1"
126.13333333333334,34.375,224,"2026-07-05T10:24:58.000Z",0,2,"440041740-2026-06-18T22:32:49.000000Z-1"
126.13464,34.37524666666667,224.3000030517578,"2026-07-05T11:35:16.000Z",0,2,"440041740-2026-06-18T22:32:49.000000Z-1"
126.13463,34.37524,224.3000030517578,"2026-07-05T12:46:25.000Z",0,2,"440041740-2026-06-18T22:32:49.000000Z-1"
126.13333333333334,34.375,224,"2026-07-05T15:12:56.000Z",0,2,"440041740-2026-06-18T22:32:49.000000Z-1"
126.13333333333334,34.375,224,"2026-07-05T17:34:01.000Z",0,2,"440041740-2026-06-18T22:32:49.000000Z-1"
126.13462833333334,34.37524666666667,224.3000030517578,"2026-07-05T18:47:07.000Z",0,2,"440041740-2026-06-18T22:32:49.000000Z-1"
126.13464,34.37523,224.3000030517578,"2026-07-05T19:57:15.000Z",0,2,"440041740-2026-06-18T22:32:49.000000Z-1"
126.13464666666667,34.37523,224.3000030517578,"2026-07-05T21:09:45.000Z",0,2,"440041740-2026-06-18T22:32:49.000000Z-1"
126.13464833333333,34.375236666666666,224.3000030517578,"2026-07-05T22:20:16.000Z",0,2,"440041740-2026-06-18T22:32:49.000000Z-1"
126.13468333333333,34.37524666666667,40.79999923706055,"2026-07-05T22:52:46.000Z",0.10000000149011612,2,"440041740-2026-06-18T22:32:49.000000Z-1"
126.13468166666667,34.375263333333336,40.79999923706055,"2026-07-05T22:53:25.000Z",0,2,"440041740-2026-06-18T22:32:49.000000Z-1"
126.13469833333333,34.375278333333334,35.29999923706055,"2026-07-05T22:54:15.000Z",0.30000001192092896,2,"440041740-2026-06-18T22:32:49.000000Z-1"
126.13485,34.376126666666664,6.400000095367432,"2026-07-05T22:56:32.000Z",4.400000095367432,2,"440041740-2026-06-18T22:32:49.000000Z-1"
126.12466333333333,34.37133166666667,231.10000610351562,"2026-07-05T22:59:43.000Z",18.899999618530273,-15,"440041740-2026-06-18T22:32:49.000000Z-1"
126.12073666666667,34.36815333333333,214.1999969482422,"2026-07-05T23:00:28.000Z",24.5,-15,"440041740-2026-06-18T22:32:49.000000Z-1"
126.27997333333333,34.02569333333334,147,"2026-07-05T23:34:46.000Z",37.5,-48,"440041740-2026-06-18T22:32:49.000000Z-1"
126.29254333333333,34.01065,141.6999969482422,"2026-07-05T23:36:19.000Z",37.599998474121094,-44,"440041740-2026-06-18T22:32:49.000000Z-1"
126.32875166666666,33.992895,145.3000030517578,"2026-07-05T23:39:47.000Z",37.5,-22,"440041740-2026-06-18T22:32:49.000000Z-1"
126.32819,33.97683833333333,187.8000030517578,"2026-07-05T23:41:20.000Z",36.099998474121094,-24,"440041740-2026-06-18T22:32:49.000000Z-1"
126.29752833333333,33.962025,306.70001220703125,"2026-07-05T23:54:48.000Z",0,8,"440041740-2026-06-18T22:32:49.000000Z-1"
126.30639666666667,33.95956833333333,112.30000305175781,"2026-07-06T00:09:49.000Z",18.299999237060547,1,"440041740-2026-06-18T22:32:49.000000Z-1"
126.31780666666667,33.96116,60.900001525878906,"2026-07-06T00:11:24.000Z",26.799999237060547,-5,"440041740-2026-06-18T22:32:49.000000Z-1"
126.35517166666666,33.951345,148.10000610351562,"2026-07-06T00:14:50.000Z",43.70000076293945,-32,"440041740-2026-06-18T22:32:49.000000Z-1"
126.36887666666667,33.93348666666667,153,"2026-07-06T00:16:25.000Z",41.70000076293945,-32,"440041740-2026-06-18T22:32:49.000000Z-1"
126.41194833333333,33.854528333333334,165.10000610351562,"2026-07-06T00:24:51.000Z",37,-77,"440041740-2026-06-18T22:32:49.000000Z-1"
126.41655333333334,33.83774833333333,165.89999389648438,"2026-07-06T00:26:27.000Z",37.099998474121094,-75,"440041740-2026-06-18T22:32:49.000000Z-1"
126.44186333333333,33.774496666666664,165.10000610351562,"2026-07-06T00:32:51.000Z",37.5,-105,"440041740-2026-06-18T22:32:49.000000Z-1"
126.48831333333334,33.681068333333336,160.60000610351562,"2026-07-06T00:42:29.000Z",37.79999923706055,-112,"440041740-2026-06-18T22:32:49.000000Z-1"
126.504465,33.641265,151.10000610351562,"2026-07-06T00:46:29.000Z",37.900001525878906,-119,"440041740-2026-06-18T22:32:49.000000Z-1"
126.53469333333334,33.601505,153.3000030517578,"2026-07-06T00:50:58.000Z",38.20000076293945,-117,"440041740-2026-06-18T22:32:49.000000Z-1"
126.53897166666667,33.58944833333333,166.39999389648438,"2026-07-06T00:52:10.000Z",38.20000076293945,-111,"440041740-2026-06-18T22:32:49.000000Z-1"
126.54157333333333,33.571783333333336,174.1999969482422,"2026-07-06T00:53:50.000Z",37.900001525878906,-101,"440041740-2026-06-18T22:32:49.000000Z-1"
126.542375,33.555308333333336,172.6999969482422,"2026-07-06T00:55:26.000Z",37.70000076293945,-94,"440041740-2026-06-18T22:32:49.000000Z-1"
126.54405166666666,33.53818166666667,175.8000030517578,"2026-07-06T00:58:06.000Z",12.5,-42,"440041740-2026-06-18T22:32:49.000000Z-1"
126.53987333333333,33.528393333333334,203.8000030517578,"2026-07-06T01:01:32.000Z",11,-12,"440041740-2026-06-18T22:32:49.000000Z-1"
126.533665,33.52055,215.39999389648438,"2026-07-06T01:06:32.000Z",2.5,2,"440041740-2026-06-18T22:32:49.000000Z-1"
126.53345,33.52003,223.10000610351562,"2026-07-06T02:16:42.000Z",0,2,"440041740-2026-06-18T22:32:49.000000Z-1"
126.53333333333333,33.52,223,"2026-07-06T04:03:56.000Z",0,2,"440041740-2026-06-18T22:32:49.000000Z-1"
126.53333333333333,33.52,223,"2026-07-06T06:24:59.000Z",0,2,"440041740-2026-06-18T22:32:49.000000Z-1"
126.54303,33.533858333333335,341.20001220703125,"2026-07-06T07:22:49.000Z",10,-12,"440041740-2026-06-18T22:32:49.000000Z-1"
126.54207166666667,33.53472166666667,312.8999938964844,"2026-07-06T07:23:10.000Z",13,-12,"440041740-2026-06-18T22:32:49.000000Z-1"
126.53169166666666,33.54671166666667,333.79998779296875,"2026-07-06T07:29:02.000Z",23.299999237060547,-74,"440041740-2026-06-18T22:32:49.000000Z-1"
126.4963,33.57773,316.6000061035156,"2026-07-06T07:33:06.000Z",41.599998474121094,-103,"440041740-2026-06-18T22:32:49.000000Z-1"
126.45604333333333,33.608086666666665,316.70001220703125,"2026-07-06T07:37:02.000Z",41.70000076293945,-122,"440041740-2026-06-18T22:32:49.000000Z-1"
126.44239833333333,33.621993333333336,317.79998779296875,"2026-07-06T07:38:34.000Z",41.5,-123,"440041740-2026-06-18T22:32:49.000000Z-1"
126.41354333333334,33.64821333333333,319,"2026-07-06T07:41:38.000Z",41.70000076293945,-117,"440041740-2026-06-18T22:32:49.000000Z-1"
126.40540666666666,33.66543166666667,359.79998779296875,"2026-07-06T07:43:16.000Z",40.599998474121094,-111,"440041740-2026-06-18T22:32:49.000000Z-1"
126.40654833333333,33.68484333333333,359.70001220703125,"2026-07-06T07:44:54.000Z",42.70000076293945,-104,"440041740-2026-06-18T22:32:49.000000Z-1"
126.40142333333333,33.76121,352.8999938964844,"2026-07-06T07:51:26.000Z",42.400001525878906,-121,"440041740-2026-06-18T22:32:49.000000Z-1"
126.25,34.17166666666667,345,"2026-07-06T08:57:57.000Z",37,-28,"440041740-2026-06-18T22:32:49.000000Z-1"
126.112935,34.35621,336.5,"2026-07-06T09:20:12.000Z",20.100000381469727,-31,"440041740-2026-06-18T22:32:49.000000Z-1"
126.120625,34.367365,49,"2026-07-06T09:23:52.000Z",14.399999618530273,-15,"440041740-2026-06-18T22:32:49.000000Z-1"
126.13195,34.37607666666667,56.20000076293945,"2026-07-06T09:27:57.000Z",8.199999809265137,2,"440041740-2026-06-18T22:32:49.000000Z-1"
126.13464333333333,34.37526,232,"2026-07-06T10:38:00.000Z",0,2,"440041740-2026-06-18T22:32:49.000000Z-1"
126.13461166666667,34.37526,232,"2026-07-06T11:48:50.000Z",0,2,"440041740-2026-06-18T22:32:49.000000Z-1"
126.134645,34.37526,232,"2026-07-06T12:59:20.000Z",0,2,"440041740-2026-06-18T22:32:49.000000Z-1"
126.134635,34.37526,232,"2026-07-06T14:09:42.000Z",0,2,"440041740-2026-06-18T22:32:49.000000Z-1"
126.13463666666667,34.37524333333333,232,"2026-07-06T15:20:02.000Z",0,2,"440041740-2026-06-18T22:32:49.000000Z-1"
126.13464666666667,34.375263333333336,232,"2026-07-06T16:30:30.000Z",0,2,"440041740-2026-06-18T22:32:49.000000Z-1"
126.13466333333334,34.375258333333335,232,"2026-07-06T17:41:30.000Z",0,2,"440041740-2026-06-18T22:32:49.000000Z-1"
126.13464166666667,34.375245,232,"2026-07-06T18:52:00.000Z",0,2,"440041740-2026-06-18T22:32:49.000000Z-1"
126.13464666666667,34.375245,232,"2026-07-06T20:33:12.000Z",0,2,"440041740-2026-06-18T22:32:49.000000Z-1"
126.13465,34.37525333333333,232,"2026-07-06T21:46:19.000Z",0,2,"440041740-2026-06-18T22:32:49.000000Z-1"
126.20565666666667,34.19811,164,"2026-07-07T00:58:54.000Z",21,-28,"440041740-2026-06-18T22:32:49.000000Z-1"
126.502415,33.61835833333333,157.10000610351562,"2026-07-07T02:36:10.000Z",43.5,-123,"440041740-2026-06-18T22:32:49.000000Z-1"
126.51139,33.599655,156.6999969482422,"2026-07-07T02:37:50.000Z",43.29999923706055,-115,"440041740-2026-06-18T22:32:49.000000Z-1"
126.5245,33.57921,149.89999389648438,"2026-07-07T02:39:46.000Z",43.20000076293945,-105,"440041740-2026-06-18T22:32:49.000000Z-1"
126.53912,33.558593333333334,150,"2026-07-07T02:41:46.000Z",43,-94,"440041740-2026-06-18T22:32:49.000000Z-1"
126.54543,33.54523666666667,173.8000030517578,"2026-07-07T02:43:10.000Z",25.399999618530273,-70,"440041740-2026-06-18T22:32:49.000000Z-1"
126.54365166666666,33.53409833333333,209.39999389648438,"2026-07-07T02:46:14.000Z",11.399999618530273,-12,"440041740-2026-06-18T22:32:49.000000Z-1"
126.53344166666666,33.520001666666666,168.60000610351562,"2026-07-07T05:42:45.000Z",0,2,"440041740-2026-06-18T22:32:49.000000Z-1"
126.53333333333333,33.52,168,"2026-07-07T07:12:58.000Z",0,2,"440041740-2026-06-18T22:32:49.000000Z-1"
126.54292833333334,33.533408333333334,5.400000095367432,"2026-07-07T07:21:52.000Z",12.199999809265137,-12,"440041740-2026-06-18T22:32:49.000000Z-1"
126.54248666666666,33.53490166666667,340.5,"2026-07-07T07:22:13.000Z",17.200000762939453,-12,"440041740-2026-06-18T22:32:49.000000Z-1"
126.53721166666666,33.54704,342.29998779296875,"2026-07-07T07:24:02.000Z",32.400001525878906,-77,"440041740-2026-06-18T22:32:49.000000Z-1"
126.531825,33.56192333333333,338.8999938964844,"2026-07-07T07:25:26.000Z",43.099998474121094,-94,"440041740-2026-06-18T22:32:49.000000Z-1"
126.52515666666666,33.571715,325.29998779296875,"2026-07-07T07:26:22.000Z",43.599998474121094,-101,"440041740-2026-06-18T22:32:49.000000Z-1"
126.510725,33.58716166666667,324.3999938964844,"2026-07-07T07:27:58.000Z",43.29999923706055,-113,"440041740-2026-06-18T22:32:49.000000Z-1"
126.50127166666667,33.600315,324.8999938964844,"2026-07-07T07:29:14.000Z",43.29999923706055,-118,"440041740-2026-06-18T22:32:49.000000Z-1"
126.43394166666667,33.640386666666664,301.8999938964844,"2026-07-07T07:35:00.000Z",43.5,-124,"440041740-2026-06-18T22:32:49.000000Z-1"
126.40209333333334,33.723953333333334,3.299999952316284,"2026-07-07T07:42:44.000Z",43.099998474121094,-88,"440041740-2026-06-18T22:32:49.000000Z-1"
126.40503833333334,33.802255,359.29998779296875,"2026-07-07T07:49:16.000Z",43.099998474121094,-96,"440041740-2026-06-18T22:32:49.000000Z-1"
126.40150166666666,33.836128333333335,346.1000061035156,"2026-07-07T07:52:04.000Z",43.900001525878906,-79,"440041740-2026-06-18T22:32:49.000000Z-1"
126.38850666666667,33.87271833333333,345.79998779296875,"2026-07-07T07:55:14.000Z",42.79999923706055,-71,"440041740-2026-06-18T22:32:49.000000Z-1"
126.38517,33.89376,0.6000000238418579,"2026-07-07T07:57:00.000Z",42.599998474121094,-56,"440041740-2026-06-18T22:32:49.000000Z-1"
126.38403166666667,33.90604,350.8999938964844,"2026-07-07T07:58:02.000Z",43,-43,"440041740-2026-06-18T22:32:49.000000Z-1"
126.381385,33.918265,346.20001220703125,"2026-07-07T07:59:04.000Z",43.099998474121094,-41,"440041740-2026-06-18T22:32:49.000000Z-1"
126.37319,33.932853333333334,322.8999938964844,"2026-07-07T08:00:24.000Z",44.099998474121094,-32,"440041740-2026-06-18T22:32:49.000000Z-1"
126.35462,33.950235,317.79998779296875,"2026-07-07T08:02:18.000Z",44.70000076293945,-21,"440041740-2026-06-18T22:32:49.000000Z-1"
126.32783833333333,33.96679666666667,260.8999938964844,"2026-07-07T08:04:42.000Z",42.20000076293945,-27,"440041740-2026-06-18T22:32:49.000000Z-1"
126.30991333333333,33.95908,102.69999694824219,"2026-07-07T08:31:18.000Z",20.899999618530273,1,"440041740-2026-06-18T22:32:49.000000Z-1"
126.32499166666666,33.969071666666665,30.100000381469727,"2026-07-07T08:33:14.000Z",42.599998474121094,-17,"440041740-2026-06-18T22:32:49.000000Z-1"
126.33028833333333,33.98155166666667,13.800000190734863,"2026-07-07T08:34:20.000Z",43.70000076293945,-24,"440041740-2026-06-18T22:32:49.000000Z-1"
126.11337333333333,34.36560333333333,75,"2026-07-07T09:17:45.000Z",38,-18,"440041740-2026-07-07T09:17:45.000000Z-1"
126.12939666666666,34.37421,44.29999923706055,"2026-07-07T09:21:03.000Z",10.100000381469727,0,"440041740-2026-07-07T09:17:45.000000Z-1"
126.13333333333334,34.375,168,"2026-07-07T10:36:57.000Z",0,2,"440041740-2026-07-07T09:17:45.000000Z-1"
126.13464666666667,34.375256666666665,168.8000030517578,"2026-07-07T12:06:32.000Z",0,2,"440041740-2026-07-07T09:17:45.000000Z-1"
126.13333333333334,34.375,168,"2026-07-07T13:54:55.000Z",0,2,"440041740-2026-07-07T09:17:45.000000Z-1"
126.13333333333334,34.375,168,"2026-07-07T16:15:59.000Z",0,2,"440041740-2026-07-07T09:17:45.000000Z-1"
126.13333333333334,34.375,168,"2026-07-07T19:03:58.000Z",0,2,"440041740-2026-07-07T09:17:45.000000Z-1"
126.13464333333333,34.375255,168.8000030517578,"2026-07-07T20:53:42.000Z",0,2,"440041740-2026-07-07T09:17:45.000000Z-1"
126.13333333333334,34.375,168,"2026-07-07T22:58:03.000Z",0,2,"440041740-2026-07-07T09:17:45.000000Z-1"
126.13333333333334,34.375,168,"2026-07-08T00:09:55.000Z",0,2,"440041740-2026-07-07T09:17:45.000000Z-1"
126.13333333333334,34.375,168,"2026-07-08T01:21:56.000Z",0,2,"440041740-2026-07-07T09:17:45.000000Z-1"
126.13333333333334,34.375,168,"2026-07-08T02:42:58.000Z",0,2,"440041740-2026-07-07T09:17:45.000000Z-1"
126.13333333333334,34.375,168,"2026-07-08T06:12:59.000Z",0,2,"440041740-2026-07-07T09:17:45.000000Z-1"
126.13333333333334,34.375,168,"2026-07-08T07:39:58.000Z",0,2,"440041740-2026-07-07T09:17:45.000000Z-1"
126.13333333333334,34.375,168,"2026-07-08T10:33:59.000Z",0,2,"440041740-2026-07-07T09:17:45.000000Z-1"
126.13333333333334,34.375,168,"2026-07-08T14:33:57.000Z",0,2,"440041740-2026-07-07T09:17:45.000000Z-1"
126.13464,34.37527333333333,168.8000030517578,"2026-07-08T16:36:44.000Z",0,2,"440041740-2026-07-07T09:17:45.000000Z-1"
126.13333333333334,34.375,168,"2026-07-08T19:04:06.000Z",0,2,"440041740-2026-07-07T09:17:45.000000Z-1"
126.13464333333333,34.37525,168.8000030517578,"2026-07-08T21:20:05.000Z",0,2,"440041740-2026-07-07T09:17:45.000000Z-1"
126.144865,34.30525333333333,140.6999969482422,"2026-07-08T23:07:30.000Z",41.20000076293945,-41,"440041740-2026-07-07T09:17:45.000000Z-1"
126.235095,34.18084,157.8000030517578,"2026-07-08T23:26:34.000Z",20.5,-27,"440041740-2026-07-07T09:17:45.000000Z-1"
126.32666666666667,33.99666666666667,160,"2026-07-09T00:00:58.000Z",21,-32,"440041740-2026-07-07T09:17:45.000000Z-1"
126.36947166666667,33.92545833333333,155,"2026-07-09T00:39:22.000Z",38,-32,"440041740-2026-07-07T09:17:45.000000Z-1"
126.39824166666666,33.763691666666666,178.89999389648438,"2026-07-09T00:55:26.000Z",36.29999923706055,-121,"440041740-2026-07-07T09:17:45.000000Z-1"
126.399415,33.654893333333334,168,"2026-07-09T01:06:14.000Z",36.599998474121094,-116,"440041740-2026-07-07T09:17:45.000000Z-1"
126.42719666666666,33.61289,133.89999389648438,"2026-07-09T01:10:54.000Z",37.900001525878906,-126,"440041740-2026-07-07T09:17:45.000000Z-1"
126.47815833333334,33.576238333333336,126.19999694824219,"2026-07-09T01:16:14.000Z",38.20000076293945,-110,"440041740-2026-07-07T09:17:45.000000Z-1"
126.50861666666667,33.558625,129.3000030517578,"2026-07-09T01:19:10.000Z",38.20000076293945,-88,"440041740-2026-07-07T09:17:45.000000Z-1"
126.529545,33.548485,114.0999984741211,"2026-07-09T01:21:07.000Z",37.70000076293945,-74,"440041740-2026-07-07T09:17:45.000000Z-1"
126.54081333333333,33.54103166666667,144.89999389648438,"2026-07-09T01:22:46.000Z",16.200000762939453,-42,"440041740-2026-07-07T09:17:45.000000Z-1"
126.54194166666667,33.531661666666665,211.3000030517578,"2026-07-09T01:26:02.000Z",10.699999809265137,-12,"440041740-2026-07-07T09:17:45.000000Z-1"
126.53642666666667,33.52341,219.10000610351562,"2026-07-09T01:29:09.000Z",10.600000381469727,22,"440041740-2026-07-07T09:17:45.000000Z-1"
126.53344333333334,33.520005,191.5,"2026-07-09T02:41:10.000Z",0,2,"440041740-2026-07-07T09:17:45.000000Z-1"
126.53343333333333,33.52000666666667,191.5,"2026-07-09T03:54:20.000Z",0,2,"440041740-2026-07-07T09:17:45.000000Z-1"
126.53344833333334,33.52001333333333,191.5,"2026-07-09T05:05:36.000Z",0,2,"440041740-2026-07-07T09:17:45.000000Z-1"
126.53343666666666,33.51999,191.5,"2026-07-09T06:16:48.000Z",0,2,"440041740-2026-07-07T09:17:45.000000Z-1"
126.53339666666666,33.52015,320.70001220703125,"2026-07-09T07:17:54.000Z",0.5,2,"440041740-2026-07-07T09:17:45.000000Z-1"
126.53956666666667,33.52799,23.5,"2026-07-09T07:22:20.000Z",10.399999618530273,-12,"440041740-2026-07-07T09:17:45.000000Z-1"
126.518625,33.54955666666667,320.20001220703125,"2026-07-09T07:28:05.000Z",42.20000076293945,-69,"440041740-2026-07-07T09:17:45.000000Z-1"
126.50457,33.56342,323.70001220703125,"2026-07-09T07:29:26.000Z",42.599998474121094,-92,"440041740-2026-07-07T09:17:45.000000Z-1"
126.48658166666667,33.583483333333334,321.20001220703125,"2026-07-09T07:31:34.000Z",42.599998474121094,-103,"440041740-2026-07-07T09:17:45.000000Z-1"
126.40749,33.68926166666667,348.5,"2026-07-09T07:43:26.000Z",42,-97,"440041740-2026-07-07T09:17:45.000000Z-1"
126.35579166666666,33.92737666666667,348.79998779296875,"2026-07-09T08:03:16.000Z",42.20000076293945,-29,"440041740-2026-07-07T09:17:45.000000Z-1"
126.32570833333334,33.973758333333336,18.5,"2026-07-09T08:33:19.000Z",42.400001525878906,-27,"440041740-2026-07-07T09:17:45.000000Z-1"
126.2581,34.06041666666667,349.70001220703125,"2026-07-09T08:43:20.000Z",38.20000076293945,-43,"440041740-2026-07-07T09:17:45.000000Z-1"
126.21796333333333,34.21637,346.5,"2026-07-09T08:58:21.000Z",36.20000076293945,-32,"440041740-2026-07-07T09:17:45.000000Z-1"
126.11928833333333,34.35178833333333,328.1000061035156,"2026-07-09T09:13:22.000Z",41.400001525878906,-21,"440041740-2026-07-07T09:17:45.000000Z-1"
126.128255,34.37319166666666,51.70000076293945,"2026-07-09T09:18:23.000Z",10.600000381469727,0,"440041740-2026-07-07T09:17:45.000000Z-1"
126.13464833333333,34.37524166666667,226.60000610351562,"2026-07-09T10:28:29.000Z",0,2,"440041740-2026-07-07T09:17:45.000000Z-1"
126.13464833333333,34.375255,226.60000610351562,"2026-07-09T11:43:36.000Z",0,2,"440041740-2026-07-07T09:17:45.000000Z-1"
126.13464333333333,34.37524,226.60000610351562,"2026-07-09T12:58:43.000Z",0,2,"440041740-2026-07-07T09:17:45.000000Z-1"
126.134645,34.37524166666667,226.60000610351562,"2026-07-09T14:18:50.000Z",0,2,"440041740-2026-07-07T09:17:45.000000Z-1"
126.13333333333334,34.375,226,"2026-07-09T16:10:00.000Z",0,2,"440041740-2026-07-07T09:17:45.000000Z-1"
126.13333333333334,34.375,226,"2026-07-09T18:21:57.000Z",0,2,"440041740-2026-07-07T09:17:45.000000Z-1"
126.13333333333334,34.375,226,"2026-07-09T21:40:05.000Z",0,2,"440041740-2026-07-07T09:17:45.000000Z-1"
126.32441666666666,33.969,206.3000030517578,"2026-07-09T23:40:05.000Z",20.700000762939453,-17,"440041740-2026-07-07T09:17:45.000000Z-1"
126.30293833333333,33.960566666666665,273.20001220703125,"2026-07-09T23:45:05.000Z",9.800000190734863,8,"440041740-2026-07-07T09:17:45.000000Z-1"
126.32433,33.9642,56.400001525878906,"2026-07-10T00:10:08.000Z",38.900001525878906,-5,"440041740-2026-07-07T09:17:45.000000Z-1"
126.43231166666666,33.80413,156.8000030517578,"2026-07-10T00:25:09.000Z",43,-88,"440041740-2026-07-07T09:17:45.000000Z-1"
126.45945833333333,33.747375,158.10000610351562,"2026-07-10T00:30:10.000Z",43.5,-109,"440041740-2026-07-07T09:17:45.000000Z-1"
126.52988333333333,33.576386666666664,156.8000030517578,"2026-07-10T00:45:06.000Z",43.099998474121094,-105,"440041740-2026-07-07T09:17:45.000000Z-1"
126.54033666666666,33.55664,161.1999969482422,"2026-07-10T00:46:54.000Z",42.400001525878906,-94,"440041740-2026-07-07T09:17:45.000000Z-1"
126.54309666666667,33.54705,171.1999969482422,"2026-07-10T00:47:50.000Z",31.899999618530273,-77,"440041740-2026-07-07T09:17:45.000000Z-1"
126.54431833333334,33.536838333333336,184.10000610351562,"2026-07-10T00:50:02.000Z",11,-42,"440041740-2026-07-07T09:17:45.000000Z-1"
126.53908333333334,33.52752666666667,204,"2026-07-10T00:53:37.000Z",10.600000381469727,-12,"440041740-2026-07-07T09:17:45.000000Z-1"
126.53333333333333,33.52,169,"2026-07-10T02:39:57.000Z",0,2,"440041740-2026-07-07T09:17:45.000000Z-1"
126.53344666666666,33.52001833333333,169.39999389648438,"2026-07-10T04:01:39.000Z",0,2,"440041740-2026-07-07T09:17:45.000000Z-1"
126.53345333333333,33.520026666666666,169.39999389648438,"2026-07-10T05:12:06.000Z",0,2,"440041740-2026-07-07T09:17:45.000000Z-1"
126.53344666666666,33.52,169.39999389648438,"2026-07-10T06:22:16.000Z",0,2,"440041740-2026-07-07T09:17:45.000000Z-1"
126.53331,33.52024333333333,323.29998779296875,"2026-07-10T07:17:24.000Z",0.5,2,"440041740-2026-07-07T09:17:45.000000Z-1"
126.53808666666667,33.525635,31.700000762939453,"2026-07-10T07:20:18.000Z",10.5,-12,"440041740-2026-07-07T09:17:45.000000Z-1"
126.53991166666667,33.535093333333336,278.79998779296875,"2026-07-10T07:24:10.000Z",20.200000762939453,-42,"440041740-2026-07-07T09:17:45.000000Z-1"
126.52531166666667,33.54364,330.70001220703125,"2026-07-10T07:26:06.000Z",39.29999923706055,-35,"440041740-2026-07-07T09:17:45.000000Z-1"
126.52095166666666,33.55454666666667,344.8999938964844,"2026-07-10T07:27:06.000Z",41.79999923706055,-69,"440041740-2026-07-07T09:17:45.000000Z-1"
126.51897333333334,33.57001,1.899999976158142,"2026-07-10T07:28:26.000Z",42,-96,"440041740-2026-07-07T09:17:45.000000Z-1"
126.51963166666667,33.584518333333335,351.5,"2026-07-10T07:29:42.000Z",41.20000076293945,-105,"440041740-2026-07-07T09:17:45.000000Z-1"
126.511945,33.60557333333333,340.1000061035156,"2026-07-10T07:31:34.000Z",41.70000076293945,-118,"440041740-2026-07-07T09:17:45.000000Z-1"
126.50722,33.61514666666667,344.6000061035156,"2026-07-10T07:32:26.000Z",42.20000076293945,-120,"440041740-2026-07-07T09:17:45.000000Z-1"
126.49695166666666,33.649445,345.20001220703125,"2026-07-10T07:35:26.000Z",43.20000076293945,-116,"440041740-2026-07-07T09:17:45.000000Z-1"
126.44816833333333,33.770185,344.8999938964844,"2026-07-10T07:46:07.000Z",42.70000076293945,-102,"440041740-2026-07-07T09:17:45.000000Z-1"
126.446005,33.781843333333335,350.1000061035156,"2026-07-10T07:47:07.000Z",42.5,-96,"440041740-2026-07-07T09:17:45.000000Z-1"
126.34276,33.960405,310.6000061035156,"2026-07-10T08:03:48.000Z",44.70000076293945,-12,"440041740-2026-07-07T09:17:45.000000Z-1"
126.31658833333333,33.96009,48.29999923706055,"2026-07-10T08:27:40.000Z",27.899999618530273,-5,"440041740-2026-07-07T09:17:45.000000Z-1"
126.155,34.285,302,"2026-07-10T08:58:06.000Z",45,-42,"440041740-2026-07-10T08:58:06.000000Z-1"
126.12394833333333,34.37150333333334,66.5999984741211,"2026-07-10T09:08:38.000Z",14.300000190734863,-15,"440041740-2026-07-10T08:58:06.000000Z-1"
126.13468166666667,34.375315,165.10000610351562,"2026-07-10T09:15:56.000Z",0.4000000059604645,2,"440041740-2026-07-10T08:58:06.000000Z-1"
126.13333333333334,34.375,237,"2026-07-10T11:07:05.000Z",0,2,"440041740-2026-07-10T08:58:06.000000Z-1"
126.13333333333334,34.375,237,"2026-07-10T12:30:58.000Z",0,2,"440041740-2026-07-10T08:58:06.000000Z-1"
126.134655,34.37524666666667,237.3000030517578,"2026-07-10T14:23:03.000Z",0,2,"440041740-2026-07-10T08:58:06.000000Z-1"
126.13466166666667,34.375245,237.3000030517578,"2026-07-10T15:39:33.000Z",0,2,"440041740-2026-07-10T08:58:06.000000Z-1"
126.13464166666667,34.37524166666667,237.3000030517578,"2026-07-10T16:50:04.000Z",0,2,"440041740-2026-07-10T08:58:06.000000Z-1"
126.13462666666666,34.37524666666667,237.3000030517578,"2026-07-10T18:34:14.000Z",0,2,"440041740-2026-07-10T08:58:06.000000Z-1"
126.13463,34.37525333333333,237.3000030517578,"2026-07-10T19:47:43.000Z",0,2,"440041740-2026-07-10T08:58:06.000000Z-1"
126.13333333333334,34.375,237,"2026-07-10T21:04:01.000Z",0,2,"440041740-2026-07-10T08:58:06.000000Z-1"
126.13463833333333,34.37526,237.3000030517578,"2026-07-10T22:50:17.000Z",0,2,"440041740-2026-07-10T08:58:06.000000Z-1"
126.134625,34.375326666666666,344.20001220703125,"2026-07-10T22:55:17.000Z",0.5,2,"440041740-2026-07-10T08:58:06.000000Z-1"
126.12643,34.33984,144.10000610351562,"2026-07-10T23:05:18.000Z",40.5,-31,"440041740-2026-07-10T23:05:18.000000Z-1"
126.21098166666667,34.22946833333334,157.5,"2026-07-10T23:15:10.000Z",42.099998474121094,-37,"440041740-2026-07-10T23:05:18.000000Z-1"
126.261915,34.11790666666667,158.5,"2026-07-10T23:26:14.000Z",37.20000076293945,-47,"440041740-2026-07-10T23:05:18.000000Z-1"
126.31412166666667,34.025915,159.3000030517578,"2026-07-10T23:36:08.000Z",37.099998474121094,-55,"440041740-2026-07-10T23:05:18.000000Z-1"
126.32189666666666,34.006903333333334,159.10000610351562,"2026-07-10T23:38:04.000Z",36.70000076293945,-25,"440041740-2026-07-10T23:05:18.000000Z-1"
126.32773333333333,33.97707666666667,194.3000030517578,"2026-07-10T23:41:02.000Z",38.099998474121094,-24,"440041740-2026-07-10T23:05:18.000000Z-1"
126.306525,33.959133333333334,298.8999938964844,"2026-07-10T23:44:42.000Z",13.699999809265137,1,"440041740-2026-07-10T23:05:18.000000Z-1"
126.32353333333333,33.962615,74.0999984741211,"2026-07-11T00:07:36.000Z",37.599998474121094,-5,"440041740-2026-07-10T23:05:18.000000Z-1"
126.35287333333333,33.95188,146.3000030517578,"2026-07-11T00:10:06.000Z",42.099998474121094,-21,"440041740-2026-07-10T23:05:18.000000Z-1"
126.36267333333333,33.93407,156.10000610351562,"2026-07-11T00:11:54.000Z",37.900001525878906,-29,"440041740-2026-07-10T23:05:18.000000Z-1"
126.47403333333334,33.716365,156.1999969482422,"2026-07-11T00:34:36.000Z",37.70000076293945,-113,"440041740-2026-07-10T23:05:18.000000Z-1"
126.52842833333334,33.62016666666667,158.6999969482422,"2026-07-11T00:44:46.000Z",37,-123,"440041740-2026-07-10T23:05:18.000000Z-1"
126.55489833333333,33.56557,164,"2026-07-11T00:50:34.000Z",34.70000076293945,-100,"440041740-2026-07-10T23:05:18.000000Z-1"
126.557595,33.555013333333335,176,"2026-07-11T00:52:18.000Z",19.700000762939453,-80,"440041740-2026-07-10T23:05:18.000000Z-1"
126.555465,33.545315,200.6999969482422,"2026-07-11T00:55:06.000Z",10.399999618530273,-62,"440041740-2026-07-10T23:05:18.000000Z-1"
126.54722,33.535225,221.39999389648438,"2026-07-11T00:59:05.000Z",11.300000190734863,-42,"440041740-2026-07-10T23:05:18.000000Z-1"
126.53434833333333,33.521205,250.1999969482422,"2026-07-11T01:06:35.000Z",0.20000000298023224,2,"440041740-2026-07-10T23:05:18.000000Z-1"
126.53344,33.52000666666667,158.10000610351562,"2026-07-11T02:40:38.000Z",0,2,"440041740-2026-07-10T23:05:18.000000Z-1"
126.53344,33.52001833333333,158.10000610351562,"2026-07-11T03:50:44.000Z",0,2,"440041740-2026-07-10T23:05:18.000000Z-1"
126.53333333333333,33.52,158,"2026-07-11T05:16:01.000Z",0,2,"440041740-2026-07-10T23:05:18.000000Z-1"
126.53951,33.52689,23.700000762939453,"2026-07-11T06:29:55.000Z",11.5,-12,"440041740-2026-07-10T23:05:18.000000Z-1"
126.55034166666667,33.53745333333333,47.400001525878906,"2026-07-11T06:32:42.000Z",23.100000381469727,-42,"440041740-2026-07-10T23:05:18.000000Z-1"
126.55456166666667,33.552735,13.300000190734863,"2026-07-11T06:38:06.000Z",25.700000762939453,-70,"440041740-2026-07-10T23:05:18.000000Z-1"
126.56242833333333,33.57105833333333,20.700000762939453,"2026-07-11T06:40:02.000Z",42.400001525878906,-98,"440041740-2026-07-10T23:05:18.000000Z-1"
126.570785,33.59417166666667,19,"2026-07-11T06:42:04.000Z",42.5,-122,"440041740-2026-07-10T23:05:18.000000Z-1"
126.58607,33.62813666666667,19.100000381469727,"2026-07-11T06:45:08.000Z",42.29999923706055,-126,"440041740-2026-07-10T23:05:18.000000Z-1"
126.58967333333334,33.63792,14.800000190734863,"2026-07-11T06:46:00.000Z",42.20000076293945,-124,"440041740-2026-07-10T23:05:18.000000Z-1"
126.58974833333333,33.649615,351.6000061035156,"2026-07-11T06:47:00.000Z",42.29999923706055,-122,"440041740-2026-07-10T23:05:18.000000Z-1"
126.584455,33.660448333333335,332.1000061035156,"2026-07-11T06:48:00.000Z",42.29999923706055,-122,"440041740-2026-07-10T23:05:18.000000Z-1"
126.56421333333333,33.68792166666667,327.5,"2026-07-11T06:51:00.000Z",37.5,-111,"440041740-2026-07-10T23:05:18.000000Z-1"
126.55305,33.70656,331,"2026-07-11T06:53:00.000Z",38,-110,"440041740-2026-07-10T23:05:18.000000Z-1"
126.52698833333334,33.743035,325.79998779296875,"2026-07-11T06:57:00.000Z",38.400001525878906,-111,"440041740-2026-07-10T23:05:18.000000Z-1"
126.51964166666667,33.75192833333333,328.3999938964844,"2026-07-11T06:58:00.000Z",38.099998474121094,-104,"440041740-2026-07-10T23:05:18.000000Z-1"
126.51146166666666,33.76022,322.3999938964844,"2026-07-11T06:59:02.000Z",38.20000076293945,-98,"440041740-2026-07-10T23:05:18.000000Z-1"
126.354595,33.948945,328.5,"2026-07-11T07:20:41.000Z",38.099998474121094,-21,"440041740-2026-07-10T23:05:18.000000Z-1"
126.33351833333333,33.96310666666667,278,"2026-07-11T07:23:01.000Z",22.399999618530273,-7,"440041740-2026-07-10T23:05:18.000000Z-1"
126.31551666666667,33.959133333333334,265,"2026-07-11T07:26:21.000Z",12.399999618530273,-5,"440041740-2026-07-10T23:05:18.000000Z-1"
126.31574333333333,34.024206666666664,333.29998779296875,"2026-07-11T08:01:21.000Z",43.20000076293945,-38,"440041740-2026-07-10T23:05:18.000000Z-1"
126.31012166666666,34.032615,329.3999938964844,"2026-07-11T08:02:11.000Z",40.5,-55,"440041740-2026-07-10T23:05:18.000000Z-1"
126.28998833333333,34.063155,333.1000061035156,"2026-07-11T08:05:27.000Z",37.79999923706055,-48,"440041740-2026-07-10T23:05:18.000000Z-1"
126.11858666666667,34.36850666666667,55.400001525878906,"2026-07-11T08:37:46.000Z",16.700000762939453,-15,"440041740-2026-07-10T23:05:18.000000Z-1"
126.13333333333334,34.375,246,"2026-07-11T11:00:59.000Z",0,2,"440041740-2026-07-10T23:05:18.000000Z-1"
126.13333333333334,34.375,246,"2026-07-11T13:18:59.000Z",0,2,"440041740-2026-07-10T23:05:18.000000Z-1"
126.13333333333334,34.375,246,"2026-07-11T15:06:57.000Z",0,2,"440041740-2026-07-10T23:05:18.000000Z-1"
126.13464666666667,34.37526166666667,246.39999389648438,"2026-07-11T16:36:24.000Z",0,2,"440041740-2026-07-10T23:05:18.000000Z-1"
126.13462,34.375255,246.39999389648438,"2026-07-11T17:48:04.000Z",0,2,"440041740-2026-07-10T23:05:18.000000Z-1"
126.13465666666667,34.375225,246.39999389648438,"2026-07-11T18:58:55.000Z",0,2,"440041740-2026-07-10T23:05:18.000000Z-1"
126.13333333333334,34.375,246,"2026-07-11T20:51:58.000Z",0,2,"440041740-2026-07-10T23:05:18.000000Z-1"
126.13464833333333,34.37526,246.39999389648438,"2026-07-11T22:27:24.000Z",0,2,"440041740-2026-07-10T23:05:18.000000Z-1"
126.13333333333334,34.375,246,"2026-07-11T23:40:00.000Z",0,2,"440041740-2026-07-10T23:05:18.000000Z-1"
126.13333333333334,34.375,246,"2026-07-12T02:13:01.000Z",0,2,"440041740-2026-07-10T23:05:18.000000Z-1"
126.13333333333334,34.375,246,"2026-07-12T03:40:00.000Z",0,2,"440041740-2026-07-10T23:05:18.000000Z-1"
126.13464833333333,34.375263333333336,246.39999389648438,"2026-07-12T04:51:05.000Z",0,2,"440041740-2026-07-10T23:05:18.000000Z-1"
126.13464166666667,34.37525,246.39999389648438,"2026-07-12T06:01:56.000Z",0,2,"440041740-2026-07-10T23:05:18.000000Z-1"
126.13465333333333,34.37527166666667,246.39999389648438,"2026-07-12T07:15:04.000Z",0,2,"440041740-2026-07-10T23:05:18.000000Z-1"
126.13464833333333,34.375263333333336,246.39999389648438,"2026-07-12T08:25:16.000Z",0,2,"440041740-2026-07-10T23:05:18.000000Z-1"
126.13464166666667,34.375225,246.39999389648438,"2026-07-12T09:36:36.000Z",0,2,"440041740-2026-07-10T23:05:18.000000Z-1"
126.13465166666667,34.375251666666664,246.39999389648438,"2026-07-12T10:47:47.000Z",0,2,"440041740-2026-07-10T23:05:18.000000Z-1"
126.13464666666667,34.37522166666667,246.39999389648438,"2026-07-12T11:58:06.000Z",0,2,"440041740-2026-07-10T23:05:18.000000Z-1"
126.13464833333333,34.37525,246.39999389648438,"2026-07-12T13:10:23.000Z",0,2,"440041740-2026-07-10T23:05:18.000000Z-1"
126.13463833333333,34.37522333333333,246.39999389648438,"2026-07-12T14:25:58.000Z",0,2,"440041740-2026-07-10T23:05:18.000000Z-1"
126.13464,34.375233333333334,246.39999389648438,"2026-07-12T15:40:03.000Z",0,2,"440041740-2026-07-10T23:05:18.000000Z-1"
126.13464,34.37526166666667,246.39999389648438,"2026-07-12T16:50:24.000Z",0,2,"440041740-2026-07-10T23:05:18.000000Z-1"
126.13333333333334,34.375,246,"2026-07-12T18:42:59.000Z",0,2,"440041740-2026-07-10T23:05:18.000000Z-1"
126.13333333333334,34.375,246,"2026-07-12T20:18:59.000Z",0,2,"440041740-2026-07-10T23:05:18.000000Z-1"
126.13333333333334,34.375,246,"2026-07-12T21:40:02.000Z",0,2,"440041740-2026-07-10T23:05:18.000000Z-1"
126.13333333333334,34.375,246,"2026-07-12T23:52:01.000Z",0,2,"440041740-2026-07-10T23:05:18.000000Z-1"
126.13333333333334,34.375,246,"2026-07-13T01:09:59.000Z",0,2,"440041740-2026-07-10T23:05:18.000000Z-1"
126.13333333333334,34.375,246,"2026-07-13T03:21:59.000Z",0,2,"440041740-2026-07-10T23:05:18.000000Z-1"
126.13333333333334,34.375,246,"2026-07-13T05:27:59.000Z",0,2,"440041740-2026-07-10T23:05:18.000000Z-1"
126.134635,34.375258333333335,246.3000030517578,"2026-07-13T07:22:57.000Z",0,2,"440041740-2026-07-10T23:05:18.000000Z-1"
126.13333333333334,34.375,246,"2026-07-13T09:30:58.000Z",0,2,"440041740-2026-07-10T23:05:18.000000Z-1"
126.13333333333334,34.375,246,"2026-07-13T10:49:01.000Z",0,2,"440041740-2026-07-10T23:05:18.000000Z-1"
126.13333333333334,34.375,246,"2026-07-13T12:16:05.000Z",0,2,"440041740-2026-07-10T23:05:18.000000Z-1"
126.13333333333334,34.375,246,"2026-07-13T14:27:58.000Z",0,2,"440041740-2026-07-10T23:05:18.000000Z-1"
126.13333333333334,34.375,246,"2026-07-13T15:55:02.000Z",0,2,"440041740-2026-07-10T23:05:18.000000Z-1"
126.13333333333334,34.375,246,"2026-07-13T17:16:01.000Z",0,2,"440041740-2026-07-10T23:05:18.000000Z-1"
126.13463666666667,34.37524333333333,246.39999389648438,"2026-07-13T19:38:25.000Z",0,2,"440041740-2026-07-10T23:05:18.000000Z-1"
126.13333333333334,34.375,246,"2026-07-13T21:57:59.000Z",0,2,"440041740-2026-07-10T23:05:18.000000Z-1"
126.13464833333333,34.375258333333335,246.39999389648438,"2026-07-14T00:34:24.000Z",0,2,"440041740-2026-07-10T23:05:18.000000Z-1"
126.13333333333334,34.375,246,"2026-07-14T01:58:01.000Z",0,2,"440041740-2026-07-10T23:05:18.000000Z-1"
126.13333333333334,34.375,246,"2026-07-14T04:31:03.000Z",0,2,"440041740-2026-07-10T23:05:18.000000Z-1"
126.13333333333334,34.375,246,"2026-07-14T06:40:00.000Z",0,2,"440041740-2026-07-10T23:05:18.000000Z-1"
126.13333333333334,34.375,246,"2026-07-14T08:46:03.000Z",0,2,"440041740-2026-07-10T23:05:18.000000Z-1"
126.13333333333334,34.375,246,"2026-07-14T10:07:03.000Z",0,2,"440041740-2026-07-10T23:05:18.000000Z-1"
126.13333333333334,34.375,246,"2026-07-14T11:25:05.000Z",0,2,"440041740-2026-07-10T23:05:18.000000Z-1"
126.13333333333334,34.375,246,"2026-07-14T13:31:01.000Z",0,2,"440041740-2026-07-10T23:05:18.000000Z-1"
126.13333333333334,34.375,246,"2026-07-14T15:46:01.000Z",0,2,"440041740-2026-07-10T23:05:18.000000Z-1"
126.13333333333334,34.375,246,"2026-07-14T17:52:02.000Z",0,2,"440041740-2026-07-10T23:05:18.000000Z-1"
126.13333333333334,34.375,246,"2026-07-14T19:31:02.000Z",0,2,"440041740-2026-07-10T23:05:18.000000Z-1"
126.13464666666667,34.37525,246.39999389648438,"2026-07-14T20:54:45.000Z",0,2,"440041740-2026-07-10T23:05:18.000000Z-1"
126.134655,34.375258333333335,246.39999389648438,"2026-07-14T22:17:15.000Z",0,2,"440041740-2026-07-10T23:05:18.000000Z-1"
126.13465333333333,34.375263333333336,246.3000030517578,"2026-07-14T23:37:23.000Z",0,2,"440041740-2026-07-10T23:05:18.000000Z-1"
126.13464833333333,34.37525,246.3000030517578,"2026-07-15T00:47:29.000Z",0,2,"440041740-2026-07-10T23:05:18.000000Z-1"
126.13333333333334,34.375,246,"2026-07-15T02:34:01.000Z",0,2,"440041740-2026-07-10T23:05:18.000000Z-1"
126.13462833333334,34.375251666666664,246.39999389648438,"2026-07-15T03:44:17.000Z",0,2,"440041740-2026-07-10T23:05:18.000000Z-1"
126.134635,34.37526666666667,246.39999389648438,"2026-07-15T04:55:36.000Z",0,2,"440041740-2026-07-10T23:05:18.000000Z-1"
126.13464166666667,34.37524833333333,246.39999389648438,"2026-07-15T06:06:36.000Z",0,2,"440041740-2026-07-10T23:05:18.000000Z-1"
126.13465,34.37526,246.39999389648438,"2026-07-15T07:17:46.000Z",0,2,"440041740-2026-07-10T23:05:18.000000Z-1"
126.13463333333333,34.37526166666667,246.39999389648438,"2026-07-15T08:28:05.000Z",0,2,"440041740-2026-07-10T23:05:18.000000Z-1"
126.13463166666666,34.37524833333333,246.39999389648438,"2026-07-15T09:38:06.000Z",0,2,"440041740-2026-07-10T23:05:18.000000Z-1"
126.13462833333334,34.375263333333336,246.39999389648438,"2026-07-15T10:48:17.000Z",0,2,"440041740-2026-07-10T23:05:18.000000Z-1"
126.13463833333333,34.37527166666667,246.39999389648438,"2026-07-15T11:59:27.000Z",0,2,"440041740-2026-07-10T23:05:18.000000Z-1"
126.13464666666667,34.37524166666667,246.39999389648438,"2026-07-15T13:09:56.000Z",0,2,"440041740-2026-07-10T23:05:18.000000Z-1"
126.13465,34.375235,246.39999389648438,"2026-07-15T14:20:35.000Z",0,2,"440041740-2026-07-10T23:05:18.000000Z-1"
126.134625,34.37525,246.39999389648438,"2026-07-15T15:31:16.000Z",0,2,"440041740-2026-07-10T23:05:18.000000Z-1"
126.13464,34.37524666666667,246.39999389648438,"2026-07-15T16:42:34.000Z",0,2,"440041740-2026-07-10T23:05:18.000000Z-1"
126.13461833333334,34.37524833333333,246.39999389648438,"2026-07-15T17:53:26.000Z",0,2,"440041740-2026-07-10T23:05:18.000000Z-1"
126.13465166666667,34.37524166666667,246.39999389648438,"2026-07-15T19:03:34.000Z",0,2,"440041740-2026-07-10T23:05:18.000000Z-1"
126.13464166666667,34.37524333333333,246.39999389648438,"2026-07-15T20:14:05.000Z",0,2,"440041740-2026-07-10T23:05:18.000000Z-1"
126.134645,34.37524166666667,246.39999389648438,"2026-07-15T21:24:06.000Z",0,2,"440041740-2026-07-10T23:05:18.000000Z-1"
126.13464333333333,34.375251666666664,246.39999389648438,"2026-07-15T22:34:46.000Z",0,2,"440041740-2026-07-10T23:05:18.000000Z-1"
126.13466,34.375263333333336,246.39999389648438,"2026-07-15T23:05:29.000Z",0.10000000149011612,2,"440041740-2026-07-10T23:05:18.000000Z-1"
126.13467,34.375325,5,"2026-07-15T23:06:00.000Z",0.5,2,"440041740-2026-07-10T23:05:18.000000Z-1"
126.13497166666667,34.37627,15.100000381469727,"2026-07-15T23:08:31.000Z",3.799999952316284,2,"440041740-2026-07-10T23:05:18.000000Z-1"
126.133505,34.376531666666665,254.89999389648438,"2026-07-15T23:09:37.000Z",9.899999618530273,2,"440041740-2026-07-10T23:05:18.000000Z-1"
126.12192,34.36973833333333,232.89999389648438,"2026-07-15T23:12:39.000Z",21.200000762939453,-15,"440041740-2026-07-10T23:05:18.000000Z-1"
126.118225,34.35702833333333,174.3000030517578,"2026-07-15T23:14:24.000Z",37,-16,"440041740-2026-07-10T23:05:18.000000Z-1"
126.125065,34.342173333333335,148.60000610351562,"2026-07-15T23:15:52.000Z",42.400001525878906,-31,"440041740-2026-07-10T23:05:18.000000Z-1"
126.19004166666667,34.27157166666667,148.39999389648438,"2026-07-15T23:23:18.000Z",41.70000076293945,-35,"440041740-2026-07-10T23:05:18.000000Z-1"
126.20516666666667,34.25138,150,"2026-07-15T23:25:25.000Z",39.29999923706055,-37,"440041740-2026-07-10T23:05:18.000000Z-1"
126.230155,34.20532333333333,156.8000030517578,"2026-07-15T23:30:04.000Z",36.79999923706055,-29,"440041740-2026-07-10T23:05:18.000000Z-1"
126.241375,34.18116,165.3000030517578,"2026-07-15T23:32:41.000Z",35.70000076293945,-27,"440041740-2026-07-10T23:05:18.000000Z-1"
126.25980166666666,34.13186833333334,157.10000610351562,"2026-07-15T23:37:53.000Z",35.099998474121094,-49,"440041740-2026-07-10T23:05:18.000000Z-1"
126.27208666666667,34.10351166666667,161.3000030517578,"2026-07-15T23:41:07.000Z",35.70000076293945,-45,"440041740-2026-07-10T23:05:18.000000Z-1"
126.28414333333333,34.084285,157.1999969482422,"2026-07-15T23:43:12.000Z",34.79999923706055,-45,"440041740-2026-07-10T23:05:18.000000Z-1"
126.326805,34.001485,160.89999389648438,"2026-07-15T23:52:24.000Z",36.099998474121094,-32,"440041740-2026-07-10T23:05:18.000000Z-1"
126.32985666666667,33.983485,190.39999389648438,"2026-07-15T23:54:15.000Z",35.400001525878906,-24,"440041740-2026-07-10T23:05:18.000000Z-1"
126.32536666666667,33.96910833333333,212.5,"2026-07-15T23:56:29.000Z",16.899999618530273,-27,"440041740-2026-07-10T23:05:18.000000Z-1"
126.30114333333333,33.960593333333335,279.3999938964844,"2026-07-16T00:05:22.000Z",9.199999809265137,8,"440041740-2026-07-10T23:05:18.000000Z-1"
126.32185166666666,33.96384833333333,65.4000015258789,"2026-07-16T00:30:44.000Z",32.20000076293945,-5,"440041740-2026-07-10T23:05:18.000000Z-1"
126.327265,33.96523333333333,76.9000015258789,"2026-07-16T00:31:12.000Z",37.79999923706055,-27,"440041740-2026-07-10T23:05:18.000000Z-1"
126.339,33.96458666666667,106.0999984741211,"2026-07-16T00:32:06.000Z",39.29999923706055,-12,"440041740-2026-07-10T23:05:18.000000Z-1"
126.34979166666666,33.96060333333333,114.80000305175781,"2026-07-16T00:33:00.000Z",39.29999923706055,-26,"440041740-2026-07-10T23:05:18.000000Z-1"
126.37300833333333,33.930425,156.3000030517578,"2026-07-16T00:36:42.000Z",40.5,-32,"440041740-2026-07-10T23:05:18.000000Z-1"
126.382635,33.912488333333336,162.8000030517578,"2026-07-16T00:38:00.000Z",39.5,-43,"440041740-2026-07-10T23:05:18.000000Z-1"
126.39050833333333,33.89227,163.39999389648438,"2026-07-16T00:40:00.000Z",36,-56,"440041740-2026-07-10T23:05:18.000000Z-1"
126.39623333333333,33.883855,153.8000030517578,"2026-07-16T00:41:00.000Z",35.20000076293945,-66,"440041740-2026-07-10T23:05:18.000000Z-1"
126.40093833333333,33.874585,153.10000610351562,"2026-07-16T00:42:00.000Z",35.29999923706055,-71,"440041740-2026-07-10T23:05:18.000000Z-1"
126.40642333333334,33.86578333333333,147.3000030517578,"2026-07-16T00:43:00.000Z",35.70000076293945,-70,"440041740-2026-07-10T23:05:18.000000Z-1"
126.42398666666666,33.84023666666667,160.1999969482422,"2026-07-16T00:46:00.000Z",35.29999923706055,-75,"440041740-2026-07-10T23:05:18.000000Z-1"
126.429035,33.831268333333334,152.6999969482422,"2026-07-16T00:47:00.000Z",35.79999923706055,-76,"440041740-2026-07-10T23:05:18.000000Z-1"
126.465935,33.748745,156,"2026-07-16T00:56:00.000Z",35.599998474121094,-112,"440041740-2026-07-10T23:05:18.000000Z-1"
126.472095,33.73985666666667,147.6999969482422,"2026-07-16T00:57:02.000Z",36.79999923706055,-114,"440041740-2026-07-10T23:05:18.000000Z-1"
126.47769,33.730021666666666,159.10000610351562,"2026-07-16T00:58:00.000Z",41.099998474121094,-113,"440041740-2026-07-10T23:05:18.000000Z-1"
126.48862666666666,33.707195,158.8000030517578,"2026-07-16T01:00:10.000Z",41,-109,"440041740-2026-07-10T23:05:18.000000Z-1"
126.499385,33.67416333333333,162.89999389648438,"2026-07-16T01:03:14.000Z",40,-113,"440041740-2026-07-10T23:05:18.000000Z-1"
126.51202666666667,33.64474,162.6999969482422,"2026-07-16T01:06:00.000Z",40.20000076293945,-120,"440041740-2026-07-10T23:05:18.000000Z-1"
126.51519166666667,33.632875,170.3000030517578,"2026-07-16T01:07:06.000Z",40.400001525878906,-122,"440041740-2026-07-10T23:05:18.000000Z-1"
126.52404833333334,33.586615,172.39999389648438,"2026-07-16T01:11:14.000Z",41.099998474121094,-111,"440041740-2026-07-10T23:05:18.000000Z-1"
126.54274166666667,33.540425,165.5,"2026-07-16T01:16:10.000Z",13.800000190734863,-42,"440041740-2026-07-10T23:05:18.000000Z-1"
126.54067333333333,33.52997166666667,212.10000610351562,"2026-07-16T01:20:02.000Z",10.100000381469727,-12,"440041740-2026-07-10T23:05:18.000000Z-1"
126.53484666666667,33.52198,220.1999969482422,"2026-07-16T01:23:21.000Z",7.400000095367432,2,"440041740-2026-07-10T23:05:18.000000Z-1"
126.533465,33.52001666666666,194.8000030517578,"2026-07-16T03:23:33.000Z",0,2,"440041740-2026-07-10T23:05:18.000000Z-1"
126.53333333333333,33.52,194,"2026-07-16T05:28:01.000Z",0,2,"440041740-2026-07-10T23:05:18.000000Z-1"
126.53333333333333,33.52,194,"2026-07-16T07:10:04.000Z",0,2,"440041740-2026-07-10T23:05:18.000000Z-1"
126.53896333333333,33.527143333333335,23.700000762939453,"2026-07-16T07:20:01.000Z",10.100000381469727,-12,"440041740-2026-07-10T23:05:18.000000Z-1"
126.542455,33.53525166666667,334.29998779296875,"2026-07-16T07:22:54.000Z",18,-42,"440041740-2026-07-10T23:05:18.000000Z-1"
126.527865,33.55008,324.29998779296875,"2026-07-16T07:30:22.000Z",26.399999618530273,-74,"440041740-2026-07-10T23:05:18.000000Z-1"
126.447645,33.754765,337.1000061035156,"2026-07-16T07:49:08.000Z",42.29999923706055,-104,"440041740-2026-07-10T23:05:18.000000Z-1"
126.35469666666667,33.944048333333335,347.79998779296875,"2026-07-16T08:06:33.000Z",43,-21,"440041740-2026-07-10T23:05:18.000000Z-1"
126.349465,33.95832166666667,340.79998779296875,"2026-07-16T08:08:00.000Z",40.20000076293945,-26,"440041740-2026-07-10T23:05:18.000000Z-1"
126.310145,33.95836833333333,276.6000061035156,"2026-07-16T08:11:37.000Z",15.199999809265137,1,"440041740-2026-07-10T23:05:18.000000Z-1"
126.29771833333334,33.96178166666667,349.5,"2026-07-16T08:18:05.000Z",0.6000000238418579,8,"440041740-2026-07-10T23:05:18.000000Z-1"
126.30123333333333,33.960573333333336,97.80000305175781,"2026-07-16T08:31:49.000Z",13.199999809265137,8,"440041740-2026-07-10T23:05:18.000000Z-1"
126.30801333333334,33.95896333333334,103.5999984741211,"2026-07-16T08:33:10.000Z",19.100000381469727,1,"440041740-2026-07-10T23:05:18.000000Z-1"
126.33317333333333,33.980448333333335,346.1000061035156,"2026-07-16T08:36:52.000Z",40.400001525878906,-24,"440041740-2026-07-10T23:05:18.000000Z-1"
126.23645333333333,34.058595,329.3999938964844,"2026-07-16T08:46:58.000Z",40,-40,"440041740-2026-07-10T23:05:18.000000Z-1"
126.22838166666666,34.068113333333336,323.70001220703125,"2026-07-16T08:48:10.000Z",40.5,-40,"440041740-2026-07-10T23:05:18.000000Z-1"
126.20324666666667,34.10926,327.20001220703125,"2026-07-16T08:52:01.000Z",41.29999923706055,-40,"440041740-2026-07-10T23:05:18.000000Z-1"
126.19869333333334,34.12166666666667,349.29998779296875,"2026-07-16T08:53:15.000Z",40.900001525878906,-40,"440041740-2026-07-10T23:05:18.000000Z-1"
126.21990333333333,34.21841,342.1000061035156,"2026-07-16T09:02:07.000Z",41.5,-32,"440041740-2026-07-10T23:05:18.000000Z-1"
126.19338833333333,34.27130666666667,318.5,"2026-07-16T09:07:10.000Z",38.5,-35,"440041740-2026-07-10T23:05:18.000000Z-1"
126.18458,34.28030166666667,324.29998779296875,"2026-07-16T09:08:16.000Z",39,-48,"440041740-2026-07-10T23:05:18.000000Z-1"
126.14810666666666,34.311785,324.8999938964844,"2026-07-16T09:12:13.000Z",40,-34,"440041740-2026-07-10T23:05:18.000000Z-1"
126.118645,34.358313333333335,349.29998779296875,"2026-07-16T09:17:11.000Z",38.29999923706055,-16,"440041740-2026-07-10T23:05:18.000000Z-1"
126.12095833333333,34.36725,32.599998474121094,"2026-07-16T09:18:24.000Z",18.5,-15,"440041740-2026-07-10T23:05:18.000000Z-1"
126.13017833333333,34.37492,50.29999923706055,"2026-07-16T09:21:19.000Z",9.600000381469727,0,"440041740-2026-07-10T23:05:18.000000Z-1"
126.13463666666667,34.37525,234.60000610351562,"2026-07-16T10:33:56.000Z",0,2,"440041740-2026-07-10T23:05:18.000000Z-1"
126.13462666666666,34.375231666666664,234.60000610351562,"2026-07-16T11:44:21.000Z",0,2,"440041740-2026-07-10T23:05:18.000000Z-1"
126.13465333333333,34.37524333333333,234.60000610351562,"2026-07-16T13:10:00.000Z",0,2,"440041740-2026-07-10T23:05:18.000000Z-1"
126.13465833333333,34.37524666666667,234.60000610351562,"2026-07-16T14:25:12.000Z",0,2,"440041740-2026-07-10T23:05:18.000000Z-1"
126.13462833333334,34.37524666666667,234.60000610351562,"2026-07-16T15:35:23.000Z",0,2,"440041740-2026-07-10T23:05:18.000000Z-1"
126.13464,34.375256666666665,234.60000610351562,"2026-07-16T16:45:35.000Z",0,2,"440041740-2026-07-10T23:05:18.000000Z-1"
126.13333333333334,34.375,234,"2026-07-16T18:01:03.000Z",0,2,"440041740-2026-07-10T23:05:18.000000Z-1"
126.13333333333334,34.375,234,"2026-07-16T19:55:01.000Z",0,2,"440041740-2026-07-10T23:05:18.000000Z-1"
126.13333333333334,34.375,234,"2026-07-16T21:16:07.000Z",0,2,"440041740-2026-07-10T23:05:18.000000Z-1"
126.13333333333334,34.375,234,"2026-07-16T22:31:00.000Z",0,2,"440041740-2026-07-10T23:05:18.000000Z-1"
126.26,34.13166666666667,160,"2026-07-16T23:31:03.000Z",35,-49,"440041740-2026-07-10T23:05:18.000000Z-1"
126.29666666666667,33.961666666666666,346,"2026-07-17T00:01:01.000Z",0,8,"440041740-2026-07-10T23:05:18.000000Z-1"
126.375,33.925,139,"2026-07-17T02:19:05.000Z",39,-41,"440041740-2026-07-10T23:05:18.000000Z-1"
126.520755,33.67782,169.6999969482422,"2026-07-17T02:43:46.000Z",40.400001525878906,-110,"440041740-2026-07-10T23:05:18.000000Z-1"
126.52321,33.66677833333333,169,"2026-07-17T02:44:46.000Z",40.400001525878906,-116,"440041740-2026-07-10T23:05:18.000000Z-1"
126.53089833333334,33.628211666666665,164.8000030517578,"2026-07-17T02:48:14.000Z",40.20000076293945,-124,"440041740-2026-07-10T23:05:18.000000Z-1"
126.53427833333333,33.617113333333336,164.1999969482422,"2026-07-17T02:49:14.000Z",40.5,-123,"440041740-2026-07-10T23:05:18.000000Z-1"
126.54071,33.588966666666664,173.10000610351562,"2026-07-17T02:51:46.000Z",40.900001525878906,-111,"440041740-2026-07-10T23:05:18.000000Z-1"
126.54412,33.56044333333333,178.60000610351562,"2026-07-17T02:54:18.000Z",41.29999923706055,-94,"440041740-2026-07-10T23:05:18.000000Z-1"
126.54435166666667,33.540455,181.5,"2026-07-17T02:56:30.000Z",16.899999618530273,-42,"440041740-2026-07-10T23:05:18.000000Z-1"
126.53344833333334,33.520021666666665,166.60000610351562,"2026-07-17T03:20:22.000Z",0,2,"440041740-2026-07-10T23:05:18.000000Z-1"
126.54032333333333,33.529665,32.5,"2026-07-17T03:45:35.000Z",11.600000381469727,-12,"440041740-2026-07-10T23:05:18.000000Z-1"
126.54162666666667,33.531525,28.5,"2026-07-17T03:46:14.000Z",12.100000381469727,-12,"440041740-2026-07-10T23:05:18.000000Z-1"
126.53777166666667,33.54013666666667,338.20001220703125,"2026-07-17T03:48:02.000Z",28.299999237060547,-42,"440041740-2026-07-10T23:05:18.000000Z-1"
126.50595,33.590718333333335,333.5,"2026-07-17T03:52:54.000Z",43.900001525878906,-113,"440041740-2026-07-10T23:05:18.000000Z-1"
126.11725333333334,34.36888833333333,75.9000015258789,"2026-07-17T05:06:40.000Z",17,-15,"440041740-2026-07-10T23:05:18.000000Z-1"
126.13404333333334,34.375888333333336,115.5999984741211,"2026-07-17T05:12:09.000Z",3.799999952316284,2,"440041740-2026-07-10T23:05:18.000000Z-1"
126.119185,34.37043166666667,229.3000030517578,"2026-07-17T06:03:34.000Z",21.600000381469727,-15,"440041740-2026-07-10T23:05:18.000000Z-1"
126.11493,34.36685333333333,224.60000610351562,"2026-07-17T06:04:17.000Z",26.600000381469727,-18,"440041740-2026-07-10T23:05:18.000000Z-1"
126.106765,34.35965,227.89999389648438,"2026-07-17T06:05:21.000Z",39.400001525878906,-31,"440041740-2026-07-10T23:05:18.000000Z-1"
126.10159166666666,34.314888333333336,149.39999389648438,"2026-07-17T06:09:33.000Z",39.5,-32,"440041740-2026-07-10T23:05:18.000000Z-1"
126.19721333333334,34.23139333333334,171.1999969482422,"2026-07-17T06:20:41.000Z",38.599998474121094,-37,"440041740-2026-07-10T23:05:18.000000Z-1"
126.20446166666666,34.214335,163.6999969482422,"2026-07-17T06:22:30.000Z",35.099998474121094,-34,"440041740-2026-07-10T23:05:18.000000Z-1"
126.20917333333334,34.19947666666667,167.10000610351562,"2026-07-17T06:24:02.000Z",36.599998474121094,-28,"440041740-2026-07-10T23:05:18.000000Z-1"
126.25858,34.099136666666666,152.89999389648438,"2026-07-17T06:34:58.000Z",36.20000076293945,-44,"440041740-2026-07-10T23:05:18.000000Z-1"
126.367535,33.92272,156.8000030517578,"2026-07-17T06:53:07.000Z",41.900001525878906,-40,"440041740-2026-07-10T23:05:18.000000Z-1"
126.439075,33.75942833333333,161.39999389648438,"2026-07-17T07:08:14.000Z",41.5,-105,"440041740-2026-07-10T23:05:18.000000Z-1"
126.52504833333333,33.63248,152,"2026-07-17T07:21:02.000Z",41.20000076293945,-124,"440041740-2026-07-10T23:05:18.000000Z-1"
126.53775833333333,33.552233333333334,160.10000610351562,"2026-07-17T07:28:42.000Z",15.399999618530273,-77,"440041740-2026-07-10T23:05:18.000000Z-1"
126.54205833333333,33.54047833333333,172,"2026-07-17T07:35:26.000Z",8.899999618530273,-42,"440041740-2026-07-10T23:05:18.000000Z-1"
126.541375,33.53112333333333,206.10000610351562,"2026-07-17T07:38:37.000Z",11.399999618530273,-12,"440041740-2026-07-10T23:05:18.000000Z-1"
126.53465,33.52174333333333,223.10000610351562,"2026-07-17T07:42:18.000Z",6.400000095367432,2,"440041740-2026-07-10T23:05:18.000000Z-1"
126.54300833333333,33.53379666666667,355.70001220703125,"2026-07-17T08:26:38.000Z",16.399999618530273,-12,"440041740-2026-07-10T23:05:18.000000Z-1"
126.532255,33.542,295.8999938964844,"2026-07-17T08:32:02.000Z",20.5,-35,"440041740-2026-07-10T23:05:18.000000Z-1"
126.51841333333333,33.55527,357.1000061035156,"2026-07-17T08:34:10.000Z",42.29999923706055,-89,"440041740-2026-07-10T23:05:18.000000Z-1"
126.51641666666667,33.56707166666666,348.6000061035156,"2026-07-17T08:35:10.000Z",43.79999923706055,-96,"440041740-2026-07-10T23:05:18.000000Z-1"
126.50311333333333,33.59858166666667,338.70001220703125,"2026-07-17T08:37:54.000Z",43.900001525878906,-118,"440041740-2026-07-10T23:05:18.000000Z-1"
126.41285333333333,33.76132,336.1000061035156,"2026-07-17T08:52:43.000Z",43.5,-116,"440041740-2026-07-10T23:05:18.000000Z-1"
126.39320333333333,33.815358333333336,351.5,"2026-07-17T08:57:43.000Z",43.20000076293945,-84,"440041740-2026-07-10T23:05:18.000000Z-1"
126.377425,33.876596666666664,347.3999938964844,"2026-07-17T09:02:44.000Z",41.900001525878906,-67,"440041740-2026-07-10T23:05:18.000000Z-1"
126.37175666666667,33.891965,344.29998779296875,"2026-07-17T09:04:07.000Z",42.099998474121094,-57,"440041740-2026-07-10T23:05:18.000000Z-1"
126.314415,33.958511666666666,252.1999969482422,"2026-07-17T09:12:46.000Z",29.700000762939453,1,"440041740-2026-07-10T23:05:18.000000Z-1"
126.29787833333333,33.961285,276.1000061035156,"2026-07-17T09:17:46.000Z",1.100000023841858,8,"440041740-2026-07-10T23:05:18.000000Z-1"
126.31442,33.95902,76.5999984741211,"2026-07-17T09:34:39.000Z",21.200000762939453,1,"440041740-2026-07-10T23:05:18.000000Z-1"
126.32015333333334,33.962626666666665,50,"2026-07-17T09:35:24.000Z",33.20000076293945,-5,"440041740-2026-07-10T23:05:18.000000Z-1"
126.27595,34.01392833333333,287.1000061035156,"2026-07-17T09:42:51.000Z",41.70000076293945,-44,"440041740-2026-07-10T23:05:18.000000Z-1"
126.25297166666667,34.022661666666664,298.70001220703125,"2026-07-17T09:44:24.000Z",42.099998474121094,-52,"440041740-2026-07-10T23:05:18.000000Z-1"
126.18450333333334,34.12815,355.29998779296875,"2026-07-17T09:55:30.000Z",42.900001525878906,-37,"440041740-2026-07-10T23:05:18.000000Z-1"
126.18338833333334,34.15737,3.700000047683716,"2026-07-17T09:57:53.000Z",43.70000076293945,-37,"440041740-2026-07-10T23:05:18.000000Z-1"
126.12047666666666,34.36732833333333,46,"2026-07-17T10:18:09.000Z",17,-15,"440041740-2026-07-10T23:05:18.000000Z-1"
126.12958,34.37450833333333,48.599998474121094,"2026-07-17T10:21:23.000Z",9.600000381469727,0,"440041740-2026-07-10T23:05:18.000000Z-1"
126.13467666666666,34.375245,225.60000610351562,"2026-07-17T11:32:35.000Z",0,2,"440041740-2026-07-10T23:05:18.000000Z-1"
126.13465,34.37525,225.60000610351562,"2026-07-17T12:43:35.000Z",0,2,"440041740-2026-07-10T23:05:18.000000Z-1"
126.13465,34.37524166666667,225.60000610351562,"2026-07-17T13:55:07.000Z",0,2,"440041740-2026-07-10T23:05:18.000000Z-1"
126.13464166666667,34.37522666666667,225.60000610351562,"2026-07-17T15:05:16.000Z",0,2,"440041740-2026-07-10T23:05:18.000000Z-1"
126.13464833333333,34.37524166666667,225.60000610351562,"2026-07-17T16:15:37.000Z",0,2,"440041740-2026-07-10T23:05:18.000000Z-1"
126.13464,34.37524666666667,225.60000610351562,"2026-07-17T17:26:05.000Z",0,2,"440041740-2026-07-10T23:05:18.000000Z-1"
126.13463166666666,34.375235,225.60000610351562,"2026-07-17T18:48:26.000Z",0,2,"440041740-2026-07-10T23:05:18.000000Z-1"
126.13463833333333,34.37525,225.60000610351562,"2026-07-17T19:58:34.000Z",0,2,"440041740-2026-07-10T23:05:18.000000Z-1"
126.134655,34.37525,225.60000610351562,"2026-07-17T21:26:24.000Z",0,2,"440041740-2026-07-10T23:05:18.000000Z-1"
126.13464,34.37525,225.60000610351562,"2026-07-17T22:36:46.000Z",0,2,"440041740-2026-07-10T23:05:18.000000Z-1"
126.13455833333333,34.37545166666666,321,"2026-07-17T22:52:44.000Z",0.6000000238418579,2,"440041740-2026-07-10T23:05:18.000000Z-1"
126.128975,34.374015,238.8000030517578,"2026-07-17T22:56:07.000Z",12.100000381469727,0,"440041740-2026-07-10T23:05:18.000000Z-1"
126.11987,34.36819833333333,212.39999389648438,"2026-07-17T22:58:08.000Z",24.700000762939453,-15,"440041740-2026-07-10T23:05:18.000000Z-1"
126.13285666666667,34.333151666666666,143.89999389648438,"2026-07-17T23:01:28.000Z",46.70000076293945,-22,"440041740-2026-07-10T23:05:18.000000Z-1"
126.14688333333334,34.31493666666667,148.10000610351562,"2026-07-17T23:03:10.000Z",46.20000076293945,-34,"440041740-2026-07-10T23:05:18.000000Z-1"
126.19881333333333,34.283031666666666,139.1999969482422,"2026-07-17T23:07:30.000Z",44.70000076293945,-38,"440041740-2026-07-10T23:05:18.000000Z-1"
126.26638666666666,34.123075,156.5,"2026-07-17T23:22:44.000Z",37.599998474121094,-49,"440041740-2026-07-10T23:05:18.000000Z-1"
126.31804833333334,34.02401,160.10000610351562,"2026-07-17T23:33:00.000Z",37.70000076293945,-38,"440041740-2026-07-10T23:05:18.000000Z-1"
126.332285,33.986286666666665,178,"2026-07-17T23:36:46.000Z",37.20000076293945,-22,"440041740-2026-07-10T23:05:18.000000Z-1"
126.31538666666667,33.95890333333333,249.60000610351562,"2026-07-17T23:40:44.000Z",20,-5,"440041740-2026-07-10T23:05:18.000000Z-1"
126.29666666666667,33.961666666666666,171,"2026-07-18T00:04:02.000Z",0,8,"440041740-2026-07-10T23:05:18.000000Z-1"
126.31129833333334,33.959005,92.5999984741211,"2026-07-18T00:07:51.000Z",18.5,1,"440041740-2026-07-10T23:05:18.000000Z-1"
126.31331666666667,33.95921666666667,81.19999694824219,"2026-07-18T00:08:09.000Z",21,1,"440041740-2026-07-10T23:05:18.000000Z-1"
126.36400666666667,33.94313,146.89999389648438,"2026-07-18T00:12:54.000Z",42.29999923706055,-28,"440041740-2026-07-10T23:05:18.000000Z-1"
126.41708833333334,33.85257333333333,154.39999389648438,"2026-07-18T00:21:26.000Z",43.20000076293945,-76,"440041740-2026-07-10T23:05:18.000000Z-1"
126.491045,33.666325,164.1999969482422,"2026-07-18T00:37:46.000Z",43.5,-114,"440041740-2026-07-10T23:05:18.000000Z-1"
126.520315,33.60748666666667,155.39999389648438,"2026-07-18T00:43:02.000Z",43.099998474121094,-117,"440041740-2026-07-10T23:05:18.000000Z-1"
126.52824,33.593745,160.6999969482422,"2026-07-18T00:44:18.000Z",43.5,-110,"440041740-2026-07-10T23:05:18.000000Z-1"
126.53927666666667,33.560285,165.89999389648438,"2026-07-18T00:47:10.000Z",43.70000076293945,-94,"440041740-2026-07-10T23:05:18.000000Z-1"
126.542535,33.54662833333333,171.39999389648438,"2026-07-18T00:48:22.000Z",36.29999923706055,-77,"440041740-2026-07-10T23:05:18.000000Z-1"
126.54360333333334,33.53729333333333,173.3000030517578,"2026-07-18T00:50:10.000Z",11.899999618530273,-42,"440041740-2026-07-10T23:05:18.000000Z-1"
126.53345,33.52001333333333,207,"2026-07-18T01:34:29.000Z",0,2,"440041740-2026-07-10T23:05:18.000000Z-1"
126.53344166666666,33.52001666666666,207,"2026-07-18T02:54:37.000Z",0,2,"440041740-2026-07-10T23:05:18.000000Z-1"
126.533445,33.52001666666666,207,"2026-07-18T04:35:28.000Z",0,2,"440041740-2026-07-10T23:05:18.000000Z-1"
126.53344,33.52001,207,"2026-07-18T05:50:35.000Z",0,2,"440041740-2026-07-10T23:05:18.000000Z-1"
126.53344166666666,33.520026666666666,207,"2026-07-18T07:05:42.000Z",0,2,"440041740-2026-07-10T23:05:18.000000Z-1"
126.54257333333334,33.53176833333333,35,"2026-07-18T07:21:32.000Z",11.899999618530273,-12,"440041740-2026-07-10T23:05:18.000000Z-1"
126.53779333333334,33.53896666666667,318,"2026-07-18T07:23:10.000Z",28,-42,"440041740-2026-07-10T23:05:18.000000Z-1"
126.53299333333334,33.547138333333336,338.70001220703125,"2026-07-18T07:24:06.000Z",39.20000076293945,-74,"440041740-2026-07-10T23:05:18.000000Z-1"
126.52781333333333,33.56505666666666,355,"2026-07-18T07:25:42.000Z",42.29999923706055,-101,"440041740-2026-07-10T23:05:18.000000Z-1"
126.52605666666666,33.58763833333333,355.1000061035156,"2026-07-18T07:27:38.000Z",42.400001525878906,-110,"440041740-2026-07-10T23:05:18.000000Z-1"
126.51951,33.6075,336.1000061035156,"2026-07-18T07:29:22.000Z",42.5,-117,"440041740-2026-07-10T23:05:18.000000Z-1"
126.4974,33.64543333333334,339.70001220703125,"2026-07-18T07:32:58.000Z",42.29999923706055,-116,"440041740-2026-07-10T23:05:18.000000Z-1"
126.48806166666667,33.664253333333335,340.70001220703125,"2026-07-18T07:34:42.000Z",42.29999923706055,-115,"440041740-2026-07-10T23:05:18.000000Z-1"
126.38640166666667,33.89429333333333,345.5,"2026-07-18T07:55:47.000Z",42.20000076293945,-56,"440041740-2026-07-10T23:05:18.000000Z-1"
126.36019333333333,33.94386,329.20001220703125,"2026-07-18T08:00:47.000Z",42,-28,"440041740-2026-07-10T23:05:18.000000Z-1"
126.32302833333334,33.96178333333334,242.6999969482422,"2026-07-18T08:04:20.000Z",33.900001525878906,-5,"440041740-2026-07-10T23:05:18.000000Z-1"
126.297765,33.96175,340.29998779296875,"2026-07-18T08:15:49.000Z",1,8,"440041740-2026-07-10T23:05:18.000000Z-1"
126.31311333333333,33.95863,81.80000305175781,"2026-07-18T08:30:50.000Z",21.200000762939453,1,"440041740-2026-07-10T23:05:18.000000Z-1"
126.228225,34.07978,346.20001220703125,"2026-07-18T08:45:52.000Z",41.900001525878906,-40,"440041740-2026-07-10T23:05:18.000000Z-1"
126.20228833333333,34.23125833333334,357.70001220703125,"2026-07-18T09:00:53.000Z",41.70000076293945,-37,"440041740-2026-07-10T23:05:18.000000Z-1"
126.16393333333333,34.29179166666667,308.20001220703125,"2026-07-18T09:05:53.000Z",40.5,-47,"440041740-2026-07-10T23:05:18.000000Z-1"
126.10705333333334,34.322595,314.70001220703125,"2026-07-18T09:10:54.000Z",38.20000076293945,-36,"440041740-2026-07-10T23:05:18.000000Z-1"
126.10795333333333,34.36411,49.400001525878906,"2026-07-18T09:15:58.000Z",41.599998474121094,-31,"440041740-2026-07-10T23:05:18.000000Z-1"
126.13464166666667,34.37525,194.8000030517578,"2026-07-18T09:40:57.000Z",0,2,"440041740-2026-07-10T23:05:18.000000Z-1"
126.13462833333334,34.375258333333335,194.8000030517578,"2026-07-18T10:56:04.000Z",0,2,"440041740-2026-07-10T23:05:18.000000Z-1"
126.134635,34.37524666666667,194.8000030517578,"2026-07-18T12:48:13.000Z",0,2,"440041740-2026-07-10T23:05:18.000000Z-1"
126.13464,34.375236666666666,194.89999389648438,"2026-07-18T14:01:17.000Z",0,2,"440041740-2026-07-10T23:05:18.000000Z-1"
126.13465166666667,34.37524,194.89999389648438,"2026-07-18T15:12:28.000Z",0,2,"440041740-2026-07-10T23:05:18.000000Z-1"
126.13333333333334,34.375,194,"2026-07-18T16:46:03.000Z",0,2,"440041740-2026-07-10T23:05:18.000000Z-1"
126.13333333333334,34.375,194,"2026-07-18T18:19:01.000Z",0,2,"440041740-2026-07-10T23:05:18.000000Z-1"
126.13333333333334,34.375,194,"2026-07-18T20:34:04.000Z",0,2,"440041740-2026-07-10T23:05:18.000000Z-1"
126.13333333333334,34.375,194,"2026-07-18T22:28:01.000Z",0,2,"440041740-2026-07-10T23:05:18.000000Z-1"
126.13333333333334,34.375,194,"2026-07-19T00:04:09.000Z",0,2,"440041740-2026-07-10T23:05:18.000000Z-1"
126.12031,34.367918333333336,215.8000030517578,"2026-07-19T00:26:27.000Z",24.5,-15,"440041740-2026-07-10T23:05:18.000000Z-1"
126.32166666666667,33.961666666666666,62,"2026-07-19T01:10:04.000Z",2,-5,"440041740-2026-07-19T01:10:04.000000Z-1"
126.45666666666666,33.78666666666667,144,"2026-07-20T00:28:09.000Z",35,-93,"440041740-2026-07-19T01:10:04.000000Z-1"
126.53002166666667,33.668841666666665,166.89999389648438,"2026-07-20T00:41:34.000Z",34.79999923706055,-121,"440041740-2026-07-19T01:10:04.000000Z-1"
126.53342333333333,33.65482,167.10000610351562,"2026-07-20T00:43:02.000Z",35.20000076293945,-124,"440041740-2026-07-19T01:10:04.000000Z-1"
126.54268333333333,33.625635,167.60000610351562,"2026-07-20T00:46:06.000Z",35.099998474121094,-128,"440041740-2026-07-19T01:10:04.000000Z-1"
126.54667166666667,33.60458666666667,172.10000610351562,"2026-07-20T00:48:18.000Z",34.900001525878906,-119,"440041740-2026-07-19T01:10:04.000000Z-1"
126.55079666666667,33.58758,170.3000030517578,"2026-07-20T00:50:06.000Z",34.70000076293945,-114,"440041740-2026-07-19T01:10:04.000000Z-1"
126.55054166666666,33.565778333333334,180.60000610351562,"2026-07-20T00:52:22.000Z",34.5,-100,"440041740-2026-07-19T01:10:04.000000Z-1"
126.54853666666666,33.55081333333333,187.60000610351562,"2026-07-20T00:53:58.000Z",32.20000076293945,-70,"440041740-2026-07-19T01:10:04.000000Z-1"
126.545995,33.539595,191.8000030517578,"2026-07-20T00:56:10.000Z",11.899999618530273,-42,"440041740-2026-07-19T01:10:04.000000Z-1"
126.539715,33.528285,209.8000030517578,"2026-07-20T01:00:29.000Z",10.899999618530273,-12,"440041740-2026-07-19T01:10:04.000000Z-1"
126.53333333333333,33.52,236,"2026-07-20T02:22:02.000Z",0,2,"440041740-2026-07-19T01:10:04.000000Z-1"
126.53333333333333,33.52,236,"2026-07-20T03:37:05.000Z",0,2,"440041740-2026-07-19T01:10:04.000000Z-1"
126.53344666666666,33.52002,236.10000610351562,"2026-07-20T04:53:56.000Z",0,2,"440041740-2026-07-19T01:10:04.000000Z-1"
126.53343333333333,33.52001833333333,236.10000610351562,"2026-07-20T06:09:50.000Z",0,2,"440041740-2026-07-19T01:10:04.000000Z-1"
126.54309333333333,33.532178333333334,28.200000762939453,"2026-07-20T07:23:41.000Z",11.800000190734863,-12,"440041740-2026-07-19T01:10:04.000000Z-1"
126.52638666666667,33.546978333333335,314.20001220703125,"2026-07-20T07:26:26.000Z",41.20000076293945,-74,"440041740-2026-07-19T01:10:04.000000Z-1"
126.50830333333333,33.568583333333336,321.20001220703125,"2026-07-20T07:28:42.000Z",41.599998474121094,-96,"440041740-2026-07-19T01:10:04.000000Z-1"
126.47123166666667,33.60967,321.29998779296875,"2026-07-20T07:33:06.000Z",41.900001525878906,-122,"440041740-2026-07-19T01:10:04.000000Z-1"
126.40225833333334,33.844645,337.1000061035156,"2026-07-20T07:56:40.000Z",36.5,-79,"440041740-2026-07-19T01:10:04.000000Z-1"
126.35795333333333,33.941626666666664,339.70001220703125,"2026-07-20T08:06:40.000Z",37.400001525878906,-28,"440041740-2026-07-19T01:10:04.000000Z-1"
126.29815,33.961283333333334,282.1000061035156,"2026-07-20T08:16:41.000Z",2.700000047683716,8,"440041740-2026-07-19T01:10:04.000000Z-1"
126.24473833333333,34.049308333333336,320.70001220703125,"2026-07-20T08:51:45.000Z",35.900001525878906,-40,"440041740-2026-07-19T01:10:04.000000Z-1"
126.263395,34.12842666666667,357.70001220703125,"2026-07-20T09:01:46.000Z",36.5,-49,"440041740-2026-07-19T01:10:04.000000Z-1"
126.23871833333334,34.18358166666667,333.20001220703125,"2026-07-20T09:06:46.000Z",36.70000076293945,-27,"440041740-2026-07-19T01:10:04.000000Z-1"
126.13333333333334,34.375,199,"2026-07-20T10:07:02.000Z",0,2,"440041740-2026-07-19T01:10:04.000000Z-1"
126.13462666666666,34.37526,199.8000030517578,"2026-07-20T11:18:35.000Z",0,2,"440041740-2026-07-19T01:10:04.000000Z-1"
126.13333333333334,34.375,199,"2026-07-20T13:10:04.000Z",0,2,"440041740-2026-07-19T01:10:04.000000Z-1"
126.13463833333333,34.37524166666667,199.89999389648438,"2026-07-20T14:22:25.000Z",0,2,"440041740-2026-07-19T01:10:04.000000Z-1"
126.13464166666667,34.37526,199.89999389648438,"2026-07-20T15:55:04.000Z",0,2,"440041740-2026-07-19T01:10:04.000000Z-1"
126.13462,34.375251666666664,199.89999389648438,"2026-07-20T17:46:23.000Z",0,2,"440041740-2026-07-19T01:10:04.000000Z-1"
126.13333333333334,34.375,199,"2026-07-20T19:55:03.000Z",0,2,"440041740-2026-07-19T01:10:04.000000Z-1"
126.13463166666666,34.37524333333333,199.89999389648438,"2026-07-20T21:11:15.000Z",0,2,"440041740-2026-07-19T01:10:04.000000Z-1"
126.13463166666666,34.37525,199.89999389648438,"2026-07-20T22:29:04.000Z",0,2,"440041740-2026-07-19T01:10:04.000000Z-1"
126.13464166666667,34.375263333333336,47.5,"2026-07-20T22:55:19.000Z",0.20000000298023224,2,"440041740-2026-07-19T01:10:04.000000Z-1"
126.12151,34.368505,219.3000030517578,"2026-07-20T23:01:36.000Z",22.700000762939453,-15,"440041740-2026-07-19T01:10:04.000000Z-1"
126.20370333333334,34.20984166666667,156.5,"2026-07-20T23:19:34.000Z",21.100000381469727,-34,"440041740-2026-07-19T01:10:04.000000Z-1"
126.33166666666666,33.99333333333333,162,"2026-07-21T00:01:09.000Z",21,-22,"440041740-2026-07-19T01:10:04.000000Z-1"
126.45666666666666,33.73166666666667,166,"2026-07-21T01:13:05.000Z",21,-110,"440041740-2026-07-19T01:10:04.000000Z-1"
126.46155166666667,33.715583333333335,172.5,"2026-07-21T01:15:58.000Z",20.5,-110,"440041740-2026-07-19T01:10:04.000000Z-1"
126.48812833333334,33.667456666666666,157.5,"2026-07-21T01:25:01.000Z",20.700000762939453,-114,"440041740-2026-07-19T01:10:04.000000Z-1"
126.52040333333333,33.553565,125,"2026-07-21T01:37:42.000Z",37.900001525878906,-69,"440041740-2026-07-19T01:10:04.000000Z-1"
126.53373166666667,33.544915,133,"2026-07-21T01:39:06.000Z",29.799999237060547,-35,"440041740-2026-07-19T01:10:04.000000Z-1"
126.542685,33.53689166666667,151.6999969482422,"2026-07-21T01:41:46.000Z",11.300000190734863,-42,"440041740-2026-07-19T01:10:04.000000Z-1"
126.53333333333333,33.52,198,"2026-07-21T03:04:03.000Z",0,2,"440041740-2026-07-19T01:10:04.000000Z-1"
126.53333333333333,33.52,198,"2026-07-21T04:16:08.000Z",0,2,"440041740-2026-07-19T01:10:04.000000Z-1"
126.53344166666666,33.52001666666666,198.60000610351562,"2026-07-21T05:43:44.000Z",0,2,"440041740-2026-07-19T01:10:04.000000Z-1"
126.53344833333334,33.520028333333336,198.60000610351562,"2026-07-21T06:53:51.000Z",0,2,"440041740-2026-07-19T01:10:04.000000Z-1"
126.54039666666667,33.52933,30.5,"2026-07-21T07:19:04.000Z",10.600000381469727,-12,"440041740-2026-07-19T01:10:04.000000Z-1"
126.54424833333333,33.53673,356.29998779296875,"2026-07-21T07:21:09.000Z",22.899999618530273,-42,"440041740-2026-07-19T01:10:04.000000Z-1"
126.53066166666666,33.550021666666666,311.1000061035156,"2026-07-21T07:23:02.000Z",43.400001525878906,-74,"440041740-2026-07-19T01:10:04.000000Z-1"
126.51996333333334,33.558683333333335,314,"2026-07-21T07:24:04.000Z",44,-89,"440041740-2026-07-19T01:10:04.000000Z-1"
126.480015,33.60800833333333,315.5,"2026-07-21T07:29:06.000Z",43.29999923706055,-122,"440041740-2026-07-19T01:10:04.000000Z-1"
126.43196,33.65378666666667,325.5,"2026-07-21T07:34:10.000Z",43.20000076293945,-121,"440041740-2026-07-19T01:10:04.000000Z-1"
126.42598833333334,33.869636666666665,342.29998779296875,"2026-07-21T07:54:10.000Z",37.70000076293945,-71,"440041740-2026-07-19T01:10:04.000000Z-1"
126.41996333333333,33.880523333333336,339.70001220703125,"2026-07-21T07:55:18.000Z",38.400001525878906,-63,"440041740-2026-07-19T01:10:04.000000Z-1"
126.39516166666667,33.91435166666667,320.29998779296875,"2026-07-21T07:58:57.000Z",38.20000076293945,-46,"440041740-2026-07-19T01:10:04.000000Z-1"
126.35428666666667,33.954373333333336,311.20001220703125,"2026-07-21T08:03:57.000Z",39.5,-21,"440041740-2026-07-19T01:10:04.000000Z-1"
126.30600833333334,33.959545,301.29998779296875,"2026-07-21T08:09:08.000Z",12,1,"440041740-2026-07-19T01:10:04.000000Z-1"
126.32110166666666,33.96456833333333,45.900001525878906,"2026-07-21T08:32:20.000Z",38.099998474121094,-5,"440041740-2026-07-19T01:10:04.000000Z-1"
126.32865833333334,33.984901666666666,356.8999938964844,"2026-07-21T08:34:10.000Z",45.400001525878906,-24,"440041740-2026-07-19T01:10:04.000000Z-1"
126.30094333333334,34.008606666666665,299.3999938964844,"2026-07-21T08:37:04.000Z",43.599998474121094,-37,"440041740-2026-07-19T01:10:04.000000Z-1"
126.28503166666667,34.027425,342.1000061035156,"2026-07-21T08:39:10.000Z",38.599998474121094,-53,"440041740-2026-07-19T01:10:04.000000Z-1"
126.27902333333333,34.046726666666665,350.1000061035156,"2026-07-21T08:41:01.000Z",39.5,-48,"440041740-2026-07-19T01:10:04.000000Z-1"
126.27923333333334,34.05797333333334,7.800000190734863,"2026-07-21T08:42:01.000Z",39.20000076293945,-47,"440041740-2026-07-19T01:10:04.000000Z-1"
126.28155333333333,34.06858833333333,5.5,"2026-07-21T08:43:01.000Z",39.5,-46,"440041740-2026-07-19T01:10:04.000000Z-1"
126.28421333333333,34.101505,2,"2026-07-21T08:46:01.000Z",39.400001525878906,-46,"440041740-2026-07-19T01:10:04.000000Z-1"
126.28437333333333,34.13486833333333,359.20001220703125,"2026-07-21T08:49:01.000Z",39.900001525878906,-51,"440041740-2026-07-19T01:10:04.000000Z-1"
126.27876,34.167098333333335,350.5,"2026-07-21T08:52:02.000Z",39.20000076293945,-29,"440041740-2026-07-19T01:10:04.000000Z-1"
126.27279166666666,34.18833,346.1000061035156,"2026-07-21T08:54:02.000Z",39,-31,"440041740-2026-07-19T01:10:04.000000Z-1"
126.26398833333333,34.20845833333333,319.20001220703125,"2026-07-21T08:56:02.000Z",38.70000076293945,-33,"440041740-2026-07-19T01:10:04.000000Z-1"
126.245535,34.23741,327,"2026-07-21T08:59:02.000Z",38.400001525878906,-36,"440041740-2026-07-19T01:10:04.000000Z-1"
126.140215,34.303035,300.1000061035156,"2026-07-21T09:08:46.000Z",45.099998474121094,-47,"440041740-2026-07-19T01:10:04.000000Z-1"
126.11740166666667,34.36884833333333,80.69999694824219,"2026-07-21T09:16:18.000Z",37.099998474121094,-15,"440041740-2026-07-19T01:10:04.000000Z-1"
126.13177333333333,34.37592166666666,52.599998474121094,"2026-07-21T09:19:38.000Z",8.199999809265137,2,"440041740-2026-07-19T01:10:04.000000Z-1"
126.134615,34.37528,227.60000610351562,"2026-07-21T10:44:12.000Z",0,2,"440041740-2026-07-19T01:10:04.000000Z-1"
126.13467,34.37525333333333,227.60000610351562,"2026-07-21T11:56:00.000Z",0,2,"440041740-2026-07-19T01:10:04.000000Z-1"
126.13465333333333,34.375251666666664,227.60000610351562,"2026-07-21T13:07:08.000Z",0,2,"440041740-2026-07-19T01:10:04.000000Z-1"
126.134635,34.375245,227.60000610351562,"2026-07-21T14:17:29.000Z",0,2,"440041740-2026-07-19T01:10:04.000000Z-1"
126.13463166666666,34.37526,227.60000610351562,"2026-07-21T15:32:18.000Z",0,2,"440041740-2026-07-19T01:10:04.000000Z-1"
126.13464833333333,34.375265,227.60000610351562,"2026-07-21T16:44:09.000Z",0,2,"440041740-2026-07-19T01:10:04.000000Z-1"
126.13462333333334,34.375245,227.60000610351562,"2026-07-21T18:03:49.000Z",0,2,"440041740-2026-07-19T01:10:04.000000Z-1"
126.13333333333334,34.375,227,"2026-07-21T20:16:07.000Z",0,2,"440041740-2026-07-19T01:10:04.000000Z-1"
126.13464166666667,34.37525333333333,227.60000610351562,"2026-07-21T21:31:58.000Z",0,2,"440041740-2026-07-19T01:10:04.000000Z-1"
126.13465166666667,34.375258333333335,227.60000610351562,"2026-07-21T22:42:58.000Z",0,2,"440041740-2026-07-19T01:10:04.000000Z-1"
126.13464333333333,34.37536333333333,332.70001220703125,"2026-07-21T22:56:47.000Z",0.5,2,"440041740-2026-07-19T01:10:04.000000Z-1"
126.12511666666667,34.371225,236.6999969482422,"2026-07-21T23:01:29.000Z",17.799999237060547,0,"440041740-2026-07-19T01:10:04.000000Z-1"
126.29666666666667,33.961666666666666,293,"2026-07-24T00:01:10.000Z",0,8,"440041740-2026-07-24T00:01:10.000000Z-1"
126.32094666666667,33.96201166666667,62,"2026-07-24T00:16:10.000Z",33.5,-5,"440041740-2026-07-24T00:01:10.000000Z-1"
126.404925,33.764125,166.8000030517578,"2026-07-24T00:36:12.000Z",41.20000076293945,-121,"440041740-2026-07-24T00:01:10.000000Z-1"
126.42428666666666,33.705785,167.8000030517578,"2026-07-24T00:41:12.000Z",41.20000076293945,-97,"440041740-2026-07-24T00:01:10.000000Z-1"
126.513745,33.56581166666667,136.6999969482422,"2026-07-24T00:55:18.000Z",42.099998474121094,-96,"440041740-2026-07-24T00:01:10.000000Z-1"
126.52830166666666,33.55276666666666,139.10000610351562,"2026-07-24T00:56:50.000Z",41.79999923706055,-74,"440041740-2026-07-24T00:01:10.000000Z-1"
126.54181,33.539185,144.6999969482422,"2026-07-24T00:59:10.000Z",13.300000190734863,-42,"440041740-2026-07-24T00:01:10.000000Z-1"
126.53919833333333,33.527031666666666,200.39999389648438,"2026-07-24T01:03:42.000Z",10.899999618530273,-12,"440041740-2026-07-24T00:01:10.000000Z-1"
126.54205166666667,33.53901666666667,341.5,"2026-07-24T02:08:02.000Z",24.200000762939453,-42,"440041740-2026-07-24T00:01:10.000000Z-1"
126.52534166666666,33.55989666666667,314,"2026-07-24T02:10:34.000Z",42.70000076293945,-94,"440041740-2026-07-24T00:01:10.000000Z-1"
126.504685,33.57608166666667,315.3999938964844,"2026-07-24T02:12:34.000Z",42.900001525878906,-103,"440041740-2026-07-24T00:01:10.000000Z-1"
126.435655,33.68022166666667,348.70001220703125,"2026-07-24T02:22:50.000Z",43.29999923706055,-105,"440041740-2026-07-24T00:01:10.000000Z-1"
126.42951,33.719226666666664,350.70001220703125,"2026-07-24T02:26:06.000Z",43.20000076293945,-103,"440041740-2026-07-24T00:01:10.000000Z-1"
126.42627333333333,33.73218166666667,346.29998779296875,"2026-07-24T02:27:12.000Z",43,-94,"440041740-2026-07-24T00:01:10.000000Z-1"
126.42458833333333,33.741418333333336,350.29998779296875,"2026-07-24T02:28:00.000Z",42.79999923706055,-105,"440041740-2026-07-24T00:01:10.000000Z-1"
126.371175,33.90242,344.5,"2026-07-24T02:42:00.000Z",42.400001525878906,-48,"440041740-2026-07-24T00:01:10.000000Z-1"
126.36802833333333,33.91450833333333,346,"2026-07-24T02:43:02.000Z",42.400001525878906,-41,"440041740-2026-07-24T00:01:10.000000Z-1"
126.35486333333333,33.948585,341.20001220703125,"2026-07-24T02:46:02.000Z",42.900001525878906,-21,"440041740-2026-07-24T00:01:10.000000Z-1"
126.33636333333334,33.980713333333334,332.79998779296875,"2026-07-24T02:49:02.000Z",42.5,-18,"440041740-2026-07-24T00:01:10.000000Z-1"
126.32478833333333,34.002651666666665,332.70001220703125,"2026-07-24T02:51:04.000Z",42.70000076293945,-32,"440041740-2026-07-24T00:01:10.000000Z-1"
126.32146,34.013506666666665,2.5999999046325684,"2026-07-24T02:52:00.000Z",42.900001525878906,-25,"440041740-2026-07-24T00:01:10.000000Z-1"
126.32098666666667,34.026473333333335,352.1000061035156,"2026-07-24T02:53:06.000Z",43.29999923706055,-59,"440041740-2026-07-24T00:01:10.000000Z-1"
126.317165,34.03684833333333,339.5,"2026-07-24T02:54:00.000Z",42.599998474121094,-55,"440041740-2026-07-24T00:01:10.000000Z-1"
126.30158333333334,34.070103333333336,333.3999938964844,"2026-07-24T02:57:00.000Z",42.400001525878906,-48,"440041740-2026-07-24T00:01:10.000000Z-1"
126.29341833333334,34.079793333333335,331.6000061035156,"2026-07-24T02:58:00.000Z",42.099998474121094,-46,"440041740-2026-07-24T00:01:10.000000Z-1"
126.28853,34.091385,337.79998779296875,"2026-07-24T02:59:02.000Z",42.900001525878906,-46,"440041740-2026-07-24T00:01:10.000000Z-1"
126.218395,34.22370333333333,332.29998779296875,"2026-07-24T03:11:26.000Z",40.70000076293945,-32,"440041740-2026-07-24T00:01:10.000000Z-1"
126.1435,34.313608333333335,328.5,"2026-07-24T03:21:27.000Z",43,-41,"440041740-2026-07-24T00:01:10.000000Z-1"
126.11796333333334,34.365051666666666,27,"2026-07-24T03:26:27.000Z",28.700000762939453,-15,"440041740-2026-07-24T00:01:10.000000Z-1"
126.12959,34.374608333333335,47.5,"2026-07-24T03:29:25.000Z",10.399999618530273,0,"440041740-2026-07-24T00:01:10.000000Z-1"
126.11808666666667,34.36567333333333,211.60000610351562,"2026-07-24T04:36:12.000Z",26.5,-15,"440041740-2026-07-24T00:01:10.000000Z-1"
126.215845,34.22313333333334,159,"2026-07-24T04:51:35.000Z",41.70000076293945,-32,"440041740-2026-07-24T00:01:10.000000Z-1"
126.38764666666667,33.87643833333333,168.60000610351562,"2026-07-24T05:23:50.000Z",40.900001525878906,-68,"440041740-2026-07-24T00:01:10.000000Z-1"
126.41921,33.703846666666664,170.8000030517578,"2026-07-24T05:38:51.000Z",41.20000076293945,-95,"440041740-2026-07-24T00:01:10.000000Z-1"
126.44223,33.651518333333335,147,"2026-07-24T05:43:52.000Z",41.70000076293945,-122,"440041740-2026-07-24T00:01:10.000000Z-1"
126.53155833333334,33.56337166666667,160,"2026-07-24T05:53:53.000Z",41.5,-94,"440041740-2026-07-24T00:01:10.000000Z-1"
126.53726166666667,33.54729833333333,163.60000610351562,"2026-07-24T05:55:22.000Z",37.79999923706055,-77,"440041740-2026-07-24T00:01:10.000000Z-1"
126.541875,33.537576666666666,150.3000030517578,"2026-07-24T05:57:18.000Z",11.699999809265137,-42,"440041740-2026-07-24T00:01:10.000000Z-1"
126.53343166666667,33.52003,231.10000610351562,"2026-07-24T06:18:55.000Z",0,2,"440041740-2026-07-24T00:01:10.000000Z-1"
126.53683333333333,33.538826666666665,317.29998779296875,"2026-07-24T07:23:42.000Z",27.200000762939453,-42,"440041740-2026-07-24T00:01:10.000000Z-1"
126.53501,33.541243333333334,332.79998779296875,"2026-07-24T07:24:02.000Z",30.200000762939453,-42,"440041740-2026-07-24T00:01:10.000000Z-1"
126.52433,33.563563333333335,343.5,"2026-07-24T07:26:10.000Z",43.599998474121094,-89,"440041740-2026-07-24T00:01:10.000000Z-1"
126.51773333333334,33.573205,319.6000061035156,"2026-07-24T07:27:06.000Z",43.599998474121094,-96,"440041740-2026-07-24T00:01:10.000000Z-1"
126.50016,33.589335,316.70001220703125,"2026-07-24T07:29:01.000Z",44,-112,"440041740-2026-07-24T00:01:10.000000Z-1"
126.46656666666667,33.64295,346.20001220703125,"2026-07-24T07:34:02.000Z",44.20000076293945,-123,"440041740-2026-07-24T00:01:10.000000Z-1"
126.43395833333334,33.761246666666665,351.6000061035156,"2026-07-24T07:44:03.000Z",43.900001525878906,-110,"440041740-2026-07-24T00:01:10.000000Z-1"
126.44157833333334,33.82279,359.70001220703125,"2026-07-24T07:49:03.000Z",44.400001525878906,-87,"440041740-2026-07-24T00:01:10.000000Z-1"
126.40992,33.877586666666666,326.70001220703125,"2026-07-24T07:54:04.000Z",44.400001525878906,-64,"440041740-2026-07-24T00:01:10.000000Z-1"
126.32761166666667,33.989355,351.29998779296875,"2026-07-24T08:29:07.000Z",45.5,-22,"440041740-2026-07-24T00:01:10.000000Z-1"
126.13333333333334,34.375,184,"2026-07-24T10:19:04.000Z",0,2,"440041740-2026-07-24T00:01:10.000000Z-1"
126.13464666666667,34.37525,184,"2026-07-24T12:08:36.000Z",0,2,"440041740-2026-07-24T00:01:10.000000Z-1"
126.13464166666667,34.375236666666666,184,"2026-07-24T13:42:04.000Z",0,2,"440041740-2026-07-24T00:01:10.000000Z-1"
126.13463333333333,34.37524833333333,184,"2026-07-24T14:53:07.000Z",0,2,"440041740-2026-07-24T00:01:10.000000Z-1"
126.13464166666667,34.37524833333333,184,"2026-07-24T16:14:07.000Z",0,2,"440041740-2026-07-24T00:01:10.000000Z-1"
126.13464833333333,34.37525,184,"2026-07-24T17:24:37.000Z",0,2,"440041740-2026-07-24T00:01:10.000000Z-1"
126.134665,34.37522333333333,184,"2026-07-24T18:35:17.000Z",0,2,"440041740-2026-07-24T00:01:10.000000Z-1"
126.13465333333333,34.375236666666666,184,"2026-07-24T19:49:46.000Z",0,2,"440041740-2026-07-24T00:01:10.000000Z-1"
126.13464666666667,34.375233333333334,184,"2026-07-24T21:01:55.000Z",0,2,"440041740-2026-07-24T00:01:10.000000Z-1"
126.13333333333334,34.375,184,"2026-07-24T22:46:05.000Z",0,2,"440041740-2026-07-24T00:01:10.000000Z-1"
126.13465333333333,34.37531,7.300000190734863,"2026-07-24T22:51:36.000Z",0.4000000059604645,2,"440041740-2026-07-24T00:01:10.000000Z-1"
126.13456166666667,34.37542833333333,320.3999938964844,"2026-07-24T22:52:36.000Z",0.5,2,"440041740-2026-07-24T00:01:10.000000Z-1"
126.10606166666666,34.36405166666667,210.3000030517578,"2026-07-24T22:58:55.000Z",35.20000076293945,-31,"440041740-2026-07-24T00:01:10.000000Z-1"
126.11170833333334,34.317355,121,"2026-07-24T23:03:36.000Z",40.20000076293945,-36,"440041740-2026-07-24T00:01:10.000000Z-1"
126.40766166666667,33.854816666666665,160.3000030517578,"2026-07-25T00:17:42.000Z",40.900001525878906,-77,"440041740-2026-07-24T00:01:10.000000Z-1"
126.45218833333334,33.742441666666664,160.5,"2026-07-25T00:28:04.000Z",41.099998474121094,-101,"440041740-2026-07-24T00:01:10.000000Z-1"
126.46656,33.663788333333336,172.1999969482422,"2026-07-25T00:35:02.000Z",41.099998474121094,-119,"440041740-2026-07-24T00:01:10.000000Z-1"
126.50600166666666,33.580285,144.3000030517578,"2026-07-25T00:42:58.000Z",41.5,-106,"440041740-2026-07-24T00:01:10.000000Z-1"
126.51680333333333,33.567996666666666,140.10000610351562,"2026-07-25T00:44:18.000Z",41.400001525878906,-96,"440041740-2026-07-24T00:01:10.000000Z-1"
126.53153,33.5522,147.5,"2026-07-25T00:46:02.000Z",38.400001525878906,-74,"440041740-2026-07-24T00:01:10.000000Z-1"
126.54089833333333,33.540785,143.8000030517578,"2026-07-25T00:48:10.000Z",17.5,-42,"440041740-2026-07-24T00:01:10.000000Z-1"
126.54006,33.52875,202.89999389648438,"2026-07-25T00:52:17.000Z",11.100000381469727,-12,"440041740-2026-07-24T00:01:10.000000Z-1"
126.53203833333333,33.538061666666664,294.70001220703125,"2026-07-25T02:02:02.000Z",31.700000762939453,-35,"440041740-2026-07-24T00:01:10.000000Z-1"
126.51274666666667,33.55379666666666,324.79998779296875,"2026-07-25T02:04:02.000Z",42.599998474121094,-70,"440041740-2026-07-24T00:01:10.000000Z-1"
126.49782166666667,33.585498333333334,341.20001220703125,"2026-07-25T02:06:54.000Z",42.79999923706055,-112,"440041740-2026-07-24T00:01:10.000000Z-1"
126.48436833333334,33.623691666666666,349.70001220703125,"2026-07-25T02:10:14.000Z",43.099998474121094,-123,"440041740-2026-07-24T00:01:10.000000Z-1"
126.442795,33.71519,339.20001220703125,"2026-07-25T02:18:22.000Z",43.20000076293945,-100,"440041740-2026-07-24T00:01:10.000000Z-1"
126.09166666666667,34.35333333333333,24,"2026-07-25T03:19:08.000Z",42,-28,"440041740-2026-07-24T00:01:10.000000Z-1"
126.1234,34.370175,55.5,"2026-07-25T03:21:51.000Z",22,-15,"440041740-2026-07-24T00:01:10.000000Z-1"
126.13396,34.375915,114.30000305175781,"2026-07-25T03:25:33.000Z",5.199999809265137,2,"440041740-2026-07-24T00:01:10.000000Z-1"
126.11878,34.36973666666667,226.10000610351562,"2026-07-25T04:28:58.000Z",24.399999618530273,-15,"440041740-2026-07-24T00:01:10.000000Z-1"
126.11682,34.36584333333333,194.6999969482422,"2026-07-25T04:29:31.000Z",29.799999237060547,-15,"440041740-2026-07-24T00:01:10.000000Z-1"
126.47177166666667,33.695541666666664,160.6999969482422,"2026-07-25T05:32:22.000Z",41.70000076293945,-108,"440041740-2026-07-24T00:01:10.000000Z-1"
126.540785,33.54072166666667,154.8000030517578,"2026-07-25T05:46:54.000Z",19.100000381469727,-42,"440041740-2026-07-24T00:01:10.000000Z-1"
126.540585,33.52986833333333,209.89999389648438,"2026-07-25T05:50:34.000Z",10.699999809265137,-12,"440041740-2026-07-24T00:01:10.000000Z-1"
126.53333333333333,33.52,189,"2026-07-25T07:07:06.000Z",0,2,"440041740-2026-07-24T00:01:10.000000Z-1"
126.54242333333333,33.53173833333334,37.29999923706055,"2026-07-25T07:22:42.000Z",11.199999809265137,-12,"440041740-2026-07-24T00:01:10.000000Z-1"
126.54252,33.53412333333333,342.20001220703125,"2026-07-25T07:23:21.000Z",16.200000762939453,-12,"440041740-2026-07-24T00:01:10.000000Z-1"
126.53777666666667,33.548741666666665,346.79998779296875,"2026-07-25T07:25:14.000Z",40.099998474121094,-77,"440041740-2026-07-24T00:01:10.000000Z-1"
126.531595,33.55612333333333,305.1000061035156,"2026-07-25T07:26:02.000Z",42.70000076293945,-94,"440041740-2026-07-24T00:01:10.000000Z-1"
126.51534333333333,33.56180166666667,289.6000061035156,"2026-07-25T07:27:14.000Z",44.400001525878906,-89,"440041740-2026-07-24T00:01:10.000000Z-1"
126.32166666666667,34.00333333333333,343,"2026-07-25T08:31:06.000Z",45,-32,"440041740-2026-07-24T00:01:10.000000Z-1"
126.12615666666666,34.372835,65.5999984741211,"2026-07-25T09:06:37.000Z",13.800000190734863,0,"440041740-2026-07-24T00:01:10.000000Z-1"
126.13463,34.375276666666664,226.5,"2026-07-25T11:03:47.000Z",0,2,"440041740-2026-07-24T00:01:10.000000Z-1"
126.134635,34.37524,226.5,"2026-07-25T12:14:08.000Z",0,2,"440041740-2026-07-24T00:01:10.000000Z-1"
126.13464,34.37525,226.5,"2026-07-25T13:25:17.000Z",0,2,"440041740-2026-07-24T00:01:10.000000Z-1"
126.13464666666667,34.37525,226.5,"2026-07-25T14:35:38.000Z",0,2,"440041740-2026-07-24T00:01:10.000000Z-1"
126.134645,34.37524,226.5,"2026-07-25T15:47:08.000Z",0,2,"440041740-2026-07-24T00:01:10.000000Z-1"
126.13462166666666,34.37523,226.5,"2026-07-25T16:58:49.000Z",0,2,"440041740-2026-07-24T00:01:10.000000Z-1"
126.13467666666666,34.375206666666664,226.5,"2026-07-25T18:09:07.000Z",0,2,"440041740-2026-07-24T00:01:10.000000Z-1"
126.13465,34.37524166666667,226.5,"2026-07-25T19:19:28.000Z",0,2,"440041740-2026-07-24T00:01:10.000000Z-1"
126.13463833333333,34.37524333333333,226.5,"2026-07-25T20:29:48.000Z",0,2,"440041740-2026-07-24T00:01:10.000000Z-1"
126.13464333333333,34.37524166666667,226.5,"2026-07-25T21:40:18.000Z",0,2,"440041740-2026-07-24T00:01:10.000000Z-1"
126.13464,34.375245,226.5,"2026-07-25T22:51:57.000Z",0,2,"440041740-2026-07-24T00:01:10.000000Z-1"
126.134645,34.375265,35.599998474121094,"2026-07-25T22:54:36.000Z",0.30000001192092896,2,"440041740-2026-07-24T00:01:10.000000Z-1"
126.13471166666666,34.376205,3.700000047683716,"2026-07-25T22:57:02.000Z",4.599999904632568,2,"440041740-2026-07-24T00:01:10.000000Z-1"
126.09490666666666,34.364536666666666,218.8000030517578,"2026-07-25T23:03:15.000Z",39.70000076293945,-27,"440041740-2026-07-24T00:01:10.000000Z-1"
126.113875,34.31301166666667,139.8000030517578,"2026-07-25T23:08:16.000Z",40.400001525878906,-44,"440041740-2026-07-24T00:01:10.000000Z-1"
126.11394166666666,34.366775,65.4000015258789,"2026-07-26T09:14:45.000Z",42.79999923706055,-18,"440041740-2026-07-24T00:01:10.000000Z-1"
126.12770833333333,34.37305666666666,47.70000076293945,"2026-07-26T09:16:54.000Z",12,0,"440041740-2026-07-24T00:01:10.000000Z-1"
126.13464,34.37526,196,"2026-07-26T10:27:38.000Z",0,2,"440041740-2026-07-24T00:01:10.000000Z-1"
126.134655,34.375255,196,"2026-07-26T11:38:28.000Z",0,2,"440041740-2026-07-24T00:01:10.000000Z-1"
126.13464833333333,34.37524333333333,196,"2026-07-26T12:51:58.000Z",0,2,"440041740-2026-07-24T00:01:10.000000Z-1"
126.13463,34.37524666666667,196,"2026-07-26T14:02:39.000Z",0,2,"440041740-2026-07-24T00:01:10.000000Z-1"
126.134645,34.37524833333333,196,"2026-07-26T15:12:57.000Z",0,2,"440041740-2026-07-24T00:01:10.000000Z-1"
126.13462833333334,34.37526166666667,196,"2026-07-26T16:23:18.000Z",0,2,"440041740-2026-07-24T00:01:10.000000Z-1"
126.13463333333333,34.375251666666664,196,"2026-07-26T17:36:07.000Z",0,2,"440041740-2026-07-24T00:01:10.000000Z-1"
126.13465833333333,34.375231666666664,196,"2026-07-26T18:46:19.000Z",0,2,"440041740-2026-07-24T00:01:10.000000Z-1"
126.13464,34.37525333333333,196,"2026-07-26T19:57:47.000Z",0,2,"440041740-2026-07-24T00:01:10.000000Z-1"
126.13464,34.375235,196,"2026-07-26T21:08:08.000Z",0,2,"440041740-2026-07-24T00:01:10.000000Z-1"
126.13464333333333,34.37524166666667,196,"2026-07-26T22:21:27.000Z",0,2,"440041740-2026-07-24T00:01:10.000000Z-1"
126.13462666666666,34.37531333333333,333.29998779296875,"2026-07-26T22:56:31.000Z",0.4000000059604645,2,"440041740-2026-07-24T00:01:10.000000Z-1"
126.13455666666667,34.37543,325.70001220703125,"2026-07-26T22:57:25.000Z",0.5,2,"440041740-2026-07-24T00:01:10.000000Z-1"
126.13139166666667,34.37553333333334,231.1999969482422,"2026-07-26T22:59:42.000Z",13.600000381469727,2,"440041740-2026-07-24T00:01:10.000000Z-1"
126.12956,34.37427666666667,232.39999389648438,"2026-07-26T23:00:16.000Z",12.699999809265137,0,"440041740-2026-07-24T00:01:10.000000Z-1"
126.11839833333333,34.36875833333333,238.89999389648438,"2026-07-26T23:02:33.000Z",24.200000762939453,-15,"440041740-2026-07-24T00:01:10.000000Z-1"
126.11571333333333,34.35379666666667,173.5,"2026-07-26T23:04:22.000Z",38.900001525878906,-21,"440041740-2026-07-24T00:01:10.000000Z-1"
126.12068333333333,34.34446333333333,145.3000030517578,"2026-07-26T23:05:18.000Z",39.5,-29,"440041740-2026-07-24T00:01:10.000000Z-1"
126.15197833333333,34.30618333333334,139.1999969482422,"2026-07-26T23:09:20.000Z",41.5,-34,"440041740-2026-07-24T00:01:10.000000Z-1"
126.19997833333333,34.26424,139.5,"2026-07-26T23:14:22.000Z",40.5,-33,"440041740-2026-07-24T00:01:10.000000Z-1"
126.23053833333333,34.22519166666667,158.3000030517578,"2026-07-26T23:19:24.000Z",41.70000076293945,-31,"440041740-2026-07-24T00:01:10.000000Z-1"
126.23963666666667,34.203555,166.60000610351562,"2026-07-26T23:20:37.000Z",41.400001525878906,-27,"440041740-2026-07-24T00:01:10.000000Z-1"
126.28222833333334,34.112523333333336,157.89999389648438,"2026-07-26T23:28:56.000Z",41,-48,"440041740-2026-07-24T00:01:10.000000Z-1"
126.325325,33.99827666666667,159.8000030517578,"2026-07-26T23:39:24.000Z",41.5,-32,"440041740-2026-07-24T00:01:10.000000Z-1"
126.30756166666667,33.958571666666664,288.3999938964844,"2026-07-26T23:44:44.000Z",13.5,1,"440041740-2026-07-26T23:44:44.000000Z-1"
126.29751833333333,33.96201833333333,302.3999938964844,"2026-07-26T23:54:47.000Z",0,8,"440041740-2026-07-26T23:44:44.000000Z-1"
126.31907,33.96089166666667,60.400001525878906,"2026-07-27T00:14:42.000Z",29.299999237060547,-5,"440041740-2026-07-26T23:44:44.000000Z-1"
126.32331833333333,33.962363333333336,70.30000305175781,"2026-07-27T00:15:08.000Z",34.79999923706055,-5,"440041740-2026-07-26T23:44:44.000000Z-1"
126.33941166666666,33.96570333333333,95.4000015258789,"2026-07-27T00:16:40.000Z",39.5,-31,"440041740-2026-07-26T23:44:44.000000Z-1"
126.360065,33.938768333333336,152.89999389648438,"2026-07-27T00:19:20.000Z",41,-28,"440041740-2026-07-26T23:44:44.000000Z-1"
126.480445,33.688143333333336,166.5,"2026-07-27T00:43:18.000Z",41,-110,"440041740-2026-07-26T23:44:44.000000Z-1"
126.51606166666667,33.59838666666667,156.3000030517578,"2026-07-27T00:51:34.000Z",41.20000076293945,-115,"440041740-2026-07-26T23:44:44.000000Z-1"
126.52028666666666,33.58992,160.10000610351562,"2026-07-27T00:52:22.000Z",41.20000076293945,-111,"440041740-2026-07-26T23:44:44.000000Z-1"
126.528685,33.571265,156.5,"2026-07-27T00:54:06.000Z",41.400001525878906,-101,"440041740-2026-07-26T23:44:44.000000Z-1"
126.54455,33.538916666666665,158.1999969482422,"2026-07-27T00:58:10.000Z",11.5,-42,"440041740-2026-07-26T23:44:44.000000Z-1"
126.54052333333334,33.529893333333334,207.5,"2026-07-27T01:01:34.000Z",10.699999809265137,-12,"440041740-2026-07-26T23:44:44.000000Z-1"
126.53505666666666,33.54701333333333,320.29998779296875,"2026-07-27T02:04:26.000Z",36.79999923706055,-77,"440041740-2026-07-26T23:44:44.000000Z-1"
126.53054166666666,33.55240833333333,328.5,"2026-07-27T02:05:02.000Z",41.900001525878906,-74,"440041740-2026-07-26T23:44:44.000000Z-1"
126.52398166666667,33.56389,338.6000061035156,"2026-07-27T02:06:06.000Z",43,-89,"440041740-2026-07-26T23:44:44.000000Z-1"
126.38474833333333,33.89241,339.20001220703125,"2026-07-27T02:35:00.000Z",42.5,-58,"440041740-2026-07-26T23:44:44.000000Z-1"
126.16443833333334,34.29306666666667,317.70001220703125,"2026-07-27T03:11:56.000Z",42.900001525878906,-47,"440041740-2026-07-26T23:44:44.000000Z-1"
126.111495,34.37117,94.4000015258789,"2026-07-27T03:21:20.000Z",21.700000762939453,-18,"440041740-2026-07-26T23:44:44.000000Z-1"
126.12285833333334,34.37159166666667,68.30000305175781,"2026-07-27T03:23:04.000Z",15.899999618530273,-15,"440041740-2026-07-26T23:44:44.000000Z-1"
126.13276,34.37618,78.5,"2026-07-27T03:26:05.000Z",7.099999904632568,2,"440041740-2026-07-26T23:44:44.000000Z-1"
126.12119666666666,34.368095,221,"2026-07-27T04:37:02.000Z",23.600000381469727,-15,"440041740-2026-07-26T23:44:44.000000Z-1"
126.11662833333334,34.35885,193.60000610351562,"2026-07-27T04:38:10.000Z",38.5,-16,"440041740-2026-07-26T23:44:44.000000Z-1"
126.24347,34.127165,152,"2026-07-27T05:00:06.000Z",41.900001525878906,-45,"440041740-2026-07-26T23:44:44.000000Z-1"
126.31419166666667,34.02556166666667,151.10000610351562,"2026-07-27T05:10:07.000Z",41.900001525878906,-55,"440041740-2026-07-26T23:44:44.000000Z-1"
126.51028666666667,33.612156666666664,153.1999969482422,"2026-07-27T05:47:50.000Z",41.599998474121094,-118,"440041740-2026-07-26T23:44:44.000000Z-1"
126.526655,33.59082333333333,145.6999969482422,"2026-07-27T05:50:02.000Z",41.5,-110,"440041740-2026-07-26T23:44:44.000000Z-1"
126.54007,33.56122333333333,168.3000030517578,"2026-07-27T05:52:46.000Z",41.900001525878906,-94,"440041740-2026-07-26T23:44:44.000000Z-1"
126.54422,33.54057,172,"2026-07-27T05:55:02.000Z",17.600000381469727,-42,"440041740-2026-07-26T23:44:44.000000Z-1"
126.54174,33.53151166666667,212.3000030517578,"2026-07-27T05:58:06.000Z",11.199999809265137,-12,"440041740-2026-07-26T23:44:44.000000Z-1"
126.53598333333333,33.5231,219.60000610351562,"2026-07-27T06:02:11.000Z",10.600000381469727,22,"440041740-2026-07-26T23:44:44.000000Z-1"
126.54330166666666,33.534411666666664,347.29998779296875,"2026-07-27T07:21:12.000Z",15.800000190734863,-12,"440041740-2026-07-26T23:44:44.000000Z-1"
126.53239833333333,33.56022333333333,342.6000061035156,"2026-07-27T07:24:02.000Z",43.400001525878906,-94,"440041740-2026-07-26T23:44:44.000000Z-1"
126.52854166666667,33.572091666666665,343.3999938964844,"2026-07-27T07:25:02.000Z",43.5,-101,"440041740-2026-07-26T23:44:44.000000Z-1"
126.205,34.248333333333335,330,"2026-07-27T08:55:08.000Z",44,-37,"440041740-2026-07-26T23:44:44.000000Z-1"
126.12312833333333,34.37168,67.69999694824219,"2026-07-27T09:09:08.000Z",16.700000762939453,-15,"440041740-2026-07-26T23:44:44.000000Z-1"
126.134635,34.375645,109.5,"2026-07-27T09:14:05.000Z",0.800000011920929,2,"440041740-2026-07-26T23:44:44.000000Z-1"
126.134645,34.37526833333333,209.8000030517578,"2026-07-27T10:24:12.000Z",0,2,"440041740-2026-07-26T23:44:44.000000Z-1"
126.13464166666667,34.375258333333335,209.8000030517578,"2026-07-27T11:37:42.000Z",0,2,"440041740-2026-07-26T23:44:44.000000Z-1"
126.13465,34.37523,209.8000030517578,"2026-07-27T12:55:03.000Z",0,2,"440041740-2026-07-26T23:44:44.000000Z-1"
126.13463833333333,34.37524833333333,209.8000030517578,"2026-07-27T14:05:04.000Z",0,2,"440041740-2026-07-26T23:44:44.000000Z-1"
126.13464,34.37526,209.8000030517578,"2026-07-27T15:15:11.000Z",0,2,"440041740-2026-07-26T23:44:44.000000Z-1"
126.13464,34.37526833333333,209.8000030517578,"2026-07-27T16:25:53.000Z",0,2,"440041740-2026-07-26T23:44:44.000000Z-1"
126.13462333333334,34.375256666666665,209.8000030517578,"2026-07-27T17:36:10.000Z",0,2,"440041740-2026-07-26T23:44:44.000000Z-1"
126.13465166666667,34.37523,209.8000030517578,"2026-07-27T18:46:42.000Z",0,2,"440041740-2026-07-26T23:44:44.000000Z-1"
126.13465166666667,34.375256666666665,209.8000030517578,"2026-07-27T19:57:50.000Z",0,2,"440041740-2026-07-26T23:44:44.000000Z-1"
126.13333333333334,34.375,209,"2026-07-27T22:01:08.000Z",0,2,"440041740-2026-07-26T23:44:44.000000Z-1"
126.13463,34.375225,209.8000030517578,"2026-07-27T23:12:02.000Z",0,2,"440041740-2026-07-26T23:44:44.000000Z-1"
126.13463833333333,34.37525333333333,209.8000030517578,"2026-07-28T00:25:02.000Z",0,2,"440041740-2026-07-26T23:44:44.000000Z-1"
126.13465166666667,34.375256666666665,19.899999618530273,"2026-07-28T00:30:03.000Z",0.20000000298023224,2,"440041740-2026-07-26T23:44:44.000000Z-1"
126.13460833333333,34.375385,340.6000061035156,"2026-07-28T00:31:09.000Z",0.6000000238418579,2,"440041740-2026-07-26T23:44:44.000000Z-1"
126.13489666666666,34.37628,10.899999618530273,"2026-07-28T00:32:29.000Z",4.699999809265137,2,"440041740-2026-07-26T23:44:44.000000Z-1"
126.100945,34.361783333333335,227.89999389648438,"2026-07-28T00:38:24.000Z",40.099998474121094,-31,"440041740-2026-07-26T23:44:44.000000Z-1"
126.09646833333333,34.321445,140,"2026-07-28T00:42:25.000Z",37.599998474121094,-45,"440041740-2026-07-26T23:44:44.000000Z-1"
126.12007666666666,34.30889833333333,110.19999694824219,"2026-07-28T00:44:35.000Z",39.400001525878906,-38,"440041740-2026-07-26T23:44:44.000000Z-1"
126.22298333333333,34.24757666666667,163.1999969482422,"2026-07-28T00:54:47.000Z",41.29999923706055,-43,"440041740-2026-07-26T23:44:44.000000Z-1"
126.40912333333333,33.82111,163.1999969482422,"2026-07-28T01:57:42.000Z",40.900001525878906,-85,"440041740-2026-07-26T23:44:44.000000Z-1"
126.41905166666666,33.79850666666667,154.60000610351562,"2026-07-28T01:59:48.000Z",41.400001525878906,-92,"440041740-2026-07-26T23:44:44.000000Z-1"
126.43394833333333,33.76208,161.8000030517578,"2026-07-28T02:03:06.000Z",41.79999923706055,-110,"440041740-2026-07-26T23:44:44.000000Z-1"
126.45584,33.7203,159.39999389648438,"2026-07-28T02:07:02.000Z",41.900001525878906,-110,"440041740-2026-07-26T23:44:44.000000Z-1"
126.48030666666666,33.65591833333333,157.3000030517578,"2026-07-28T02:12:50.000Z",41.900001525878906,-116,"440041740-2026-07-26T23:44:44.000000Z-1"
126.52855833333334,33.560955,153.39999389648438,"2026-07-28T02:21:38.000Z",42.5,-94,"440041740-2026-07-26T23:44:44.000000Z-1"
126.54175,33.53940333333333,160.89999389648438,"2026-07-28T02:24:22.000Z",15,-42,"440041740-2026-07-26T23:44:44.000000Z-1"
126.53977166666667,33.52856833333333,205.39999389648438,"2026-07-28T02:28:18.000Z",11.600000381469727,-12,"440041740-2026-07-26T23:44:44.000000Z-1"
126.53344666666666,33.520023333333334,215,"2026-07-28T03:03:07.000Z",0,2,"440041740-2026-07-26T23:44:44.000000Z-1"
126.533455,33.52006166666666,346.79998779296875,"2026-07-28T03:13:22.000Z",0.30000001192092896,2,"440041740-2026-07-26T23:44:44.000000Z-1"
126.53906,33.52739666666667,25.5,"2026-07-28T03:16:58.000Z",11,-12,"440041740-2026-07-26T23:44:44.000000Z-1"
126.54325333333334,33.536705,358,"2026-07-28T03:19:33.000Z",22.799999237060547,-42,"440041740-2026-07-26T23:44:44.000000Z-1"
126.537605,33.548805,335.6000061035156,"2026-07-28T03:21:06.000Z",38.29999923706055,-77,"440041740-2026-07-26T23:44:44.000000Z-1"
126.501885,33.61486333333333,339.20001220703125,"2026-07-28T03:27:18.000Z",42.29999923706055,-122,"440041740-2026-07-26T23:44:44.000000Z-1"
126.47787,33.674805,345.3999938964844,"2026-07-28T03:32:42.000Z",41.79999923706055,-114,"440041740-2026-07-26T23:44:44.000000Z-1"
126.11166666666666,34.31333333333333,329,"2026-07-28T04:34:10.000Z",42,-44,"440041740-2026-07-26T23:44:44.000000Z-1"
126.10516,34.35951166666667,56.900001525878906,"2026-07-28T04:38:48.000Z",40.70000076293945,-31,"440041740-2026-07-26T23:44:44.000000Z-1"
126.11509833333334,34.36806333333333,59.099998474121094,"2026-07-28T04:40:32.000Z",20.299999237060547,-15,"440041740-2026-07-26T23:44:44.000000Z-1"
126.12664166666667,34.372745,53.599998474121094,"2026-07-28T04:42:33.000Z",14.600000381469727,0,"440041740-2026-07-26T23:44:44.000000Z-1"
126.117425,34.35827333333334,182.39999389648438,"2026-07-28T05:47:40.000Z",37.70000076293945,-16,"440041740-2026-07-26T23:44:44.000000Z-1"
126.316305,34.02950833333333,163,"2026-07-28T06:20:03.000Z",34,-59,"440041740-2026-07-26T23:44:44.000000Z-1"
126.41152,33.824995,158.8000030517578,"2026-07-28T06:38:04.000Z",43.20000076293945,-85,"440041740-2026-07-26T23:44:44.000000Z-1"
126.41967,33.80204166666667,161.60000610351562,"2026-07-28T06:40:05.000Z",43.20000076293945,-92,"440041740-2026-07-26T23:44:44.000000Z-1"
126.44328,33.75836666666667,155.3000030517578,"2026-07-28T06:44:05.000Z",43,-105,"440041740-2026-07-26T23:44:44.000000Z-1"
126.492715,33.64879166666667,162.5,"2026-07-28T06:53:50.000Z",43.099998474121094,-118,"440041740-2026-07-26T23:44:44.000000Z-1"
126.49689333333333,33.63525833333333,166.10000610351562,"2026-07-28T06:55:06.000Z",42.70000076293945,-119,"440041740-2026-07-26T23:44:44.000000Z-1"
126.506985,33.61447,147.39999389648438,"2026-07-28T06:56:54.000Z",42.70000076293945,-118,"440041740-2026-07-26T23:44:44.000000Z-1"
126.52032833333334,33.59610166666667,150.89999389648438,"2026-07-28T06:58:42.000Z",42.79999923706055,-115,"440041740-2026-07-26T23:44:44.000000Z-1"
126.54824666666667,33.549165,158.89999389648438,"2026-07-28T07:03:06.000Z",41.29999923706055,-70,"440041740-2026-07-26T23:44:44.000000Z-1"
126.54668166666667,33.53783833333333,213.10000610351562,"2026-07-28T07:05:02.000Z",13.699999809265137,-42,"440041740-2026-07-26T23:44:44.000000Z-1"
126.54044666666667,33.52961,206.10000610351562,"2026-07-28T07:08:02.000Z",12,-12,"440041740-2026-07-26T23:44:44.000000Z-1"
126.5335,33.520075,182.8000030517578,"2026-07-28T07:20:08.000Z",0,2,"440041740-2026-07-26T23:44:44.000000Z-1"
126.54293833333334,33.532156666666666,27.5,"2026-07-28T08:02:02.000Z",12,-12,"440041740-2026-07-26T23:44:44.000000Z-1"
126.54039666666667,33.53543333333333,285.79998779296875,"2026-07-28T08:03:02.000Z",20.5,-42,"440041740-2026-07-26T23:44:44.000000Z-1"
126.52588333333334,33.548475,337.20001220703125,"2026-07-28T08:05:12.000Z",40.70000076293945,-74,"440041740-2026-07-26T23:44:44.000000Z-1"
126.52689833333334,33.55937333333333,8.100000381469727,"2026-07-28T08:06:02.000Z",43.099998474121094,-94,"440041740-2026-07-26T23:44:44.000000Z-1"
126.52649166666667,33.57134166666667,354.29998779296875,"2026-07-28T08:07:02.000Z",43.099998474121094,-101,"440041740-2026-07-26T23:44:44.000000Z-1"
126.522145,33.58685333333333,338.3999938964844,"2026-07-28T08:08:22.000Z",42.900001525878906,-111,"440041740-2026-07-26T23:44:44.000000Z-1"
126.21105166666666,34.24066833333333,344.1000061035156,"2026-07-28T09:30:20.000Z",43.20000076293945,-33,"440041740-2026-07-26T23:44:44.000000Z-1"
126.13249166666667,34.37618666666667,60.20000076293945,"2026-07-28T09:46:59.000Z",6.800000190734863,2,"440041740-2026-07-26T23:44:44.000000Z-1"
126.13333333333334,34.375,192,"2026-07-28T11:10:08.000Z",0,2,"440041740-2026-07-26T23:44:44.000000Z-1"
126.13333333333334,34.375,192,"2026-07-28T13:13:10.000Z",0,2,"440041740-2026-07-26T23:44:44.000000Z-1"
126.13333333333334,34.375,192,"2026-07-28T14:25:08.000Z",0,2,"440041740-2026-07-26T23:44:44.000000Z-1"
126.13464666666667,34.375238333333336,192.10000610351562,"2026-07-28T16:19:17.000Z",0,2,"440041740-2026-07-26T23:44:44.000000Z-1"
126.13333333333334,34.375,192,"2026-07-28T17:49:07.000Z",0,2,"440041740-2026-07-26T23:44:44.000000Z-1"
126.13333333333334,34.375,192,"2026-07-28T20:22:14.000Z",0,2,"440041740-2026-07-26T23:44:44.000000Z-1"
126.13462,34.375251666666664,192.10000610351562,"2026-07-28T21:43:43.000Z",0,2,"440041740-2026-07-26T23:44:44.000000Z-1"
126.134635,34.375245,192.10000610351562,"2026-07-28T23:01:08.000Z",0,2,"440041740-2026-07-26T23:44:44.000000Z-1"
126.13333333333334,34.375,192,"2026-07-29T00:34:08.000Z",0,2,"440041740-2026-07-26T23:44:44.000000Z-1"
126.29829833333334,34.06381833333333,159,"2026-07-29T01:32:47.000Z",41,-49,"440041740-2026-07-26T23:44:44.000000Z-1"
126.32249833333333,34.00680666666667,165.5,"2026-07-29T01:37:50.000Z",40.70000076293945,-25,"440041740-2026-07-26T23:44:44.000000Z-1"
126.35064333333334,33.958365,132,"2026-07-29T02:07:36.000Z",40.5,-26,"440041740-2026-07-26T23:44:44.000000Z-1"
126.50040333333334,33.62490833333333,154.3000030517578,"2026-07-29T02:38:26.000Z",42,-123,"440041740-2026-07-26T23:44:44.000000Z-1"
126.53881333333334,33.54703666666666,161.10000610351562,"2026-07-29T02:45:38.000Z",37.400001525878906,-77,"440041740-2026-07-26T23:44:44.000000Z-1"
126.54236166666666,33.53712,163,"2026-07-29T02:47:30.000Z",12.699999809265137,-42,"440041740-2026-07-26T23:44:44.000000Z-1"
126.53344833333334,33.52001666666666,220.60000610351562,"2026-07-29T03:08:39.000Z",0,2,"440041740-2026-07-26T23:44:44.000000Z-1"
126.53664333333333,33.524028333333334,31.100000381469727,"2026-07-29T03:44:01.000Z",11.600000381469727,22,"440041740-2026-07-26T23:44:44.000000Z-1"
126.54862833333334,33.53355,25,"2026-07-29T03:47:37.000Z",16.399999618530273,-14,"440041740-2026-07-26T23:44:44.000000Z-1"
126.54805166666667,33.54325166666667,342.79998779296875,"2026-07-29T03:49:00.000Z",32.099998474121094,-42,"440041740-2026-07-26T23:44:44.000000Z-1"
126.541505,33.55435333333333,332.1000061035156,"2026-07-29T03:50:10.000Z",41.400001525878906,-77,"440041740-2026-07-26T23:44:44.000000Z-1"
126.53574,33.565823333333334,334.5,"2026-07-29T03:51:14.000Z",42,-101,"440041740-2026-07-26T23:44:44.000000Z-1"
126.51038,33.60943833333334,337.3999938964844,"2026-07-29T03:55:22.000Z",42,-118,"440041740-2026-07-26T23:44:44.000000Z-1"
126.49379833333333,33.64741333333333,341.1000061035156,"2026-07-29T03:58:50.000Z",42.20000076293945,-118,"440041740-2026-07-26T23:44:44.000000Z-1"
126.49858333333333,33.635995,340.70001220703125,"2026-07-29T03:59:08.000Z",42,-119,"440041740-2026-07-26T23:44:44.000000Z-1"
126.23993333333334,34.19990333333333,327.6000061035156,"2026-07-29T04:49:38.000Z",42.400001525878906,-27,"440041740-2026-07-26T23:44:44.000000Z-1"
126.20691,34.246545,332.20001220703125,"2026-07-29T04:54:41.000Z",42.5,-37,"440041740-2026-07-26T23:44:44.000000Z-1"
126.13468666666667,34.375295,187.8000030517578,"2026-07-29T05:14:52.000Z",0.20000000298023224,2,"440041740-2026-07-26T23:44:44.000000Z-1"
126.132365,34.376061666666665,234.10000610351562,"2026-07-29T06:10:21.000Z",13,2,"440041740-2026-07-26T23:44:44.000000Z-1"
126.11979333333333,34.350361666666664,156.60000610351562,"2026-07-29T06:15:26.000Z",44.20000076293945,-21,"440041740-2026-07-26T23:44:44.000000Z-1"
126.191015,34.272776666666665,153,"2026-07-29T06:25:32.000Z",43,-35,"440041740-2026-07-26T23:44:44.000000Z-1"
126.469045,33.755743333333335,165.5,"2026-07-29T07:10:48.000Z",42.099998474121094,-107,"440041740-2026-07-26T23:44:44.000000Z-1"
126.52319166666666,33.63032833333333,157.10000610351562,"2026-07-29T07:22:14.000Z",42,-122,"440041740-2026-07-26T23:44:44.000000Z-1"
126.52650166666666,33.59211833333333,197.1999969482422,"2026-07-29T07:25:38.000Z",41.20000076293945,-110,"440041740-2026-07-26T23:44:44.000000Z-1"
126.53315166666667,33.54999333333333,166.10000610351562,"2026-07-29T07:32:26.000Z",7.599999904632568,-74,"440041740-2026-07-26T23:44:44.000000Z-1"
126.53732666666667,33.54078,158.10000610351562,"2026-07-29T07:43:56.000Z",7.5,-42,"440041740-2026-07-26T23:44:44.000000Z-1"
126.54166333333333,33.531623333333336,209.89999389648438,"2026-07-29T07:48:01.000Z",11.300000190734863,-12,"440041740-2026-07-26T23:44:44.000000Z-1"
126.53333333333333,33.52,32,"2026-07-29T08:49:10.000Z",2,2,"440041740-2026-07-26T23:44:44.000000Z-1"
126.541045,33.53582,328.5,"2026-07-29T08:56:22.000Z",22.299999237060547,-42,"440041740-2026-07-26T23:44:44.000000Z-1"
126.537625,33.540353333333336,323.5,"2026-07-29T08:57:06.000Z",28.200000762939453,-42,"440041740-2026-07-26T23:44:44.000000Z-1"
126.52873666666666,33.553848333333335,333.8999938964844,"2026-07-29T08:58:38.000Z",40,-74,"440041740-2026-07-26T23:44:44.000000Z-1"
126.5178,33.57915666666667,343.70001220703125,"2026-07-29T09:01:02.000Z",40.5,-105,"440041740-2026-07-26T23:44:44.000000Z-1"
126.51026666666667,33.60765333333333,338.70001220703125,"2026-07-29T09:03:38.000Z",40.20000076293945,-118,"440041740-2026-07-26T23:44:44.000000Z-1"
126.13333333333334,34.375,181,"2026-07-29T11:31:09.000Z",0,2,"440041740-2026-07-26T23:44:44.000000Z-1"
126.134645,34.37526833333333,181.10000610351562,"2026-07-29T13:33:42.000Z",0,2,"440041740-2026-07-26T23:44:44.000000Z-1"
126.13464,34.375255,181.10000610351562,"2026-07-29T14:43:48.000Z",0,2,"440041740-2026-07-26T23:44:44.000000Z-1"
126.13333333333334,34.375,181,"2026-07-29T16:04:08.000Z",0,2,"440041740-2026-07-26T23:44:44.000000Z-1"
126.13333333333334,34.375,181,"2026-07-29T18:22:08.000Z",0,2,"440041740-2026-07-26T23:44:44.000000Z-1"
126.13333333333334,34.375,181,"2026-07-29T20:49:11.000Z",0,2,"440041740-2026-07-26T23:44:44.000000Z-1"
126.13333333333334,34.375,181,"2026-07-29T22:52:10.000Z",0,2,"440041740-2026-07-26T23:44:44.000000Z-1"
126.13148833333334,34.33155333333333,145.5,"2026-07-29T23:16:16.000Z",41.70000076293945,-22,"440041740-2026-07-26T23:44:44.000000Z-1"
126.36333333333333,33.94,150,"2026-07-30T00:25:09.000Z",41,-28,"440041740-2026-07-26T23:44:44.000000Z-1"
126.47132833333333,33.706795,177.10000610351562,"2026-07-30T00:47:10.000Z",41.099998474121094,-109,"440041740-2026-07-26T23:44:44.000000Z-1"
126.511815,33.600345,154.1999969482422,"2026-07-30T00:56:58.000Z",41.5,-115,"440041740-2026-07-26T23:44:44.000000Z-1"
126.52537666666667,33.577435,157.60000610351562,"2026-07-30T00:59:10.000Z",41.599998474121094,-105,"440041740-2026-07-26T23:44:44.000000Z-1"
126.54072833333333,33.54154166666667,164.8000030517578,"2026-07-30T01:02:58.000Z",17.5,-42,"440041740-2026-07-26T23:44:44.000000Z-1"
126.54158666666666,33.53157,212.60000610351562,"2026-07-30T01:06:22.000Z",10.600000381469727,-12,"440041740-2026-07-26T23:44:44.000000Z-1"
126.536265,33.52348833333333,214,"2026-07-30T01:09:16.000Z",10.800000190734863,22,"440041740-2026-07-26T23:44:44.000000Z-1"
126.54132833333334,33.53644,324.20001220703125,"2026-07-30T02:12:34.000Z",21.100000381469727,-42,"440041740-2026-07-26T23:44:44.000000Z-1"
126.52748333333334,33.551035,328.3999938964844,"2026-07-30T02:14:42.000Z",38.70000076293945,-74,"440041740-2026-07-26T23:44:44.000000Z-1"
126.51977833333333,33.57058833333333,345.8999938964844,"2026-07-30T02:16:34.000Z",40.29999923706055,-96,"440041740-2026-07-26T23:44:44.000000Z-1"
126.513755,33.590846666666664,341.70001220703125,"2026-07-30T02:18:26.000Z",40.099998474121094,-113,"440041740-2026-07-26T23:44:44.000000Z-1"
126.43063666666667,33.767185,346.20001220703125,"2026-07-30T02:35:14.000Z",40.70000076293945,-105,"440041740-2026-07-26T23:44:44.000000Z-1"
126.372885,33.91401833333333,340.1000061035156,"2026-07-30T02:48:44.000Z",40.900001525878906,-41,"440041740-2026-07-26T23:44:44.000000Z-1"
126.261595,34.142525,341.70001220703125,"2026-07-30T03:12:04.000Z",41,-48,"440041740-2026-07-26T23:44:44.000000Z-1"
126.09788666666667,34.37383,49.900001525878906,"2026-07-30T03:36:45.000Z",39.70000076293945,-25,"440041740-2026-07-26T23:44:44.000000Z-1"
126.13468666666667,34.37529833333333,193.60000610351562,"2026-07-30T03:46:11.000Z",0.4000000059604645,2,"440041740-2026-07-26T23:44:44.000000Z-1"
126.11989333333334,34.36808666666666,219.39999389648438,"2026-07-30T04:46:25.000Z",24.200000762939453,-15,"440041740-2026-07-26T23:44:44.000000Z-1"
126.11633166666667,34.359678333333335,188.5,"2026-07-30T04:47:30.000Z",36.599998474121094,-16,"440041740-2026-07-26T23:44:44.000000Z-1"
126.501595,33.577565,139.3000030517578,"2026-07-30T06:01:46.000Z",42,-103,"440041740-2026-07-26T23:44:44.000000Z-1"
126.5337,33.54727,137.5,"2026-07-30T06:05:14.000Z",40.099998474121094,-74,"440041740-2026-07-26T23:44:44.000000Z-1"
126.54225833333334,33.53673,156.8000030517578,"2026-07-30T06:07:34.000Z",11.800000190734863,-42,"440041740-2026-07-26T23:44:44.000000Z-1"
126.54166666666667,33.53,48,"2026-07-30T07:22:09.000Z",8,-12,"440041740-2026-07-26T23:44:44.000000Z-1"
126.53919333333333,33.54042333333334,329.3999938964844,"2026-07-30T07:24:08.000Z",26.700000762939453,-42,"440041740-2026-07-26T23:44:44.000000Z-1"
126.53231166666667,33.547445,316.79998779296875,"2026-07-30T07:25:10.000Z",35.29999923706055,-74,"440041740-2026-07-26T23:44:44.000000Z-1"
126.52503166666666,33.554665,320.70001220703125,"2026-07-30T07:26:02.000Z",40.29999923706055,-74,"440041740-2026-07-26T23:44:44.000000Z-1"
126.41346166666666,33.832785,341.1000061035156,"2026-07-30T07:52:24.000Z",40,-81,"440041740-2026-07-26T23:44:44.000000Z-1"
126.32493833333334,33.967035,54.79999923706055,"2026-07-30T08:32:36.000Z",36.79999923706055,-17,"440041740-2026-07-26T23:44:44.000000Z-1"
126.32531666666667,34.00090333333333,345.5,"2026-07-30T08:38:00.000Z",40.400001525878906,-32,"440041740-2026-07-26T23:44:44.000000Z-1"
126.29264,34.05502166666667,345.79998779296875,"2026-07-30T08:41:14.000Z",41.29999923706055,-48,"440041740-2026-07-26T23:44:44.000000Z-1"
126.26967,34.12211,339.20001220703125,"2026-07-30T08:47:17.000Z",41.20000076293945,-49,"440041740-2026-07-26T23:44:44.000000Z-1"
126.22388666666667,34.216588333333334,340,"2026-07-30T08:56:11.000Z",41.599998474121094,-32,"440041740-2026-07-26T23:44:44.000000Z-1"
126.21332666666666,34.235958333333336,336.29998779296875,"2026-07-30T08:58:02.000Z",41.20000076293945,-33,"440041740-2026-07-26T23:44:44.000000Z-1"
126.208325,34.246793333333336,337.3999938964844,"2026-07-30T08:59:02.000Z",40.70000076293945,-37,"440041740-2026-07-26T23:44:44.000000Z-1"
126.12205,34.35004333333333,323.5,"2026-07-30T09:10:34.000Z",33.5,-21,"440041740-2026-07-26T23:44:44.000000Z-1"
126.12049833333333,34.36681166666666,28.799999237060547,"2026-07-30T09:13:52.000Z",19.200000762939453,-15,"440041740-2026-07-26T23:44:44.000000Z-1"
126.13165833333333,34.37580666666667,54.70000076293945,"2026-07-30T09:17:28.000Z",8.199999809265137,2,"440041740-2026-07-26T23:44:44.000000Z-1"
126.13462833333334,34.375263333333336,200.3000030517578,"2026-07-30T10:30:34.000Z",0,2,"440041740-2026-07-26T23:44:44.000000Z-1"
126.13464166666667,34.37524333333333,200.3000030517578,"2026-07-30T11:42:57.000Z",0,2,"440041740-2026-07-26T23:44:44.000000Z-1"
126.13463333333333,34.37524666666667,200.3000030517578,"2026-07-30T13:01:27.000Z",0,2,"440041740-2026-07-26T23:44:44.000000Z-1"
126.13464666666667,34.375263333333336,200.3000030517578,"2026-07-30T14:16:35.000Z",0,2,"440041740-2026-07-26T23:44:44.000000Z-1"
126.134655,34.375258333333335,200.3000030517578,"2026-07-30T15:29:14.000Z",0,2,"440041740-2026-07-26T23:44:44.000000Z-1"
126.134645,34.375258333333335,200.3000030517578,"2026-07-30T16:41:34.000Z",0,2,"440041740-2026-07-26T23:44:44.000000Z-1"
126.13465166666667,34.37524666666667,200.3000030517578,"2026-07-30T17:53:14.000Z",0,2,"440041740-2026-07-26T23:44:44.000000Z-1"
126.13465666666667,34.37525333333333,200.3000030517578,"2026-07-30T19:04:26.000Z",0,2,"440041740-2026-07-26T23:44:44.000000Z-1"
126.13464166666667,34.375245,200.3000030517578,"2026-07-30T20:15:46.000Z",0,2,"440041740-2026-07-26T23:44:44.000000Z-1"
126.13463833333333,34.37527333333333,200.3000030517578,"2026-07-30T21:26:06.000Z",0,2,"440041740-2026-07-26T23:44:44.000000Z-1"
126.134645,34.37524833333333,200.3000030517578,"2026-07-30T23:16:04.000Z",0,2,"440041740-2026-07-26T23:44:44.000000Z-1"
126.13463833333333,34.375258333333335,200.3000030517578,"2026-07-31T00:34:47.000Z",0,2,"440041740-2026-07-26T23:44:44.000000Z-1"
126.13465666666667,34.37525333333333,200.3000030517578,"2026-07-31T01:46:27.000Z",0,2,"440041740-2026-07-26T23:44:44.000000Z-1"
126.13464166666667,34.37525,200.3000030517578,"2026-07-31T02:59:54.000Z",0,2,"440041740-2026-07-26T23:44:44.000000Z-1"
126.14376833333333,34.31789166666667,150.39999389648438,"2026-07-31T03:34:59.000Z",39.70000076293945,-26,"440041740-2026-07-26T23:44:44.000000Z-1"
126.14522333333333,34.316045,147,"2026-07-31T03:35:10.000Z",39.599998474121094,-25,"440041740-2026-07-26T23:44:44.000000Z-1"
126.185555,34.27963666666667,139.89999389648438,"2026-07-31T03:39:40.000Z",40,-49,"440041740-2026-07-26T23:44:44.000000Z-1"
126.19912666666667,34.261135,155.5,"2026-07-31T03:41:36.000Z",40,-33,"440041740-2026-07-26T23:44:44.000000Z-1"
126.21712833333333,34.225478333333335,157.6999969482422,"2026-07-31T03:45:02.000Z",40.400001525878906,-34,"440041740-2026-07-26T23:44:44.000000Z-1"
126.22408166666666,34.213611666666665,150.89999389648438,"2026-07-31T03:46:12.000Z",40.79999923706055,-28,"440041740-2026-07-26T23:44:44.000000Z-1"
126.22842666666666,34.20483333333333,163.89999389648438,"2026-07-31T03:47:02.000Z",40.79999923706055,-26,"440041740-2026-07-26T23:44:44.000000Z-1"
126.23175166666667,34.19383,159.5,"2026-07-31T03:48:02.000Z",40.70000076293945,-26,"440041740-2026-07-26T23:44:44.000000Z-1"
126.23846333333333,34.181531666666665,157.39999389648438,"2026-07-31T03:49:14.000Z",40.900001525878906,-27,"440041740-2026-07-26T23:44:44.000000Z-1"
126.284175,34.07414166666667,158.10000610351562,"2026-07-31T03:59:18.000Z",40.5,-46,"440041740-2026-07-26T23:44:44.000000Z-1"
126.288585,34.065731666666665,155.6999969482422,"2026-07-31T04:00:06.000Z",40.29999923706055,-46,"440041740-2026-07-26T23:44:44.000000Z-1"
126.29677333333333,34.05421833333333,151.60000610351562,"2026-07-31T04:01:18.000Z",40.20000076293945,-51,"440041740-2026-07-26T23:44:44.000000Z-1"
126.31747333333334,34.02081833333333,161.1999969482422,"2026-07-31T04:04:40.000Z",40.29999923706055,-38,"440041740-2026-07-26T23:44:44.000000Z-1"
126.32199166666666,34.006135,160.1999969482422,"2026-07-31T04:06:00.000Z",40.599998474121094,-25,"440041740-2026-07-26T23:44:44.000000Z-1"
126.32889833333333,33.992825,159.10000610351562,"2026-07-31T04:07:19.000Z",39.70000076293945,-22,"440041740-2026-07-26T23:44:44.000000Z-1"
126.32947166666666,33.98200833333333,191.39999389648438,"2026-07-31T04:08:16.000Z",40.29999923706055,-24,"440041740-2026-07-26T23:44:44.000000Z-1"
126.32403666666667,33.971111666666665,203.89999389648438,"2026-07-31T04:09:18.000Z",41.400001525878906,-17,"440041740-2026-07-26T23:44:44.000000Z-1"
126.297525,33.96201333333333,306.79998779296875,"2026-07-31T04:19:25.000Z",0,8,"440041740-2026-07-26T23:44:44.000000Z-1"
126.35525833333334,33.94869666666666,144.10000610351562,"2026-07-31T04:36:08.000Z",41.5,-32,"440041740-2026-07-26T23:44:44.000000Z-1"
126.36735333333333,33.933355,149.89999389648438,"2026-07-31T04:37:44.000Z",41.5,-32,"440041740-2026-07-26T23:44:44.000000Z-1"
126.37360166666667,33.91818833333333,166,"2026-07-31T04:39:08.000Z",41,-40,"440041740-2026-07-26T23:44:44.000000Z-1"
126.37637,33.90779666666667,168.60000610351562,"2026-07-31T04:40:04.000Z",41,-43,"440041740-2026-07-26T23:44:44.000000Z-1"
126.38900166666667,33.83685666666667,170.60000610351562,"2026-07-31T04:46:24.000Z",40.900001525878906,-77,"440041740-2026-07-26T23:44:44.000000Z-1"
126.396955,33.818706666666664,153.39999389648438,"2026-07-31T04:48:07.000Z",41.29999923706055,-85,"440041740-2026-07-26T23:44:44.000000Z-1"
126.40858666666666,33.798426666666664,156.8000030517578,"2026-07-31T04:50:02.000Z",41.400001525878906,-96,"440041740-2026-07-26T23:44:44.000000Z-1"
126.46034333333333,33.679225,159.60000610351562,"2026-07-31T05:01:04.000Z",41.099998474121094,-110,"440041740-2026-07-26T23:44:44.000000Z-1"
126.51832,33.575001666666665,151.10000610351562,"2026-07-31T05:11:06.000Z",41.099998474121094,-105,"440041740-2026-07-26T23:44:44.000000Z-1"
126.5373,33.546058333333335,154.6999969482422,"2026-07-31T05:14:00.000Z",34.20000076293945,-77,"440041740-2026-07-26T23:44:44.000000Z-1"
126.542355,33.536651666666664,158.89999389648438,"2026-07-31T05:16:06.000Z",12,-42,"440041740-2026-07-26T23:44:44.000000Z-1"
126.53839333333333,33.52638,207,"2026-07-31T05:19:41.000Z",11.399999618530273,-12,"440041740-2026-07-26T23:44:44.000000Z-1"
126.54455833333333,33.53491833333333,14.100000381469727,"2026-07-31T06:22:10.000Z",21.700000762939453,-12,"440041740-2026-07-26T23:44:44.000000Z-1"
126.53111166666666,33.54714,321.1000061035156,"2026-07-31T06:24:10.000Z",38.70000076293945,-74,"440041740-2026-07-26T23:44:44.000000Z-1"
126.52551833333334,33.55557833333334,337.20001220703125,"2026-07-31T06:25:02.000Z",40.29999923706055,-94,"440041740-2026-07-26T23:44:44.000000Z-1"
126.48887833333333,33.64623666666667,344.1000061035156,"2026-07-31T06:33:30.000Z",40.599998474121094,-118,"440041740-2026-07-26T23:44:44.000000Z-1"
126.48626333333333,33.655818333333336,347.3999938964844,"2026-07-31T06:34:22.000Z",40.70000076293945,-115,"440041740-2026-07-26T23:44:44.000000Z-1"
126.47497666666666,33.690083333333334,348.1000061035156,"2026-07-31T06:37:33.000Z",40.70000076293945,-108,"440041740-2026-07-26T23:44:44.000000Z-1"
126.4528,33.74106666666667,332.1000061035156,"2026-07-31T06:42:22.000Z",39.70000076293945,-101,"440041740-2026-07-26T23:44:44.000000Z-1"
126.43821,33.76908666666667,335.8999938964844,"2026-07-31T06:45:06.000Z",40.099998474121094,-105,"440041740-2026-07-26T23:44:44.000000Z-1"
126.42734833333333,33.783975,321,"2026-07-31T06:46:42.000Z",39.29999923706055,-97,"440041740-2026-07-26T23:44:44.000000Z-1"
126.41731666666666,33.80221,348,"2026-07-31T06:48:32.000Z",40.099998474121094,-92,"440041740-2026-07-26T23:44:44.000000Z-1"
126.40816333333333,33.83218333333333,340.70001220703125,"2026-07-31T06:51:18.000Z",39.900001525878906,-81,"440041740-2026-07-26T23:44:44.000000Z-1"
126.399825,33.853045,344.20001220703125,"2026-07-31T06:53:17.000Z",40.20000076293945,-76,"440041740-2026-07-26T23:44:44.000000Z-1"
126.39088166666667,33.87663833333333,334.6000061035156,"2026-07-31T06:55:30.000Z",39.70000076293945,-68,"440041740-2026-07-26T23:44:44.000000Z-1"
126.384705,33.88707333333333,339.29998779296875,"2026-07-31T06:56:33.000Z",40.099998474121094,-58,"440041740-2026-07-26T23:44:44.000000Z-1"
126.36486333333333,33.934738333333335,338.8999938964844,"2026-07-31T07:01:03.000Z",41.5,-29,"440041740-2026-07-26T23:44:44.000000Z-1"
126.35832,33.94629166666667,335,"2026-07-31T07:02:10.000Z",39.29999923706055,-32,"440041740-2026-07-26T23:44:44.000000Z-1"
126.338935,33.974215,329.3999938964844,"2026-07-31T07:05:11.000Z",39.29999923706055,-31,"440041740-2026-07-26T23:44:44.000000Z-1"
126.33115833333333,33.988285,341.20001220703125,"2026-07-31T07:06:35.000Z",39.599998474121094,-22,"440041740-2026-07-26T23:44:44.000000Z-1"
126.32297666666666,34.008525,343.8999938964844,"2026-07-31T07:08:31.000Z",39.70000076293945,-25,"440041740-2026-07-26T23:44:44.000000Z-1"
126.31532833333333,34.0481,352.1000061035156,"2026-07-31T07:12:05.000Z",40,-55,"440041740-2026-07-26T23:44:44.000000Z-1"
126.31148833333333,34.06251,335.20001220703125,"2026-07-31T07:13:25.000Z",39.599998474121094,-51,"440041740-2026-07-26T23:44:44.000000Z-1"
126.29285833333333,34.088923333333334,335.29998779296875,"2026-07-31T07:16:09.000Z",40.29999923706055,-46,"440041740-2026-07-26T23:44:44.000000Z-1"
126.286725,34.100035,332.29998779296875,"2026-07-31T07:17:15.000Z",40.599998474121094,-47,"440041740-2026-07-26T23:44:44.000000Z-1"
126.27429833333333,34.11694333333333,334.1000061035156,"2026-07-31T07:19:00.000Z",40.5,-49,"440041740-2026-07-26T23:44:44.000000Z-1"
126.25871,34.144263333333335,337.29998779296875,"2026-07-31T07:21:43.000Z",40.099998474121094,-48,"440041740-2026-07-26T23:44:44.000000Z-1"
126.23870833333334,34.189945,339.20001220703125,"2026-07-31T07:26:05.000Z",40.20000076293945,-26,"440041740-2026-07-26T23:44:44.000000Z-1"
126.233285,34.19932,339.5,"2026-07-31T07:27:01.000Z",40.20000076293945,-26,"440041740-2026-07-26T23:44:44.000000Z-1"
126.21398833333333,34.2299,336.29998779296875,"2026-07-31T07:30:05.000Z",40.20000076293945,-37,"440041740-2026-07-26T23:44:44.000000Z-1"
126.202425,34.254268333333336,333.70001220703125,"2026-07-31T07:32:26.000Z",39.70000076293945,-29,"440041740-2026-07-26T23:44:44.000000Z-1"
126.19542333333334,34.26374,330.20001220703125,"2026-07-31T07:33:26.000Z",39,-33,"440041740-2026-07-26T23:44:44.000000Z-1"
126.18223666666667,34.27852333333333,326.1000061035156,"2026-07-31T07:35:11.000Z",38.79999923706055,-48,"440041740-2026-07-26T23:44:44.000000Z-1"
126.16138166666667,34.29231166666667,296.70001220703125,"2026-07-31T07:37:17.000Z",38.20000076293945,-47,"440041740-2026-07-26T23:44:44.000000Z-1"
126.13779166666667,34.30337,302.20001220703125,"2026-07-31T07:39:27.000Z",36,-47,"440041740-2026-07-26T23:44:44.000000Z-1"
126.11157,34.32091666666667,309.1000061035156,"2026-07-31T07:42:13.000Z",36.400001525878906,-36,"440041740-2026-07-26T23:44:44.000000Z-1"
126.09726,34.34032,354.3999938964844,"2026-07-31T07:44:31.000Z",37.70000076293945,-22,"440041740-2026-07-26T23:44:44.000000Z-1"
126.103045,34.357596666666666,24.700000762939453,"2026-07-31T07:46:08.000Z",39.70000076293945,-31,"440041740-2026-07-26T23:44:44.000000Z-1"
126.11103833333334,34.36534833333333,57.20000076293945,"2026-07-31T07:47:05.000Z",40.599998474121094,-18,"440041740-2026-07-26T23:44:44.000000Z-1"
126.12178166666666,34.369928333333334,60.599998474121094,"2026-07-31T07:48:11.000Z",23.600000381469727,-15,"440041740-2026-07-26T23:44:44.000000Z-1"
126.13230833333333,34.376158333333336,58.400001525878906,"2026-07-31T07:51:19.000Z",7.400000095367432,2,"440041740-2026-07-26T23:44:44.000000Z-1"
126.12121333333333,34.36761833333333,209.8000030517578,"2026-07-31T08:52:09.000Z",22.700000762939453,-15,"440041740-2026-07-26T23:44:44.000000Z-1"
126.11846166666666,34.360415,186.8000030517578,"2026-07-31T08:53:04.000Z",34.20000076293945,-16,"440041740-2026-07-26T23:44:44.000000Z-1"
126.17980166666666,34.28225333333334,122.0999984741211,"2026-07-31T09:01:03.000Z",44.20000076293945,-48,"440041740-2026-07-26T23:44:44.000000Z-1"
126.20686833333333,34.25225833333333,155.89999389648438,"2026-07-31T09:04:11.000Z",43.79999923706055,-37,"440041740-2026-07-26T23:44:44.000000Z-1"
126.23462333333333,34.20627833333333,155.10000610351562,"2026-07-31T09:08:28.000Z",42.900001525878906,-29,"440041740-2026-07-26T23:44:44.000000Z-1"
126.26723,34.140456666666665,173.5,"2026-07-31T09:14:26.000Z",42.29999923706055,-45,"440041740-2026-07-26T23:44:44.000000Z-1"
126.26875,34.129443333333334,172.5,"2026-07-31T09:15:24.000Z",42,-50,"440041740-2026-07-26T23:44:44.000000Z-1"
126.27796333333333,34.10016666666667,163.8000030517578,"2026-07-31T09:17:58.000Z",42.099998474121094,-46,"440041740-2026-07-26T23:44:44.000000Z-1"
126.303525,34.04512,152.10000610351562,"2026-07-31T09:23:05.000Z",42.400001525878906,-51,"440041740-2026-07-26T23:44:44.000000Z-1"
126.33220166666666,33.99107333333333,156.8000030517578,"2026-07-31T09:28:05.000Z",42.599998474121094,-22,"440041740-2026-07-26T23:44:44.000000Z-1"
126.33603666666667,33.97955666666667,166.6999969482422,"2026-07-31T09:29:05.000Z",41.599998474121094,-18,"440041740-2026-07-26T23:44:44.000000Z-1"
126.3448,33.96647,155.10000610351562,"2026-07-31T09:30:20.000Z",43.400001525878906,-31,"440041740-2026-07-26T23:44:44.000000Z-1"
126.35617166666667,33.952733333333335,148.8000030517578,"2026-07-31T09:31:45.000Z",43.400001525878906,-32,"440041740-2026-07-26T23:44:44.000000Z-1"
126.363275,33.936906666666665,162,"2026-07-31T09:33:11.000Z",41.400001525878906,-28,"440041740-2026-07-26T23:44:44.000000Z-1"
126.36653833333334,33.926278333333336,164.60000610351562,"2026-07-31T09:34:08.000Z",41.20000076293945,-32,"440041740-2026-07-26T23:44:44.000000Z-1"
126.48501333333333,33.66018833333333,150.89999389648438,"2026-07-31T09:58:26.000Z",41.900001525878906,-115,"440041740-2026-07-26T23:44:44.000000Z-1"
126.49424833333333,33.638663333333334,168.10000610351562,"2026-07-31T10:00:24.000Z",41.70000076293945,-120,"440041740-2026-07-26T23:44:44.000000Z-1"
126.50175166666666,33.606323333333336,163.3000030517578,"2026-07-31T10:03:14.000Z",41.5,-122,"440041740-2026-07-26T23:44:44.000000Z-1"
126.50802,33.589915,158.3000030517578,"2026-07-31T10:04:44.000Z",41.79999923706055,-113,"440041740-2026-07-26T23:44:44.000000Z-1"
126.53799,33.546418333333335,150.1999969482422,"2026-07-31T10:09:06.000Z",33.5,-77,"440041740-2026-07-26T23:44:44.000000Z-1"
126.542745,33.53653166666667,161.6999969482422,"2026-07-31T10:11:26.000Z",11.800000190734863,-42,"440041740-2026-07-26T23:44:44.000000Z-1"
126.53512833333333,33.52079833333333,212.1999969482422,"2026-07-31T10:18:08.000Z",2.5999999046325684,22,"440041740-2026-07-26T23:44:44.000000Z-1"
126.53507,33.52004,124.4000015258789,"2026-07-31T11:29:44.000Z",0,22,"440041740-2026-07-26T23:44:44.000000Z-1"
126.53505166666666,33.520073333333336,348.6000061035156,"2026-07-31T11:34:18.000Z",0.5,22,"440041740-2026-07-26T23:44:44.000000Z-1"
126.53484833333333,33.520356666666665,319.5,"2026-07-31T11:35:12.000Z",3.5,2,"440041740-2026-07-26T23:44:44.000000Z-1"
126.540605,33.529775,28.299999237060547,"2026-07-31T11:39:47.000Z",11.100000381469727,-12,"440041740-2026-07-26T23:44:44.000000Z-1"
126.54112333333333,33.53033833333333,38.400001525878906,"2026-07-31T11:40:01.000Z",10.899999618530273,-12,"440041740-2026-07-26T23:44:44.000000Z-1"
126.54091166666667,33.53953,342.70001220703125,"2026-07-31T11:42:01.000Z",26.799999237060547,-42,"440041740-2026-07-26T23:44:44.000000Z-1"
126.53911166666667,33.54942666666667,354.79998779296875,"2026-07-31T11:43:02.000Z",39.20000076293945,-77,"440041740-2026-07-26T23:44:44.000000Z-1"
126.53946166666667,33.56155666666667,1.2999999523162842,"2026-07-31T11:44:06.000Z",41.20000076293945,-94,"440041740-2026-07-26T23:44:44.000000Z-1"
126.536515,33.58479,349,"2026-07-31T11:46:10.000Z",41.099998474121094,-105,"440041740-2026-07-26T23:44:44.000000Z-1"
126.53302166666667,33.59583166666667,341,"2026-07-31T11:47:10.000Z",40.900001525878906,-117,"440041740-2026-07-26T23:44:44.000000Z-1"
126.49116166666667,33.653905,329.5,"2026-07-31T11:53:06.000Z",41.5,-118,"440041740-2026-07-26T23:44:44.000000Z-1"
126.464975,33.70738,341,"2026-07-31T11:58:09.000Z",41.29999923706055,-108,"440041740-2026-07-26T23:44:44.000000Z-1"
126.46136666666666,33.719435,351.1000061035156,"2026-07-31T11:59:14.000Z",41,-110,"440041740-2026-07-26T23:44:44.000000Z-1"
126.45755833333334,33.72933666666667,338.29998779296875,"2026-07-31T12:00:09.000Z",41.099998474121094,-110,"440041740-2026-07-26T23:44:44.000000Z-1"
126.42136333333333,33.802595,333.5,"2026-07-31T12:07:02.000Z",41.5,-92,"440041740-2026-07-26T23:44:44.000000Z-1"
126.41468333333333,33.813406666666666,332.6000061035156,"2026-07-31T12:08:04.000Z",41.599998474121094,-89,"440041740-2026-07-26T23:44:44.000000Z-1"
126.398285,33.84438333333333,335.20001220703125,"2026-07-31T12:11:00.000Z",41,-79,"440041740-2026-07-26T23:44:44.000000Z-1"
126.377355,33.90012,341.20001220703125,"2026-07-31T12:16:03.000Z",42.29999923706055,-49,"440041740-2026-07-26T23:44:44.000000Z-1"
126.35195666666667,33.95610166666667,340,"2026-07-31T12:21:05.000Z",43.70000076293945,-26,"440041740-2026-07-26T23:44:44.000000Z-1"
126.33291833333334,33.97101,249.5,"2026-07-31T12:23:11.000Z",39,-27,"440041740-2026-07-26T23:44:44.000000Z-1"
126.31751666666666,33.96037833333333,228.5,"2026-07-31T12:24:45.000Z",28.299999237060547,-5,"440041740-2026-07-26T23:44:44.000000Z-1"
126.30628,33.959426666666666,296.20001220703125,"2026-07-31T12:27:00.000Z",12.100000381469727,1,"440041740-2026-07-26T23:44:44.000000Z-1"
126.33062833333334,33.98816166666667,10.399999618530273,"2026-07-31T12:51:19.000Z",42.70000076293945,-22,"440041740-2026-07-26T23:44:44.000000Z-1"
126.31872333333334,34.0179,343.3999938964844,"2026-07-31T12:53:58.000Z",41.599998474121094,-38,"440041740-2026-07-26T23:44:44.000000Z-1"
126.31527,34.030636666666666,348.1000061035156,"2026-07-31T12:55:06.000Z",41.900001525878906,-59,"440041740-2026-07-26T23:44:44.000000Z-1"
126.13333333333334,34.375,175,"2026-07-31T13:58:11.000Z",0,2,"440041740-2026-07-26T23:44:44.000000Z-1"
126.13464833333333,34.37526666666667,175,"2026-07-31T15:10:00.000Z",0,2,"440041740-2026-07-26T23:44:44.000000Z-1"
126.13465833333333,34.37527,175,"2026-07-31T16:21:49.000Z",0,2,"440041740-2026-07-26T23:44:44.000000Z-1"
126.13463333333333,34.37525,175,"2026-07-31T17:32:30.000Z",0,2,"440041740-2026-07-26T23:44:44.000000Z-1"
126.13464,34.37524833333333,175,"2026-07-31T18:42:40.000Z",0,2,"440041740-2026-07-26T23:44:44.000000Z-1"
126.13466,34.37526833333333,175,"2026-07-31T19:53:38.000Z",0,2,"440041740-2026-07-26T23:44:44.000000Z-1"
126.13465,34.375258333333335,175,"2026-07-31T21:04:40.000Z",0,2,"440041740-2026-07-26T23:44:44.000000Z-1"
126.13465333333333,34.375285,175,"2026-07-31T22:15:13.000Z",0,2,"440041740-2026-07-26T23:44:44.000000Z-1"
126.125115,34.37271833333333,245.3000030517578,"2026-07-31T23:30:41.000Z",15.399999618530273,0,"440041740-2026-07-26T23:44:44.000000Z-1"
126.193465,34.28201,152.39999389648438,"2026-07-31T23:41:56.000Z",41.599998474121094,-49,"440041740-2026-07-26T23:44:44.000000Z-1"
126.31573333333333,34.03452333333333,162.3000030517578,"2026-08-01T00:05:30.000Z",34.400001525878906,-59,"440041740-2026-07-26T23:44:44.000000Z-1"
126.32233833333333,34.008523333333336,155.89999389648438,"2026-08-01T00:08:18.000Z",35.5,-25,"440041740-2026-07-26T23:44:44.000000Z-1"
126.31147166666666,33.95825166666667,95.30000305175781,"2026-08-01T00:42:08.000Z",19.799999237060547,1,"440041740-2026-07-26T23:44:44.000000Z-1"
126.32856166666667,33.966475,70.5999984741211,"2026-08-01T00:44:16.000Z",37.70000076293945,-27,"440041740-2026-07-26T23:44:44.000000Z-1"
126.37654166666667,33.92070666666667,151.1999969482422,"2026-08-01T00:50:04.000Z",41.20000076293945,-41,"440041740-2026-07-26T23:44:44.000000Z-1"
126.41864,33.845135,159,"2026-08-01T00:57:16.000Z",41.79999923706055,-76,"440041740-2026-07-26T23:44:44.000000Z-1"
126.54136166666666,33.54044666666667,163.6999969482422,"2026-08-01T01:25:30.000Z",17.600000381469727,-42,"440041740-2026-07-26T23:44:44.000000Z-1"
126.53993666666666,33.52888166666666,208.3000030517578,"2026-08-01T01:29:06.000Z",11.5,-12,"440041740-2026-07-26T23:44:44.000000Z-1"
126.53346333333333,33.520026666666666,198.60000610351562,"2026-08-01T01:53:39.000Z",0,2,"440041740-2026-07-26T23:44:44.000000Z-1"
126.53493833333333,33.521818333333336,31.5,"2026-08-01T02:27:57.000Z",10.199999809265137,2,"440041740-2026-07-26T23:44:44.000000Z-1"
126.53550833333334,33.52259333333333,32.70000076293945,"2026-08-01T02:28:15.000Z",10.300000190734863,22,"440041740-2026-07-26T23:44:44.000000Z-1"
126.54484166666667,33.53542,359.5,"2026-08-01T02:32:50.000Z",19.899999618530273,-42,"440041740-2026-07-26T23:44:44.000000Z-1"
126.539625,33.544291666666666,330.1000061035156,"2026-08-01T02:34:06.000Z",34.29999923706055,-42,"440041740-2026-07-26T23:44:44.000000Z-1"
126.46365666666667,33.64172,326.20001220703125,"2026-08-01T02:44:18.000Z",41.5,-124,"440041740-2026-07-26T23:44:44.000000Z-1"
126.18580333333334,34.268535,322.29998779296875,"2026-08-01T03:41:54.000Z",43.099998474121094,-35,"440041740-2026-07-26T23:44:44.000000Z-1"
126.12573,34.31023166666667,313.3999938964844,"2026-08-01T03:47:14.000Z",44.900001525878906,-41,"440041740-2026-07-26T23:44:44.000000Z-1"
126.13068666666666,34.375155,49,"2026-08-01T03:56:57.000Z",10.399999618530273,2,"440041740-2026-07-26T23:44:44.000000Z-1"
126.11686,34.36130333333333,193,"2026-08-01T05:01:51.000Z",33.599998474121094,-16,"440041740-2026-07-26T23:44:44.000000Z-1"
126.11668833333333,34.35864,180.60000610351562,"2026-08-01T05:02:06.000Z",36.29999923706055,-16,"440041740-2026-07-26T23:44:44.000000Z-1"
126.119055,34.34851,160.5,"2026-08-01T05:03:06.000Z",38.79999923706055,-21,"440041740-2026-07-26T23:44:44.000000Z-1"
126.20145833333333,34.213145,176.3000030517578,"2026-08-01T05:17:08.000Z",41.5,-34,"440041740-2026-07-26T23:44:44.000000Z-1"
126.216885,34.145923333333336,166.60000610351562,"2026-08-01T05:23:00.000Z",41.29999923706055,-41,"440041740-2026-07-26T23:44:44.000000Z-1"
126.26339333333334,33.98908,166.6999969482422,"2026-08-01T05:37:11.000Z",40.29999923706055,-32,"440041740-2026-07-26T23:44:44.000000Z-1"
126.26444833333333,33.971345,189.39999389648438,"2026-08-01T05:38:48.000Z",40.70000076293945,-37,"440041740-2026-07-26T23:44:44.000000Z-1"
126.262975,33.96004,176,"2026-08-01T05:39:50.000Z",40.20000076293945,-34,"440041740-2026-07-26T23:44:44.000000Z-1"
126.29589166666666,33.870248333333336,162.6999969482422,"2026-08-01T05:48:04.000Z",41.099998474121094,-47,"440041740-2026-07-26T23:44:44.000000Z-1"
126.30824,33.850206666666665,154.39999389648438,"2026-08-01T05:50:02.000Z",41.29999923706055,-57,"440041740-2026-07-26T23:44:44.000000Z-1"
126.315515,33.840785,143.1999969482422,"2026-08-01T05:51:00.000Z",41.70000076293945,-58,"440041740-2026-07-26T23:44:44.000000Z-1"
126.323835,33.83143666666667,147.60000610351562,"2026-08-01T05:52:00.000Z",41.900001525878906,-57,"440041740-2026-07-26T23:44:44.000000Z-1"
126.33142833333333,33.82163,151,"2026-08-01T05:53:00.000Z",41.79999923706055,-78,"440041740-2026-07-26T23:44:44.000000Z-1"
126.363335,33.769485,149.8000030517578,"2026-08-01T05:58:02.000Z",42,-122,"440041740-2026-07-26T23:44:44.000000Z-1"
126.537585,33.543393333333334,150.3000030517578,"2026-08-01T06:21:06.000Z",33.400001525878906,-42,"440041740-2026-07-26T23:44:44.000000Z-1"
126.54279333333334,33.53494333333333,159,"2026-08-01T06:23:14.000Z",11.600000381469727,-12,"440041740-2026-07-26T23:44:44.000000Z-1"
126.53755833333334,33.525236666666665,207.8000030517578,"2026-08-01T06:26:37.000Z",11.699999809265137,-12,"440041740-2026-07-26T23:44:44.000000Z-1"
126.53795666666667,33.54018333333333,318.70001220703125,"2026-08-01T07:35:34.000Z",26.899999618530273,-42,"440041740-2026-07-26T23:44:44.000000Z-1"
126.52547333333334,33.554335,329.29998779296875,"2026-08-01T07:37:18.000Z",40.29999923706055,-74,"440041740-2026-07-26T23:44:44.000000Z-1"
126.50252166666667,33.599885,334,"2026-08-01T07:41:42.000Z",40,-118,"440041740-2026-07-26T23:44:44.000000Z-1"
126.36905,33.92331333333333,333.20001220703125,"2026-08-01T08:12:34.000Z",40.20000076293945,-40,"440041740-2026-07-26T23:44:44.000000Z-1"
126.35741,33.944445,335.1000061035156,"2026-08-01T08:14:20.000Z",39.79999923706055,-28,"440041740-2026-07-26T23:44:44.000000Z-1"
126.33668166666666,33.963665,287.70001220703125,"2026-08-01T08:16:50.000Z",37.79999923706055,-12,"440041740-2026-07-26T23:44:44.000000Z-1"
126.31977333333333,33.96044,248.6999969482422,"2026-08-01T08:18:14.000Z",38.29999923706055,-5,"440041740-2026-07-26T23:44:44.000000Z-1"
126.30625333333333,33.959176666666664,302.8999938964844,"2026-08-01T08:20:26.000Z",11.5,1,"440041740-2026-07-26T23:44:44.000000Z-1"
126.317275,33.96067166666667,63.70000076293945,"2026-08-01T08:41:12.000Z",27,-5,"440041740-2026-07-26T23:44:44.000000Z-1"
126.32834166666666,33.968088333333334,37.79999923706055,"2026-08-01T08:42:39.000Z",40.400001525878906,-27,"440041740-2026-07-26T23:44:44.000000Z-1"
126.32926833333333,33.98721833333333,349.70001220703125,"2026-08-01T08:44:04.000Z",41.900001525878906,-22,"440041740-2026-07-26T23:44:44.000000Z-1"
126.31790333333333,34.02256,339.79998779296875,"2026-08-01T08:47:20.000Z",40.099998474121094,-38,"440041740-2026-07-26T23:44:44.000000Z-1"
126.23039333333334,34.20561333333333,340.20001220703125,"2026-08-01T09:05:02.000Z",40.599998474121094,-29,"440041740-2026-07-26T23:44:44.000000Z-1"
126.226325,34.216588333333334,346.29998779296875,"2026-08-01T09:06:02.000Z",40.70000076293945,-34,"440041740-2026-07-26T23:44:44.000000Z-1"
126.22094666666666,34.22688333333333,332.70001220703125,"2026-08-01T09:07:02.000Z",40.099998474121094,-34,"440041740-2026-07-26T23:44:44.000000Z-1"
126.208335,34.24645666666667,334.29998779296875,"2026-08-01T09:09:02.000Z",39.400001525878906,-37,"440041740-2026-07-26T23:44:44.000000Z-1"
126.20285833333334,34.256191666666666,334.1000061035156,"2026-08-01T09:10:02.000Z",38.29999923706055,-33,"440041740-2026-07-26T23:44:44.000000Z-1"
126.1907,34.27193333333334,321.3999938964844,"2026-08-01T09:11:50.000Z",37.599998474121094,-35,"440041740-2026-07-26T23:44:44.000000Z-1"
126.16874166666666,34.285936666666665,303.1000061035156,"2026-08-01T09:14:04.000Z",37.5,-43,"440041740-2026-07-26T23:44:44.000000Z-1"
126.13597,34.30290166666666,305.20001220703125,"2026-08-01T09:17:10.000Z",36.099998474121094,-47,"440041740-2026-07-26T23:44:44.000000Z-1"
126.10493666666666,34.329865,329.79998779296875,"2026-08-01T09:20:54.000Z",36.599998474121094,-39,"440041740-2026-07-26T23:44:44.000000Z-1"
126.09927,34.352738333333335,20.100000381469727,"2026-08-01T09:23:16.000Z",38.70000076293945,-22,"440041740-2026-07-26T23:44:44.000000Z-1"
126.111355,34.366328333333335,47.099998474121094,"2026-08-01T09:24:46.000Z",40.599998474121094,-18,"440041740-2026-07-26T23:44:44.000000Z-1"
126.13017333333333,34.374765,59.900001525878906,"2026-08-01T09:28:21.000Z",9.800000190734863,0,"440041740-2026-07-26T23:44:44.000000Z-1"
126.13462333333334,34.375265,236.6999969482422,"2026-08-01T10:38:22.000Z",0,2,"440041740-2026-07-26T23:44:44.000000Z-1"
126.13464,34.375251666666664,236.6999969482422,"2026-08-01T11:49:12.000Z",0,2,"440041740-2026-07-26T23:44:44.000000Z-1"
126.134645,34.37526166666667,236.6999969482422,"2026-08-01T12:59:33.000Z",0,2,"440041740-2026-07-26T23:44:44.000000Z-1"
126.13464166666667,34.37525333333333,236.6999969482422,"2026-08-01T14:10:24.000Z",0,2,"440041740-2026-07-26T23:44:44.000000Z-1"
126.134635,34.375255,236.6999969482422,"2026-08-01T15:20:54.000Z",0,2,"440041740-2026-07-26T23:44:44.000000Z-1"
126.134655,34.375275,236.6999969482422,"2026-08-01T16:34:54.000Z",0,2,"440041740-2026-07-26T23:44:44.000000Z-1"
126.13333333333334,34.375,236,"2026-08-01T17:49:10.000Z",0,2,"440041740-2026-07-26T23:44:44.000000Z-1"
126.13463666666667,34.375245,236.6999969482422,"2026-08-01T19:23:22.000Z",0,2,"440041740-2026-07-26T23:44:44.000000Z-1"
126.13465833333333,34.375231666666664,236.6999969482422,"2026-08-01T20:33:45.000Z",0,2,"440041740-2026-07-26T23:44:44.000000Z-1"
126.13463166666666,34.375255,236.6999969482422,"2026-08-01T22:07:23.000Z",0,2,"440041740-2026-07-26T23:44:44.000000Z-1"
126.13463833333333,34.37524666666667,236.6999969482422,"2026-08-01T23:23:53.000Z",0,2,"440041740-2026-07-26T23:44:44.000000Z-1"
126.134635,34.37525333333333,236.6999969482422,"2026-08-02T00:38:54.000Z",0,2,"440041740-2026-07-26T23:44:44.000000Z-1"
126.13464333333333,34.37527166666667,236.6999969482422,"2026-08-02T01:49:23.000Z",0,2,"440041740-2026-07-26T23:44:44.000000Z-1"
126.134665,34.375276666666664,22.700000762939453,"2026-08-02T02:35:44.000Z",0.5,2,"440041740-2026-07-26T23:44:44.000000Z-1"
126.13464666666667,34.375365,334,"2026-08-02T02:36:25.000Z",0.4000000059604645,2,"440041740-2026-07-26T23:44:44.000000Z-1"
126.134485,34.37670166666667,309.29998779296875,"2026-08-02T02:38:30.000Z",4.199999809265137,2,"440041740-2026-07-26T23:44:44.000000Z-1"
126.13220833333334,34.375861666666665,226.39999389648438,"2026-08-02T02:39:23.000Z",12.800000190734863,2,"440041740-2026-07-26T23:44:44.000000Z-1"
126.11664833333333,34.36684666666667,237.89999389648438,"2026-08-02T02:42:32.000Z",29.799999237060547,-15,"440041740-2026-07-26T23:44:44.000000Z-1"
126.11814333333334,34.35145,148,"2026-08-02T02:44:17.000Z",36,-21,"440041740-2026-07-26T23:44:44.000000Z-1"
126.127355,34.33804666666666,151.60000610351562,"2026-08-02T02:45:46.000Z",39.400001525878906,-31,"440041740-2026-07-26T23:44:44.000000Z-1"
126.17338,34.28702166666667,127,"2026-08-02T02:51:40.000Z",38.099998474121094,-43,"440041740-2026-07-26T23:44:44.000000Z-1"
126.18612166666666,34.27316,151.8000030517578,"2026-08-02T02:53:20.000Z",38.099998474121094,-35,"440041740-2026-07-26T23:44:44.000000Z-1"
126.193105,34.26430166666667,148.10000610351562,"2026-08-02T02:54:21.000Z",38,-2,"440041740-2026-07-26T23:44:44.000000Z-1"
126.19842166666666,34.241976666666666,184.1999969482422,"2026-08-02T02:56:26.000Z",40.5,-32,"440041740-2026-07-26T23:44:44.000000Z-1"
126.23883166666667,34.122571666666666,160.10000610351562,"2026-08-02T03:07:22.000Z",40.79999923706055,-44,"440041740-2026-07-26T23:44:44.000000Z-1"
126.23891666666667,34.06753,172.39999389648438,"2026-08-02T03:12:14.000Z",41.20000076293945,-40,"440041740-2026-07-26T23:44:44.000000Z-1"
126.338035,33.809398333333334,150.10000610351562,"2026-08-02T03:36:38.000Z",40.70000076293945,-86,"440041740-2026-07-26T23:44:44.000000Z-1"
126.43077666666667,33.681235,150.5,"2026-08-02T03:49:23.000Z",41.79999923706055,-103,"440041740-2026-07-26T23:44:44.000000Z-1"
126.53296833333333,33.562795,133.10000610351562,"2026-08-02T04:02:02.000Z",42,-94,"440041740-2026-07-26T23:44:44.000000Z-1"
126.54039666666667,33.55301333333333,166.8000030517578,"2026-08-02T04:03:02.000Z",41.599998474121094,-77,"440041740-2026-07-26T23:44:44.000000Z-1"
126.54246,33.537168333333334,174.10000610351562,"2026-08-02T04:05:18.000Z",13.399999618530273,-42,"440041740-2026-07-26T23:44:44.000000Z-1"
126.539825,33.528265,203.89999389648438,"2026-08-02T04:08:10.000Z",11.399999618530273,-12,"440041740-2026-07-26T23:44:44.000000Z-1"
126.53343,33.520228333333336,165,"2026-08-02T04:14:16.000Z",0.699999988079071,2,"440041740-2026-07-26T23:44:44.000000Z-1"
126.535215,33.522525,49.79999923706055,"2026-08-02T05:01:46.000Z",9.699999809265137,22,"440041740-2026-07-26T23:44:44.000000Z-1"
126.535215,33.522525,49.70000076293945,"2026-08-02T05:02:07.000Z",9.600000381469727,22,"440041740-2026-07-26T23:44:44.000000Z-1"
126.54168333333334,33.53098333333333,33.599998474121094,"2026-08-02T05:05:13.000Z",10.800000190734863,-12,"440041740-2026-07-26T23:44:44.000000Z-1"
126.54684,33.53912166666667,68,"2026-08-02T05:07:20.000Z",8.899999618530273,-42,"440041740-2026-07-26T23:44:44.000000Z-1"
126.53812,33.544635,331.8999938964844,"2026-08-02T05:12:02.000Z",23.799999237060547,-42,"440041740-2026-07-26T23:44:44.000000Z-1"
126.52156833333333,33.55939,326.5,"2026-08-02T05:14:08.000Z",41.099998474121094,-89,"440041740-2026-07-26T23:44:44.000000Z-1"
126.49908833333333,33.58692,327.1000061035156,"2026-08-02T05:17:02.000Z",41.5,-112,"440041740-2026-07-26T23:44:44.000000Z-1"
126.41648166666667,33.70782666666667,327.20001220703125,"2026-08-02T05:29:02.000Z",41.599998474121094,-97,"440041740-2026-07-26T23:44:44.000000Z-1"
126.36537333333334,33.77654833333333,333.1000061035156,"2026-08-02T05:36:04.000Z",41.400001525878906,-110,"440041740-2026-07-26T23:44:44.000000Z-1"
126.35292166666666,33.79672,329.20001220703125,"2026-08-02T05:38:02.000Z",41.5,-94,"440041740-2026-07-26T23:44:44.000000Z-1"
126.31531666666666,33.84502666666667,334.3999938964844,"2026-08-02T05:43:01.000Z",41.79999923706055,-50,"440041740-2026-07-26T23:44:44.000000Z-1"
126.303455,33.86635166666667,339.1000061035156,"2026-08-02T05:45:00.000Z",42.5,-47,"440041740-2026-07-26T23:44:44.000000Z-1"
126.28231666666667,33.92299833333333,342.20001220703125,"2026-08-02T05:50:00.000Z",43.099998474121094,-36,"440041740-2026-07-26T23:44:44.000000Z-1"
126.27598666666667,33.94641,344.6000061035156,"2026-08-02T05:52:00.000Z",42.79999923706055,-40,"440041740-2026-07-26T23:44:44.000000Z-1"
126.26988166666666,33.957748333333335,340.6000061035156,"2026-08-02T05:53:04.000Z",42,-34,"440041740-2026-07-26T23:44:44.000000Z-1"
126.26786666666666,33.96899666666667,349.3999938964844,"2026-08-02T05:54:00.000Z",43.5,-32,"440041740-2026-07-26T23:44:44.000000Z-1"
126.25421666666666,34.01717166666667,347.6000061035156,"2026-08-02T05:58:08.000Z",43.099998474121094,-52,"440041740-2026-07-26T23:44:44.000000Z-1"
126.24680333333333,34.05582666666667,354.5,"2026-08-02T06:01:28.000Z",42.20000076293945,-41,"440041740-2026-07-26T23:44:44.000000Z-1"
126.24439833333334,34.075246666666665,348.70001220703125,"2026-08-02T06:03:09.000Z",42.099998474121094,-41,"440041740-2026-07-26T23:44:44.000000Z-1"
126.23504666666666,34.11028833333334,343.20001220703125,"2026-08-02T06:06:13.000Z",42,-43,"440041740-2026-07-26T23:44:44.000000Z-1"
126.23129,34.120176666666666,345.1000061035156,"2026-08-02T06:07:06.000Z",42.099998474121094,-43,"440041740-2026-07-26T23:44:44.000000Z-1"
126.22835333333333,34.13083666666667,345.29998779296875,"2026-08-02T06:08:02.000Z",42.099998474121094,-43,"440041740-2026-07-26T23:44:44.000000Z-1"
126.21430833333334,34.165771666666664,343.5,"2026-08-02T06:11:14.000Z",42,-33,"440041740-2026-07-26T23:44:44.000000Z-1"
126.210645,34.177126666666666,344.79998779296875,"2026-08-02T06:12:14.000Z",42.20000076293945,-31,"440041740-2026-07-26T23:44:44.000000Z-1"
126.20812166666667,34.18710333333333,349.3999938964844,"2026-08-02T06:13:04.000Z",42.20000076293945,-29,"440041740-2026-07-26T23:44:44.000000Z-1"
126.20668,34.20029,357.79998779296875,"2026-08-02T06:14:14.000Z",41.900001525878906,-28,"440041740-2026-07-26T23:44:44.000000Z-1"
126.207025,34.22388,0.4000000059604645,"2026-08-02T06:16:14.000Z",42,-35,"440041740-2026-07-26T23:44:44.000000Z-1"
126.20598166666667,34.235315,353.20001220703125,"2026-08-02T06:17:14.000Z",41.70000076293945,-33,"440041740-2026-07-26T23:44:44.000000Z-1"
126.20310166666667,34.24707166666666,341.79998779296875,"2026-08-02T06:18:11.000Z",41.79999923706055,-29,"440041740-2026-07-26T23:44:44.000000Z-1"
126.19786833333333,34.257061666666665,336,"2026-08-02T06:19:11.000Z",41.900001525878906,-33,"440041740-2026-07-26T23:44:44.000000Z-1"
126.18812166666666,34.26972166666667,323.3999938964844,"2026-08-02T06:20:28.000Z",41.70000076293945,-35,"440041740-2026-07-26T23:44:44.000000Z-1"
126.15757,34.288783333333335,307.6000061035156,"2026-08-02T06:23:14.000Z",41.900001525878906,-47,"440041740-2026-07-26T23:44:44.000000Z-1"
126.12124666666666,34.367203333333336,37.400001525878906,"2026-08-02T06:31:01.000Z",27.399999618530273,-15,"440041740-2026-07-26T23:44:44.000000Z-1"
126.12996666666666,34.374363333333335,45.099998474121094,"2026-08-02T06:33:18.000Z",11.199999809265137,0,"440041740-2026-07-26T23:44:44.000000Z-1"
126.118355,34.36493,198.89999389648438,"2026-08-02T07:42:20.000Z",29.5,-16,"440041740-2026-07-26T23:44:44.000000Z-1"
126.14679166666667,34.316685,137.6999969482422,"2026-08-02T07:46:54.000Z",43.900001525878906,-25,"440041740-2026-07-26T23:44:44.000000Z-1"
126.16666333333333,34.29642666666667,142.60000610351562,"2026-08-02T07:49:02.000Z",44.099998474121094,-32,"440041740-2026-07-26T23:44:44.000000Z-1"
126.19505166666667,34.26423166666667,146.8000030517578,"2026-08-02T07:52:18.000Z",43.79999923706055,-33,"440041740-2026-07-26T23:44:44.000000Z-1"
126.318525,34.02182666666667,157.60000610351562,"2026-08-02T08:14:04.000Z",42.900001525878906,-38,"440041740-2026-07-26T23:44:44.000000Z-1"
126.32783666666667,33.99937833333333,160.39999389648438,"2026-08-02T08:16:02.000Z",43.400001525878906,-32,"440041740-2026-07-26T23:44:44.000000Z-1"
126.33125166666666,33.98764833333333,175.3000030517578,"2026-08-02T08:17:02.000Z",43.20000076293945,-22,"440041740-2026-07-26T23:44:44.000000Z-1"
126.328195,33.976531666666666,195,"2026-08-02T08:18:00.000Z",42.20000076293945,-24,"440041740-2026-07-26T23:44:44.000000Z-1"
126.32265833333334,33.9658,206.5,"2026-08-02T08:19:00.000Z",41.79999923706055,-17,"440041740-2026-07-26T23:44:44.000000Z-1"
126.31451166666666,33.959075,243.89999389648438,"2026-08-02T08:20:00.000Z",26.600000381469727,1,"440041740-2026-07-26T23:44:44.000000Z-1"
126.301595,33.96056,273,"2026-08-02T08:23:02.000Z",9.899999618530273,8,"440041740-2026-07-26T23:44:44.000000Z-1"
126.31420833333334,33.959228333333336,82.69999694824219,"2026-08-02T08:41:17.000Z",22.399999618530273,1,"440041740-2026-07-26T23:44:44.000000Z-1"
126.34611166666667,33.957663333333336,136,"2026-08-02T08:44:00.000Z",44.29999923706055,-26,"440041740-2026-07-26T23:44:44.000000Z-1"
126.35308166666667,33.947095,158.10000610351562,"2026-08-02T08:45:00.000Z",42.599998474121094,-21,"440041740-2026-07-26T23:44:44.000000Z-1"
126.42710833333334,33.803465,154,"2026-08-02T08:58:04.000Z",43.79999923706055,-88,"440041740-2026-07-26T23:44:44.000000Z-1"
126.51386333333333,33.648375,155.8000030517578,"2026-08-02T09:12:18.000Z",42.79999923706055,-117,"440041740-2026-07-26T23:44:44.000000Z-1"
126.53525,33.60337333333333,157.8000030517578,"2026-08-02T09:16:22.000Z",42.70000076293945,-118,"440041740-2026-07-26T23:44:44.000000Z-1"
126.55156833333334,33.558218333333336,165.8000030517578,"2026-08-02T09:20:22.000Z",42.599998474121094,-87,"440041740-2026-07-26T23:44:44.000000Z-1"
126.54777333333334,33.54170833333333,202.89999389648438,"2026-08-02T09:22:14.000Z",19.899999618530273,-42,"440041740-2026-07-26T23:44:44.000000Z-1"
126.54228,33.53203,215,"2026-08-02T09:25:18.000Z",11.399999618530273,-12,"440041740-2026-07-26T23:44:44.000000Z-1"
126.53548333333333,33.522126666666665,189.89999389648438,"2026-08-02T09:29:10.000Z",5.599999904632568,22,"440041740-2026-07-26T23:44:44.000000Z-1"
126.54186,33.53504,332.29998779296875,"2026-08-02T10:30:18.000Z",19.100000381469727,-42,"440041740-2026-07-26T23:44:44.000000Z-1"
126.537245,33.54134666666667,326.8999938964844,"2026-08-02T10:31:18.000Z",30.200000762939453,-42,"440041740-2026-07-26T23:44:44.000000Z-1"
126.520645,33.57101,332,"2026-08-02T10:34:16.000Z",41.20000076293945,-96,"440041740-2026-07-26T23:44:44.000000Z-1"
126.47516833333333,33.683908333333335,346.5,"2026-08-02T10:44:48.000Z",40.70000076293945,-112,"440041740-2026-07-26T23:44:44.000000Z-1"
126.46561333333334,33.71962333333333,345.29998779296875,"2026-08-02T10:48:02.000Z",40.70000076293945,-113,"440041740-2026-07-26T23:44:44.000000Z-1"
126.42626833333334,33.815203333333336,338.79998779296875,"2026-08-02T10:57:00.000Z",40.400001525878906,-85,"440041740-2026-07-26T23:44:44.000000Z-1"
126.39014833333333,33.88881833333333,338.70001220703125,"2026-08-02T11:04:02.000Z",40.599998474121094,-56,"440041740-2026-07-26T23:44:44.000000Z-1"
126.38414833333333,33.89850833333333,332.1000061035156,"2026-08-02T11:05:00.000Z",40.900001525878906,-49,"440041740-2026-07-26T23:44:44.000000Z-1"
126.37845,33.909165,331.6000061035156,"2026-08-02T11:06:02.000Z",40.5,-43,"440041740-2026-07-26T23:44:44.000000Z-1"
126.35429333333333,33.947995,333.8999938964844,"2026-08-02T11:09:50.000Z",41.599998474121094,-21,"440041740-2026-07-26T23:44:44.000000Z-1"
126.31959666666667,33.96076166666667,244.60000610351562,"2026-08-02T11:13:14.000Z",37.29999923706055,-5,"440041740-2026-07-26T23:44:44.000000Z-1"
126.308615,33.95817666666667,281.8999938964844,"2026-08-02T11:14:50.000Z",14.199999809265137,1,"440041740-2026-07-26T23:44:44.000000Z-1"
126.29773333333333,33.96138166666667,319,"2026-08-02T11:19:09.000Z",1.2000000476837158,8,"440041740-2026-07-26T23:44:44.000000Z-1"
126.30916666666667,33.95857,108.69999694824219,"2026-08-02T11:34:45.000Z",18.100000381469727,1,"440041740-2026-07-26T23:44:44.000000Z-1"
126.31309666666667,33.95827666666667,82.5999984741211,"2026-08-02T11:35:19.000Z",21.299999237060547,1,"440041740-2026-07-26T23:44:44.000000Z-1"
126.334065,33.981231666666666,355.70001220703125,"2026-08-02T11:38:28.000Z",37.70000076293945,-24,"440041740-2026-07-26T23:44:44.000000Z-1"
126.321135,34.00909333333333,345.70001220703125,"2026-08-02T11:41:10.000Z",40.400001525878906,-25,"440041740-2026-07-26T23:44:44.000000Z-1"
126.31813166666667,34.02003333333333,343.20001220703125,"2026-08-02T11:42:10.000Z",40.099998474121094,-38,"440041740-2026-07-26T23:44:44.000000Z-1"
126.306715,34.04597166666667,336.1000061035156,"2026-08-02T11:44:40.000Z",39.79999923706055,-52,"440041740-2026-07-26T23:44:44.000000Z-1"
126.2571,34.13299166666667,336.20001220703125,"2026-08-02T11:53:16.000Z",40.599998474121094,-49,"440041740-2026-07-26T23:44:44.000000Z-1"
126.23512,34.18438333333334,337.5,"2026-08-02T11:58:04.000Z",41.70000076293945,-27,"440041740-2026-07-26T23:44:44.000000Z-1"
126.15188,34.308435,321.8999938964844,"2026-08-02T12:11:26.000Z",40.400001525878906,-34,"440041740-2026-07-26T23:44:44.000000Z-1"
126.12504,34.34147333333333,321.8999938964844,"2026-08-02T12:15:29.000Z",30.700000762939453,-31,"440041740-2026-07-26T23:44:44.000000Z-1"
126.11358666666666,34.35586166666667,334.6000061035156,"2026-08-02T12:17:21.000Z",35.099998474121094,-31,"440041740-2026-07-26T23:44:44.000000Z-1"
126.11344333333334,34.36537,21.799999237060547,"2026-08-02T12:18:24.000Z",29.100000381469727,-18,"440041740-2026-07-26T23:44:44.000000Z-1"
126.125655,34.37265166666667,60,"2026-08-02T12:21:16.000Z",11.600000381469727,0,"440041740-2026-07-26T23:44:44.000000Z-1"
126.13464833333333,34.375251666666664,221,"2026-08-02T13:31:35.000Z",0,2,"440041740-2026-07-26T23:44:44.000000Z-1"
126.13463666666667,34.37527333333333,221,"2026-08-02T14:42:05.000Z",0,2,"440041740-2026-07-26T23:44:44.000000Z-1"
126.13463,34.375255,221,"2026-08-02T15:52:17.000Z",0,2,"440041740-2026-07-26T23:44:44.000000Z-1"
126.13463666666667,34.37524666666667,221,"2026-08-02T17:03:04.000Z",0,2,"440041740-2026-07-26T23:44:44.000000Z-1"
126.134655,34.37525,221,"2026-08-02T18:19:09.000Z",0,2,"440041740-2026-07-26T23:44:44.000000Z-1"
126.13464,34.37524666666667,221,"2026-08-02T19:38:35.000Z",0,2,"440041740-2026-07-26T23:44:44.000000Z-1"
126.13462333333334,34.375265,221,"2026-08-02T20:52:56.000Z",0,2,"440041740-2026-07-26T23:44:44.000000Z-1"
126.13466,34.37524666666667,221,"2026-08-02T22:05:15.000Z",0,2,"440041740-2026-07-26T23:44:44.000000Z-1"
126.1346,34.37535333333334,316.3999938964844,"2026-08-02T23:00:09.000Z",0.4000000059604645,2,"440041740-2026-07-26T23:44:44.000000Z-1"
126.13488666666667,34.376306666666665,2.799999952316284,"2026-08-02T23:01:39.000Z",4.800000190734863,2,"440041740-2026-07-26T23:44:44.000000Z-1"
126.10797666666667,34.35862,233.39999389648438,"2026-08-02T23:07:27.000Z",40.900001525878906,-31,"440041740-2026-07-26T23:44:44.000000Z-1"
126.12153166666667,34.309023333333336,132.1999969482422,"2026-08-02T23:12:13.000Z",47.70000076293945,-38,"440041740-2026-07-26T23:44:44.000000Z-1"
126.27593,33.89613166666667,170.6999969482422,"2026-08-02T23:49:42.000Z",43.5,-61,"440041740-2026-07-26T23:44:44.000000Z-1"
126.30906833333333,33.840505,141.1999969482422,"2026-08-02T23:54:50.000Z",43.900001525878906,-65,"440041740-2026-07-26T23:44:44.000000Z-1"
126.37847,33.75908666666667,143,"2026-08-03T00:03:10.000Z",42.5,-123,"440041740-2026-07-26T23:44:44.000000Z-1"
126.451825,33.627293333333334,142.5,"2026-08-03T00:15:30.000Z",42.599998474121094,-124,"440041740-2026-07-26T23:44:44.000000Z-1"
126.50619333333333,33.57671,138.1999969482422,"2026-08-03T00:21:14.000Z",42.79999923706055,-106,"440041740-2026-07-26T23:44:44.000000Z-1"
126.531195,33.55072666666667,141.10000610351562,"2026-08-03T00:24:02.000Z",42.5,-74,"440041740-2026-07-26T23:44:44.000000Z-1"
126.54194333333334,33.53713833333333,157.89999389648438,"2026-08-03T00:26:34.000Z",12.100000381469727,-42,"440041740-2026-07-26T23:44:44.000000Z-1"
126.53428666666667,33.52145,212.1999969482422,"2026-08-03T00:32:49.000Z",4.599999904632568,2,"440041740-2026-07-26T23:44:44.000000Z-1"
126.53344333333334,33.52003,224.8000030517578,"2026-08-03T01:43:22.000Z",0,2,"440041740-2026-07-26T23:44:44.000000Z-1"
126.53809166666667,33.52565166666667,31,"2026-08-03T01:58:02.000Z",10.300000190734863,-12,"440041740-2026-07-26T23:44:44.000000Z-1"
126.54265,33.53317,359.5,"2026-08-03T02:00:48.000Z",12.300000190734863,-12,"440041740-2026-07-26T23:44:44.000000Z-1"
126.52926833333333,33.55036833333333,324.29998779296875,"2026-08-03T02:03:26.000Z",40.599998474121094,-74,"440041740-2026-07-26T23:44:44.000000Z-1"
126.52734833333334,33.55276833333333,326.1000061035156,"2026-08-03T02:04:30.000Z",41.5,-74,"440041740-2026-07-26T23:44:44.000000Z-1"
126.49321333333333,33.60241333333333,332.5,"2026-08-03T02:08:32.000Z",42.20000076293945,-121,"440041740-2026-07-26T23:44:44.000000Z-1"
126.46032,33.65424333333333,331.1000061035156,"2026-08-03T02:13:32.000Z",42.400001525878906,-123,"440041740-2026-07-26T23:44:44.000000Z-1"
126.45049166666666,33.667475,328,"2026-08-03T02:14:50.000Z",42.5,-114,"440041740-2026-07-26T23:44:44.000000Z-1"
126.38170166666667,33.748195,328.8999938964844,"2026-08-03T02:23:14.000Z",42.20000076293945,-118,"440041740-2026-07-26T23:44:44.000000Z-1"
126.3609,33.781105,329.5,"2026-08-03T02:26:24.000Z",42.70000076293945,-109,"440041740-2026-07-26T23:44:44.000000Z-1"
126.351065,33.794855,323.79998779296875,"2026-08-03T02:28:01.000Z",42.599998474121094,-94,"440041740-2026-07-26T23:44:44.000000Z-1"
126.30584833333333,33.84186666666667,320.29998779296875,"2026-08-03T02:33:02.000Z",42.70000076293945,-65,"440041740-2026-07-26T23:44:44.000000Z-1"
126.28168333333333,33.89285666666667,353.6000061035156,"2026-08-03T02:37:34.000Z",42,-73,"440041740-2026-07-26T23:44:44.000000Z-1"
126.279995,33.90297833333333,351.5,"2026-08-03T02:38:26.000Z",42.5,-61,"440041740-2026-07-26T23:44:44.000000Z-1"
126.27359833333334,33.92671,345.3999938964844,"2026-08-03T02:40:30.000Z",42.70000076293945,-50,"440041740-2026-07-26T23:44:44.000000Z-1"
126.260935,34.0003,348,"2026-08-03T02:46:46.000Z",42.20000076293945,-41,"440041740-2026-07-26T23:44:44.000000Z-1"
126.24368666666666,34.06061666666667,344.70001220703125,"2026-08-03T02:52:02.000Z",42.400001525878906,-40,"440041740-2026-07-26T23:44:44.000000Z-1"
126.22786666666667,34.136003333333335,345,"2026-08-03T02:58:32.000Z",42.5,-43,"440041740-2026-07-26T23:44:44.000000Z-1"
126.112885,34.37097166666667,90.19999694824219,"2026-08-03T03:22:24.000Z",28.100000381469727,-18,"440041740-2026-07-26T23:44:44.000000Z-1"
126.12635833333333,34.37239,57.900001525878906,"2026-08-03T03:25:08.000Z",8.800000190734863,0,"440041740-2026-07-26T23:44:44.000000Z-1"
126.13077166666666,34.375038333333336,230.10000610351562,"2026-08-03T04:35:32.000Z",13.600000381469727,2,"440041740-2026-07-26T23:44:44.000000Z-1"
126.11708,34.36577,231.5,"2026-08-03T04:38:30.000Z",17.299999237060547,-15,"440041740-2026-07-26T23:44:44.000000Z-1"
126.104425,34.36197,246.39999389648438,"2026-08-03T04:43:31.000Z",22.700000762939453,-31,"440041740-2026-07-26T23:44:44.000000Z-1"
126.097605,34.349585,192.10000610351562,"2026-08-03T04:45:21.000Z",36.599998474121094,-22,"440041740-2026-07-26T23:44:44.000000Z-1"
126.09388,34.329586666666664,160.60000610351562,"2026-08-03T04:47:14.000Z",36,-44,"440041740-2026-07-26T23:44:44.000000Z-1"
126.116385,34.311281666666666,123.5999984741211,"2026-08-03T04:49:46.000Z",37.70000076293945,-38,"440041740-2026-07-26T23:44:44.000000Z-1"
126.139605,34.30152666666667,116.9000015258789,"2026-08-03T04:51:46.000Z",39.29999923706055,-47,"440041740-2026-07-26T23:44:44.000000Z-1"
126.21109,34.24369,160.10000610351562,"2026-08-03T04:59:28.000Z",41.20000076293945,-33,"440041740-2026-07-26T23:44:44.000000Z-1"
126.330255,33.98776333333333,163.6999969482422,"2026-08-03T05:23:33.000Z",39.900001525878906,-22,"440041740-2026-07-26T23:44:44.000000Z-1"
126.33052,33.9761,187.39999389648438,"2026-08-03T05:24:26.000Z",40.599998474121094,-24,"440041740-2026-07-26T23:44:44.000000Z-1"
126.30558,33.95943833333333,302.29998779296875,"2026-08-03T05:28:34.000Z",12.300000190734863,1,"440041740-2026-07-26T23:44:44.000000Z-1"
126.33753833333333,33.965576666666664,87.0999984741211,"2026-08-03T05:51:00.000Z",41.599998474121094,-31,"440041740-2026-07-26T23:44:44.000000Z-1"
126.36336,33.94437166666667,159.1999969482422,"2026-08-03T05:54:04.000Z",41.400001525878906,-28,"440041740-2026-07-26T23:44:44.000000Z-1"
126.48806333333333,33.64264166666667,158.39999389648438,"2026-08-03T06:21:54.000Z",41.099998474121094,-120,"440041740-2026-07-26T23:44:44.000000Z-1"
126.534545,33.55215,159.60000610351562,"2026-08-03T06:30:30.000Z",41.599998474121094,-74,"440041740-2026-07-26T23:44:44.000000Z-1"
126.53822,33.54290666666667,159.10000610351562,"2026-08-03T06:31:30.000Z",25.299999237060547,-42,"440041740-2026-07-26T23:44:44.000000Z-1"
126.54260666666667,33.53290666666667,195.1999969482422,"2026-08-03T06:34:38.000Z",10.600000381469727,-12,"440041740-2026-07-26T23:44:44.000000Z-1"
126.53604166666666,33.523275,221.39999389648438,"2026-08-03T06:38:15.000Z",10.899999618530273,22,"440041740-2026-07-26T23:44:44.000000Z-1"
126.54204,33.53114,41.79999923706055,"2026-08-03T07:44:16.000Z",10.399999618530273,-12,"440041740-2026-07-26T23:44:44.000000Z-1"
126.53170833333333,33.54651333333333,320.20001220703125,"2026-08-03T07:47:10.000Z",39.099998474121094,-74,"440041740-2026-07-26T23:44:44.000000Z-1"
126.52382666666666,33.55412333333334,318.20001220703125,"2026-08-03T07:48:02.000Z",42.5,-69,"440041740-2026-07-26T23:44:44.000000Z-1"
126.51408333333333,33.56380166666667,322.1000061035156,"2026-08-03T07:49:06.000Z",42.70000076293945,-88,"440041740-2026-07-26T23:44:44.000000Z-1"
126.49347666666667,33.595983333333336,339.1000061035156,"2026-08-03T07:52:14.000Z",42.400001525878906,-121,"440041740-2026-07-26T23:44:44.000000Z-1"
126.48945,33.60480666666667,344.70001220703125,"2026-08-03T07:53:02.000Z",42.20000076293945,-121,"440041740-2026-07-26T23:44:44.000000Z-1"
126.46943333333333,33.67676,343.8999938964844,"2026-08-03T07:59:18.000Z",42.29999923706055,-111,"440041740-2026-07-26T23:44:44.000000Z-1"
126.44355166666666,33.741263333333336,339,"2026-08-03T08:05:02.000Z",42.599998474121094,-90,"440041740-2026-07-26T23:44:44.000000Z-1"
126.42104166666667,33.784283333333335,337.3999938964844,"2026-08-03T08:09:02.000Z",42.5,-96,"440041740-2026-07-26T23:44:44.000000Z-1"
126.41031166666667,33.80885333333333,342.29998779296875,"2026-08-03T08:11:14.000Z",42.29999923706055,-89,"440041740-2026-07-26T23:44:44.000000Z-1"
126.34875666666667,33.95845166666667,344,"2026-08-03T08:24:44.000Z",40.099998474121094,-26,"440041740-2026-07-26T23:44:44.000000Z-1"
126.33717833333333,33.96384,278,"2026-08-03T08:25:50.000Z",39,-12,"440041740-2026-07-26T23:44:44.000000Z-1"
126.31555166666666,33.959325,242.89999389648438,"2026-08-03T08:27:36.000Z",34.29999923706055,-5,"440041740-2026-07-26T23:44:44.000000Z-1"
126.29903833333333,33.96109166666667,284.8999938964844,"2026-08-03T08:31:40.000Z",7.300000190734863,8,"440041740-2026-07-26T23:44:44.000000Z-1"
126.31767166666667,33.96029166666667,68.4000015258789,"2026-08-03T08:51:58.000Z",27.5,-5,"440041740-2026-07-26T23:44:44.000000Z-1"
126.3212,33.96201833333333,56.099998474121094,"2026-08-03T08:52:22.000Z",33.70000076293945,-5,"440041740-2026-07-26T23:44:44.000000Z-1"
126.33078166666667,33.986351666666664,351.5,"2026-08-03T08:54:50.000Z",41.400001525878906,-22,"440041740-2026-07-26T23:44:44.000000Z-1"
126.32729333333333,33.996515,341.79998779296875,"2026-08-03T08:55:46.000Z",40.599998474121094,-32,"440041740-2026-07-26T23:44:44.000000Z-1"
126.31834666666667,34.02112,341,"2026-08-03T08:58:02.000Z",40.900001525878906,-38,"440041740-2026-07-26T23:44:44.000000Z-1"
126.31223,34.03386666666667,340.79998779296875,"2026-08-03T08:59:14.000Z",41.099998474121094,-55,"440041740-2026-07-26T23:44:44.000000Z-1"
126.30694333333334,34.047105,339.5,"2026-08-03T09:00:30.000Z",41.099998474121094,-52,"440041740-2026-07-26T23:44:44.000000Z-1"
126.29748,34.063215,331,"2026-08-03T09:02:02.000Z",41.099998474121094,-49,"440041740-2026-07-26T23:44:44.000000Z-1"
126.217635,34.22141166666667,333.3999938964844,"2026-08-03T09:17:06.000Z",41.20000076293945,-32,"440041740-2026-07-26T23:44:44.000000Z-1"
126.12356,34.345868333333335,330.1000061035156,"2026-08-03T09:30:32.000Z",37,-21,"440041740-2026-07-26T23:44:44.000000Z-1"
126.11574666666667,34.36466166666667,17.399999618530273,"2026-08-03T09:32:33.000Z",33.70000076293945,-16,"440041740-2026-07-26T23:44:44.000000Z-1"
126.12994,34.37489,48.79999923706055,"2026-08-03T09:36:25.000Z",10.100000381469727,0,"440041740-2026-07-26T23:44:44.000000Z-1"
126.13462166666666,34.375245,214.39999389648438,"2026-08-03T10:47:00.000Z",0,2,"440041740-2026-07-26T23:44:44.000000Z-1"
126.13462833333334,34.375265,214.39999389648438,"2026-08-03T11:57:19.000Z",0,2,"440041740-2026-07-26T23:44:44.000000Z-1"
126.13463166666666,34.375258333333335,214.39999389648438,"2026-08-03T13:07:40.000Z",0,2,"440041740-2026-07-26T23:44:44.000000Z-1"
126.13463833333333,34.375256666666665,214.39999389648438,"2026-08-03T14:18:08.000Z",0,2,"440041740-2026-07-26T23:44:44.000000Z-1"
126.13463,34.375263333333336,214.39999389648438,"2026-08-03T15:29:18.000Z",0,2,"440041740-2026-07-26T23:44:44.000000Z-1"
126.134625,34.37525333333333,214.39999389648438,"2026-08-03T16:40:28.000Z",0,2,"440041740-2026-07-26T23:44:44.000000Z-1"
126.13462833333334,34.37524833333333,214.39999389648438,"2026-08-03T17:50:38.000Z",0,2,"440041740-2026-07-26T23:44:44.000000Z-1"
126.13463833333333,34.37524333333333,214.39999389648438,"2026-08-03T19:02:18.000Z",0,2,"440041740-2026-07-26T23:44:44.000000Z-1"
126.13464,34.37524666666667,214.39999389648438,"2026-08-03T20:12:48.000Z",0,2,"440041740-2026-07-26T23:44:44.000000Z-1"
126.13462166666666,34.37524666666667,214.39999389648438,"2026-08-03T21:26:08.000Z",0,2,"440041740-2026-07-26T23:44:44.000000Z-1"
126.134625,34.375245,214.39999389648438,"2026-08-03T22:36:19.000Z",0,2,"440041740-2026-07-26T23:44:44.000000Z-1"
126.13464333333333,34.375301666666665,351.79998779296875,"2026-08-03T22:54:30.000Z",0.4000000059604645,2,"440041740-2026-07-26T23:44:44.000000Z-1"
126.13460833333333,34.37536166666667,331,"2026-08-03T22:55:01.000Z",0.4000000059604645,2,"440041740-2026-07-26T23:44:44.000000Z-1"
126.13492833333333,34.37611166666667,21.200000762939453,"2026-08-03T22:56:22.000Z",4.900000095367432,2,"440041740-2026-07-26T23:44:44.000000Z-1"
126.13251666666666,34.37624666666667,242.1999969482422,"2026-08-03T22:57:45.000Z",12.5,2,"440041740-2026-07-26T23:44:44.000000Z-1"
126.12297666666667,34.369996666666665,229.10000610351562,"2026-08-03T23:00:17.000Z",20.5,-15,"440041740-2026-07-26T23:44:44.000000Z-1"
126.29119166666666,34.084871666666665,159.1999969482422,"2026-08-03T23:27:44.000Z",42.099998474121094,-46,"440041740-2026-07-26T23:44:44.000000Z-1"
126.33381666666666,33.982546666666664,173.89999389648438,"2026-08-03T23:37:04.000Z",42.29999923706055,-24,"440041740-2026-07-26T23:44:44.000000Z-1"
126.33104833333333,33.970886666666665,197.89999389648438,"2026-08-03T23:38:04.000Z",42.20000076293945,-27,"440041740-2026-07-26T23:44:44.000000Z-1"
126.32204166666666,33.960475,234.10000610351562,"2026-08-03T23:39:12.000Z",40,-5,"440041740-2026-07-26T23:44:44.000000Z-1"
126.30801166666667,33.95863833333333,279.70001220703125,"2026-08-03T23:41:02.000Z",15.300000190734863,1,"440041740-2026-07-26T23:44:44.000000Z-1"
126.297625,33.96189666666667,0.5,"2026-08-03T23:47:13.000Z",0.699999988079071,8,"440041740-2026-07-26T23:44:44.000000Z-1"
126.29790166666666,33.96173666666667,125.9000015258789,"2026-08-04T00:01:10.000Z",3.5999999046325684,8,"440041740-2026-07-26T23:44:44.000000Z-1"
126.30134833333334,33.96062833333333,94.5999984741211,"2026-08-04T00:02:15.000Z",13.100000381469727,8,"440041740-2026-07-26T23:44:44.000000Z-1"
126.31726,33.95950333333333,72.69999694824219,"2026-08-04T00:05:00.000Z",24.700000762939453,-5,"440041740-2026-07-26T23:44:44.000000Z-1"
126.32795833333333,33.962995,77.80000305175781,"2026-08-04T00:06:06.000Z",37.20000076293945,-7,"440041740-2026-07-26T23:44:44.000000Z-1"
126.34146,33.96178166666667,107,"2026-08-04T00:07:06.000Z",42.29999923706055,-12,"440041740-2026-07-26T23:44:44.000000Z-1"
126.36415,33.94470333333334,149.5,"2026-08-04T00:09:22.000Z",41.20000076293945,-28,"440041740-2026-07-26T23:44:44.000000Z-1"
126.3791,33.913048333333336,151.39999389648438,"2026-08-04T00:12:17.000Z",40.70000076293945,-43,"440041740-2026-07-26T23:44:44.000000Z-1"
126.38955333333334,33.89588,151.6999969482422,"2026-08-04T00:14:00.000Z",40.70000076293945,-46,"440041740-2026-07-26T23:44:44.000000Z-1"
126.409055,33.86572666666667,154.10000610351562,"2026-08-04T00:17:04.000Z",39.70000076293945,-70,"440041740-2026-07-26T23:44:44.000000Z-1"
126.43258833333333,33.82664,150.39999389648438,"2026-08-04T00:21:02.000Z",40,-76,"440041740-2026-07-26T23:44:44.000000Z-1"
126.43997833333333,33.81677,149.1999969482422,"2026-08-04T00:22:04.000Z",39.900001525878906,-87,"440041740-2026-07-26T23:44:44.000000Z-1"
126.48360166666667,33.749496666666666,148.3000030517578,"2026-08-04T00:28:58.000Z",40.5,-112,"440041740-2026-07-26T23:44:44.000000Z-1"
126.51908166666666,33.703203333333335,169.10000610351562,"2026-08-04T00:33:54.000Z",39.70000076293945,-105,"440041740-2026-07-26T23:44:44.000000Z-1"
126.52126166666666,33.65768166666667,174,"2026-08-04T00:38:22.000Z",35.79999923706055,-120,"440041740-2026-07-26T23:44:44.000000Z-1"
126.5263,33.64002333333333,162.8000030517578,"2026-08-04T00:40:10.000Z",35.70000076293945,-124,"440041740-2026-07-26T23:44:44.000000Z-1"
126.53466666666667,33.616975,160.6999969482422,"2026-08-04T00:42:34.000Z",36.29999923706055,-123,"440041740-2026-07-26T23:44:44.000000Z-1"
126.53798333333333,33.60249,175.10000610351562,"2026-08-04T00:44:02.000Z",36.20000076293945,-118,"440041740-2026-07-26T23:44:44.000000Z-1"
126.53938833333333,33.59186833333333,172.8000030517578,"2026-08-04T00:45:06.000Z",36,-111,"440041740-2026-07-26T23:44:44.000000Z-1"
126.54172166666666,33.58083,167.10000610351562,"2026-08-04T00:46:14.000Z",36.099998474121094,-105,"440041740-2026-07-26T23:44:44.000000Z-1"
126.54540833333333,33.567785,167.1999969482422,"2026-08-04T00:47:34.000Z",36.20000076293945,-100,"440041740-2026-07-26T23:44:44.000000Z-1"
126.54673833333334,33.54941,183,"2026-08-04T00:49:22.000Z",36.400001525878906,-70,"440041740-2026-07-26T23:44:44.000000Z-1"
126.545695,33.538175,177.39999389648438,"2026-08-04T00:51:14.000Z",12.399999618530273,-42,"440041740-2026-07-26T23:44:44.000000Z-1"
126.54084,33.53001833333333,210.5,"2026-08-04T00:54:10.000Z",11.399999618530273,-12,"440041740-2026-07-26T23:44:44.000000Z-1"
126.53333333333333,33.52,60,"2026-08-04T01:58:12.000Z",0,2,"440041740-2026-07-26T23:44:44.000000Z-1"
126.53350333333333,33.52020666666667,12.800000190734863,"2026-08-04T01:59:08.000Z",1.100000023841858,2,"440041740-2026-07-26T23:44:44.000000Z-1"
126.54290833333333,33.53212333333333,35.70000076293945,"2026-08-04T02:04:08.000Z",11.800000190734863,-12,"440041740-2026-07-26T23:44:44.000000Z-1"
126.55413166666666,33.55885333333333,21.399999618530273,"2026-08-04T02:07:14.000Z",40.400001525878906,-87,"440041740-2026-07-26T23:44:44.000000Z-1"
126.558805,33.56845,23.700000762939453,"2026-08-04T02:08:10.000Z",40.599998474121094,-98,"440041740-2026-07-26T23:44:44.000000Z-1"
126.56454166666667,33.577868333333335,28.5,"2026-08-04T02:09:06.000Z",40.599998474121094,-113,"440041740-2026-07-26T23:44:44.000000Z-1"
126.583695,33.605358333333335,27.5,"2026-08-04T02:12:06.000Z",36,-125,"440041740-2026-07-26T23:44:44.000000Z-1"
126.58784166666666,33.613751666666666,19.700000762939453,"2026-08-04T02:13:00.000Z",36.29999923706055,-128,"440041740-2026-07-26T23:44:44.000000Z-1"
126.57751,33.63035333333333,313.29998779296875,"2026-08-04T02:15:00.000Z",37.20000076293945,-125,"440041740-2026-07-26T23:44:44.000000Z-1"
126.458785,33.727725,320,"2026-08-04T02:29:10.000Z",37,-110,"440041740-2026-07-26T23:44:44.000000Z-1"
126.43673666666666,33.750315,319.1000061035156,"2026-08-04T02:33:02.000Z",21.5,-100,"440041740-2026-07-26T23:44:44.000000Z-1"
126.38352333333333,33.798496666666665,318.1000061035156,"2026-08-04T02:44:06.000Z",21.5,-88,"440041740-2026-07-26T23:44:44.000000Z-1"
126.3544,33.81637166666667,303.3999938964844,"2026-08-04T02:49:13.000Z",21,-79,"440041740-2026-07-26T23:44:44.000000Z-1"
126.30186333333333,33.85499333333333,315.6000061035156,"2026-08-04T02:59:13.000Z",21.100000381469727,-57,"440041740-2026-07-26T23:44:44.000000Z-1"
126.290965,33.86406,320.79998779296875,"2026-08-04T03:01:21.000Z",21.100000381469727,-40,"440041740-2026-07-26T23:44:44.000000Z-1"
126.281055,33.879005,333.5,"2026-08-04T03:04:21.000Z",21,-68,"440041740-2026-07-26T23:44:44.000000Z-1"
126.21205333333333,34.190083333333334,345.79998779296875,"2026-08-04T03:34:29.000Z",42.5,-29,"440041740-2026-07-26T23:44:44.000000Z-1"
126.13333333333334,34.375,185,"2026-08-04T04:46:14.000Z",0,2,"440041740-2026-07-26T23:44:44.000000Z-1"
126.13533166666667,34.32498,138.39999389648438,"2026-08-04T05:03:28.000Z",38.599998474121094,-26,"440041740-2026-07-26T23:44:44.000000Z-1"
126.14130833333333,34.32026333333334,132.60000610351562,"2026-08-04T05:04:06.000Z",38.900001525878906,-26,"440041740-2026-07-26T23:44:44.000000Z-1"
126.34666666666666,33.803333333333335,149,"2026-08-04T06:04:20.000Z",19,-94,"440041740-2026-07-26T23:44:44.000000Z-1"
126.54256166666667,33.56649,137.60000610351562,"2026-08-04T06:51:50.000Z",40.400001525878906,-101,"440041740-2026-07-26T23:44:44.000000Z-1"
126.54651333333334,33.551141666666666,186.6999969482422,"2026-08-04T06:53:14.000Z",41.29999923706055,-70,"440041740-2026-07-26T23:44:44.000000Z-1"
126.54503,33.541668333333334,177.6999969482422,"2026-08-04T06:54:18.000Z",21.399999618530273,-42,"440041740-2026-07-26T23:44:44.000000Z-1"
126.54221166666666,33.53199333333333,211.1999969482422,"2026-08-04T06:57:02.000Z",11.899999618530273,-12,"440041740-2026-07-26T23:44:44.000000Z-1"
126.536495,33.52350833333333,224.3000030517578,"2026-08-04T07:00:08.000Z",11,22,"440041740-2026-07-26T23:44:44.000000Z-1"
126.54793833333333,33.538621666666664,22.100000381469727,"2026-08-04T07:58:41.000Z",23.600000381469727,-42,"440041740-2026-07-26T23:44:44.000000Z-1"
126.551025,33.54888666666667,17.799999237060547,"2026-08-04T08:00:02.000Z",32.29999923706055,-70,"440041740-2026-07-26T23:44:44.000000Z-1"
126.550025,33.558575,331.79998779296875,"2026-08-04T08:01:06.000Z",34.400001525878906,-87,"440041740-2026-07-26T23:44:44.000000Z-1"
126.54352666666666,33.56679666666667,326.5,"2026-08-04T08:02:06.000Z",35.599998474121094,-101,"440041740-2026-07-26T23:44:44.000000Z-1"
126.50328666666667,33.641255,330.79998779296875,"2026-08-04T08:10:10.000Z",36.599998474121094,-119,"440041740-2026-07-26T23:44:44.000000Z-1"
126.47321,33.67456,326.1000061035156,"2026-08-04T08:14:18.000Z",37.29999923706055,-114,"440041740-2026-07-26T23:44:44.000000Z-1"
126.42940333333334,33.73609,325,"2026-08-04T08:21:24.000Z",34.79999923706055,-91,"440041740-2026-07-26T23:44:44.000000Z-1"
126.30517,34.04693666666667,340.1000061035156,"2026-08-04T09:32:22.000Z",39.70000076293945,-52,"440041740-2026-07-26T23:44:44.000000Z-1"
126.26617666666667,34.130941666666665,341.5,"2026-08-04T09:40:34.000Z",39.400001525878906,-50,"440041740-2026-07-26T23:44:44.000000Z-1"
126.12461833333333,34.343585,330.5,"2026-08-04T10:03:30.000Z",36.20000076293945,-29,"440041740-2026-07-26T23:44:44.000000Z-1"
126.11239333333333,34.36267333333333,354.6000061035156,"2026-08-04T10:05:41.000Z",34.70000076293945,-31,"440041740-2026-07-26T23:44:44.000000Z-1"
126.13244,34.376133333333335,67.30000305175781,"2026-08-04T10:12:05.000Z",6.699999809265137,2,"440041740-2026-07-26T23:44:44.000000Z-1"
126.134635,34.37526666666667,176.1999969482422,"2026-08-04T11:23:26.000Z",0,2,"440041740-2026-07-26T23:44:44.000000Z-1"
126.13464833333333,34.37529,176.1999969482422,"2026-08-04T12:34:46.000Z",0,2,"440041740-2026-07-26T23:44:44.000000Z-1"
126.13333333333334,34.375,176,"2026-08-04T14:28:13.000Z",0,2,"440041740-2026-07-26T23:44:44.000000Z-1"
126.13333333333334,34.375,176,"2026-08-04T16:19:14.000Z",0,2,"440041740-2026-07-26T23:44:44.000000Z-1"
126.134645,34.375231666666664,176.10000610351562,"2026-08-04T17:38:28.000Z",0,2,"440041740-2026-07-26T23:44:44.000000Z-1"
126.13464666666667,34.37524166666667,176.10000610351562,"2026-08-04T18:53:34.000Z",0,2,"440041740-2026-07-26T23:44:44.000000Z-1"
126.13465166666667,34.37524333333333,176.10000610351562,"2026-08-04T20:08:41.000Z",0,2,"440041740-2026-07-26T23:44:44.000000Z-1"
126.134635,34.375236666666666,176.1999969482422,"2026-08-04T21:19:15.000Z",0,2,"440041740-2026-07-26T23:44:44.000000Z-1"
126.13465166666667,34.375263333333336,176.1999969482422,"2026-08-04T22:29:35.000Z",0,2,"440041740-2026-07-26T23:44:44.000000Z-1"
126.13465833333333,34.375295,14.300000190734863,"2026-08-04T22:53:38.000Z",0.30000001192092896,2,"440041740-2026-07-26T23:44:44.000000Z-1"
126.13461166666667,34.375341666666664,322.1000061035156,"2026-08-04T22:54:09.000Z",0.5,2,"440041740-2026-07-26T23:44:44.000000Z-1"
126.134665,34.37556166666667,23.5,"2026-08-04T22:55:05.000Z",2.5,2,"440041740-2026-07-26T23:44:44.000000Z-1"
126.12565833333333,34.371748333333336,232.60000610351562,"2026-08-04T22:58:56.000Z",15.600000381469727,0,"440041740-2026-07-26T23:44:44.000000Z-1"
126.11215,34.3663,196.8000030517578,"2026-08-04T23:01:16.000Z",8.199999809265137,-18,"440041740-2026-07-26T23:44:44.000000Z-1"
126.11871833333333,34.349626666666666,148,"2026-08-04T23:07:36.000Z",34.29999923706055,-21,"440041740-2026-07-26T23:44:44.000000Z-1"
126.175235,34.29217666666667,131.10000610351562,"2026-08-04T23:13:57.000Z",44.20000076293945,-38,"440041740-2026-07-26T23:44:44.000000Z-1"
126.22124166666667,34.246205,158.3000030517578,"2026-08-04T23:18:58.000Z",42.20000076293945,-43,"440041740-2026-07-26T23:44:44.000000Z-1"
126.23868,34.19038166666667,158.10000610351562,"2026-08-04T23:23:58.000Z",42.20000076293945,-26,"440041740-2026-07-26T23:44:44.000000Z-1"
126.28123166666667,34.112383333333334,158.39999389648438,"2026-08-04T23:31:10.000Z",41.29999923706055,-48,"440041740-2026-07-26T23:44:44.000000Z-1"
126.33461,33.972515,194.5,"2026-08-04T23:44:00.000Z",40,-27,"440041740-2026-07-26T23:44:44.000000Z-1"
126.301815,33.96058,269.1000061035156,"2026-08-04T23:49:00.000Z",9.5,8,"440041740-2026-07-26T23:44:44.000000Z-1"
126.36124,33.95341833333333,127.4000015258789,"2026-08-05T00:19:03.000Z",42.20000076293945,-32,"440041740-2026-07-26T23:44:44.000000Z-1"
126.450065,33.79237333333333,162.5,"2026-08-05T00:34:40.000Z",40.29999923706055,-90,"440041740-2026-07-26T23:44:44.000000Z-1"
126.513365,33.644693333333336,159.8000030517578,"2026-08-05T00:49:06.000Z",40.5,-120,"440041740-2026-07-26T23:44:44.000000Z-1"
126.549575,33.59557,140.60000610351562,"2026-08-05T00:54:06.000Z",39.5,-119,"440041740-2026-07-26T23:44:44.000000Z-1"
126.55808666666667,33.577126666666665,187.1999969482422,"2026-08-05T00:55:46.000Z",39.70000076293945,-113,"440041740-2026-07-26T23:44:44.000000Z-1"
126.55496,33.56025833333333,189.60000610351562,"2026-08-05T00:57:18.000Z",39.900001525878906,-87,"440041740-2026-07-26T23:44:44.000000Z-1"
126.55085333333334,33.547443333333334,197.89999389648438,"2026-08-05T00:58:30.000Z",36,-70,"440041740-2026-07-26T23:44:44.000000Z-1"
126.54532,33.53573,200.6999969482422,"2026-08-05T01:01:02.000Z",11,-42,"440041740-2026-07-26T23:44:44.000000Z-1"
126.53686833333333,33.52377,219.8000030517578,"2026-08-05T01:05:34.000Z",10.699999809265137,22,"440041740-2026-07-26T23:44:44.000000Z-1"
126.54822333333334,33.53955,33.099998474121094,"2026-08-05T02:16:42.000Z",26,-42,"440041740-2026-07-26T23:44:44.000000Z-1"
126.54626333333333,33.55103,323.1000061035156,"2026-08-05T02:21:46.000Z",21.299999237060547,-70,"440041740-2026-07-26T23:44:44.000000Z-1"
126.528885,33.56498833333333,317.8999938964844,"2026-08-05T02:24:02.000Z",39.099998474121094,-94,"440041740-2026-07-26T23:44:44.000000Z-1"
126.50933166666667,33.582465,313.79998779296875,"2026-08-05T02:26:14.000Z",37.5,-106,"440041740-2026-07-26T23:44:44.000000Z-1"
126.49385333333333,33.59838833333333,325.8999938964844,"2026-08-05T02:28:18.000Z",35,-121,"440041740-2026-07-26T23:44:44.000000Z-1"
126.36793666666667,33.776356666666665,329.20001220703125,"2026-08-05T02:49:17.000Z",35.20000076293945,-110,"440041740-2026-07-26T23:44:44.000000Z-1"
126.33405,33.81730833333334,330.20001220703125,"2026-08-05T02:54:16.000Z",35.5,-78,"440041740-2026-07-26T23:44:44.000000Z-1"
126.288195,33.89610666666667,342.8999938964844,"2026-08-05T03:03:22.000Z",34.79999923706055,-58,"440041740-2026-07-26T23:44:44.000000Z-1"
126.272545,33.942773333333335,348.5,"2026-08-05T03:08:08.000Z",40.70000076293945,-49,"440041740-2026-07-26T23:44:44.000000Z-1"
126.24786333333333,34.057615,354.3999938964844,"2026-08-05T03:18:20.000Z",41.5,-41,"440041740-2026-07-26T23:44:44.000000Z-1"
126.20143833333333,34.224176666666665,347,"2026-08-05T03:33:24.000Z",41.5,-36,"440041740-2026-07-26T23:44:44.000000Z-1"
126.17891166666666,34.27776333333333,326.6000061035156,"2026-08-05T03:38:22.000Z",40.599998474121094,-48,"440041740-2026-07-26T23:44:44.000000Z-1"
126.15383166666666,34.303985,324.1000061035156,"2026-08-05T03:41:18.000Z",42.099998474121094,-40,"440041740-2026-07-26T23:44:44.000000Z-1"
126.113415,34.36758833333333,36.29999923706055,"2026-08-05T03:47:40.000Z",28.700000762939453,-18,"440041740-2026-07-26T23:44:44.000000Z-1"
126.12711666666667,34.37225,47.70000076293945,"2026-08-05T03:50:02.000Z",14.399999618530273,0,"440041740-2026-07-26T23:44:44.000000Z-1"
126.11667833333334,34.363375,195,"2026-08-05T04:54:16.000Z",28.299999237060547,-16,"440041740-2026-07-26T23:44:44.000000Z-1"
126.11801166666666,34.351085,157.60000610351562,"2026-08-05T04:55:38.000Z",34.099998474121094,-21,"440041740-2026-07-26T23:44:44.000000Z-1"
126.14402166666666,34.318268333333336,147.3000030517578,"2026-08-05T04:59:20.000Z",38.70000076293945,-26,"440041740-2026-07-26T23:44:44.000000Z-1"
126.15625666666666,34.304883333333336,135.8000030517578,"2026-08-05T05:00:57.000Z",38.70000076293945,-34,"440041740-2026-07-26T23:44:44.000000Z-1"
126.16792666666667,34.29687,125.80000305175781,"2026-08-05T05:02:06.000Z",38.599998474121094,-32,"440041740-2026-07-26T23:44:44.000000Z-1"
126.18020166666666,34.28939666666667,127.19999694824219,"2026-08-05T05:03:16.000Z",38.20000076293945,-38,"440041740-2026-07-26T23:44:44.000000Z-1"
126.20085666666667,34.26858333333333,152.6999969482422,"2026-08-05T05:05:49.000Z",38.79999923706055,-38,"440041740-2026-07-26T23:44:44.000000Z-1"
126.21759833333333,34.24419666666667,161.5,"2026-08-05T05:08:22.000Z",39.900001525878906,-36,"440041740-2026-07-26T23:44:44.000000Z-1"
126.24414166666666,34.168126666666666,158.8000030517578,"2026-08-05T05:15:28.000Z",40.5,-30,"440041740-2026-07-26T23:44:44.000000Z-1"
126.258055,34.137586666666664,157.8000030517578,"2026-08-05T05:18:24.000Z",39.599998474121094,-48,"440041740-2026-07-26T23:44:44.000000Z-1"
126.30944333333333,34.044935,152.89999389648438,"2026-08-05T05:27:48.000Z",39.29999923706055,-53,"440041740-2026-07-26T23:44:44.000000Z-1"
126.32533166666667,34.00339833333334,162.39999389648438,"2026-08-05T05:31:50.000Z",38.400001525878906,-32,"440041740-2026-07-26T23:44:44.000000Z-1"
126.33293166666667,33.98823,156.5,"2026-08-05T05:33:22.000Z",39,-22,"440041740-2026-07-26T23:44:44.000000Z-1"
126.43203833333334,33.85397833333333,148.89999389648438,"2026-08-05T05:48:24.000Z",33.599998474121094,-69,"440041740-2026-07-26T23:44:44.000000Z-1"
126.45766,33.81332666666667,156,"2026-08-05T05:53:18.000Z",33.79999923706055,-87,"440041740-2026-07-26T23:44:44.000000Z-1"
126.486855,33.77348166666667,152.6999969482422,"2026-08-05T05:58:18.000Z",34,-93,"440041740-2026-07-26T23:44:44.000000Z-1"
126.511995,33.731761666666664,152.5,"2026-08-05T06:03:14.000Z",33.900001525878906,-113,"440041740-2026-07-26T23:44:44.000000Z-1"
126.52700333333334,33.71015833333333,147.1999969482422,"2026-08-05T06:05:52.000Z",33.900001525878906,-106,"440041740-2026-07-26T23:44:44.000000Z-1"
126.54821166666666,33.672558333333335,170.8000030517578,"2026-08-05T06:10:14.000Z",34.70000076293945,-117,"440041740-2026-07-26T23:44:44.000000Z-1"
126.54763166666666,33.66276833333333,189.1999969482422,"2026-08-05T06:11:14.000Z",35.400001525878906,-120,"440041740-2026-07-26T23:44:44.000000Z-1"
126.54413666666666,33.645185,186.39999389648438,"2026-08-05T06:13:02.000Z",35.5,-123,"440041740-2026-07-26T23:44:44.000000Z-1"
126.54312,33.63009,180.60000610351562,"2026-08-05T06:14:34.000Z",35,-128,"440041740-2026-07-26T23:44:44.000000Z-1"
126.54987,33.59462333333333,179,"2026-08-05T06:18:14.000Z",35.599998474121094,-114,"440041740-2026-07-26T23:44:44.000000Z-1"
126.55011666666667,33.58342,175.89999389648438,"2026-08-05T06:19:22.000Z",35.400001525878906,-109,"440041740-2026-07-26T23:44:44.000000Z-1"
126.54911666666666,33.550826666666666,188.39999389648438,"2026-08-05T06:22:42.000Z",36,-70,"440041740-2026-07-26T23:44:44.000000Z-1"
126.54706666666667,33.54065833333333,192.39999389648438,"2026-08-05T06:24:02.000Z",20.200000762939453,-42,"440041740-2026-07-26T23:44:44.000000Z-1"
126.542425,33.53196833333333,215.10000610351562,"2026-08-05T06:26:38.000Z",11.199999809265137,-12,"440041740-2026-07-26T23:44:44.000000Z-1"
126.53334166666667,33.52092,199.60000610351562,"2026-08-05T06:33:20.000Z",1.399999976158142,2,"440041740-2026-07-26T23:44:44.000000Z-1"
126.53903,33.52628833333333,26,"2026-08-05T07:27:14.000Z",9.800000190734863,-12,"440041740-2026-07-26T23:44:44.000000Z-1"
126.54615333333334,33.536705,32.70000076293945,"2026-08-05T07:30:26.000Z",23.100000381469727,-42,"440041740-2026-07-26T23:44:44.000000Z-1"
126.54662333333333,33.54749,9.699999809265137,"2026-08-05T07:35:09.000Z",19.600000381469727,-70,"440041740-2026-07-26T23:44:44.000000Z-1"
126.55163166666667,33.56389166666666,6.800000190734863,"2026-08-05T07:37:30.000Z",32.29999923706055,-87,"440041740-2026-07-26T23:44:44.000000Z-1"
126.55705,33.602336666666666,15.100000381469727,"2026-08-05T07:41:26.000Z",35.5,-119,"440041740-2026-07-26T23:44:44.000000Z-1"
126.56228333333334,33.617158333333336,15.100000381469727,"2026-08-05T07:43:00.000Z",35.29999923706055,-126,"440041740-2026-07-26T23:44:44.000000Z-1"
126.57058,33.635845,20.200000762939453,"2026-08-05T07:45:02.000Z",35.400001525878906,-124,"440041740-2026-07-26T23:44:44.000000Z-1"
126.57444166666667,33.646411666666665,17.100000381469727,"2026-08-05T07:46:10.000Z",35.29999923706055,-122,"440041740-2026-07-26T23:44:44.000000Z-1"
126.57235166666666,33.65548666666667,317.5,"2026-08-05T07:47:14.000Z",32.900001525878906,-120,"440041740-2026-07-26T23:44:44.000000Z-1"
126.55386,33.67290833333333,317.29998779296875,"2026-08-05T07:49:34.000Z",36.5,-117,"440041740-2026-07-26T23:44:44.000000Z-1"
126.54219166666667,33.684203333333336,323.29998779296875,"2026-08-05T07:51:02.000Z",36.79999923706055,-113,"440041740-2026-07-26T23:44:44.000000Z-1"
126.48076666666667,33.752901666666666,319,"2026-08-05T07:59:44.000Z",35.70000076293945,-112,"440041740-2026-07-26T23:44:44.000000Z-1"
126.336115,33.963615,281.1000061035156,"2026-08-05T08:24:47.000Z",35,-12,"440041740-2026-07-26T23:44:44.000000Z-1"
126.29750666666666,33.96203833333333,309.8999938964844,"2026-08-05T08:42:26.000Z",0,8,"440041740-2026-07-26T23:44:44.000000Z-1"
126.30095333333334,33.960588333333334,101.69999694824219,"2026-08-05T08:48:33.000Z",13.5,8,"440041740-2026-07-26T23:44:44.000000Z-1"
126.31847,33.960748333333335,64.30000305175781,"2026-08-05T08:51:18.000Z",25.5,-5,"440041740-2026-07-26T23:44:44.000000Z-1"
126.32795166666666,33.96726,42.400001525878906,"2026-08-05T08:52:38.000Z",29.5,-27,"440041740-2026-07-26T23:44:44.000000Z-1"
126.33291166666666,33.981033333333336,353.1000061035156,"2026-08-05T08:54:16.000Z",34.599998474121094,-24,"440041740-2026-07-26T23:44:44.000000Z-1"
126.329315,33.98973,344.70001220703125,"2026-08-05T08:55:22.000Z",40.5,-22,"440041740-2026-07-26T23:44:44.000000Z-1"
126.270755,34.061681666666665,325.29998779296875,"2026-08-05T09:02:54.000Z",41,-45,"440041740-2026-07-26T23:44:44.000000Z-1"
126.22096333333333,34.21433,339.79998779296875,"2026-08-05T09:16:36.000Z",41.5,-28,"440041740-2026-07-26T23:44:44.000000Z-1"
126.20251833333333,34.25926166666667,333.79998779296875,"2026-08-05T09:20:46.000Z",40.599998474121094,-33,"440041740-2026-07-26T23:44:44.000000Z-1"
126.138555,34.327238333333334,326.6000061035156,"2026-08-05T09:28:24.000Z",41.20000076293945,-15,"440041740-2026-07-26T23:44:44.000000Z-1"
126.11424166666667,34.363555,42.70000076293945,"2026-08-05T09:32:57.000Z",19.299999237060547,-31,"440041740-2026-07-26T23:44:44.000000Z-1"
126.125225,34.370841666666664,46.5,"2026-08-05T09:35:23.000Z",12,0,"440041740-2026-07-26T23:44:44.000000Z-1"
126.134585,34.37561,103.19999694824219,"2026-08-05T09:40:13.000Z",0.8999999761581421,2,"440041740-2026-07-26T23:44:44.000000Z-1"
126.134655,34.375231666666664,213.60000610351562,"2026-08-05T10:50:27.000Z",0,2,"440041740-2026-07-26T23:44:44.000000Z-1"
126.13464666666667,34.37525333333333,213.60000610351562,"2026-08-05T12:01:05.000Z",0,2,"440041740-2026-07-26T23:44:44.000000Z-1"
126.13463333333333,34.37525333333333,213.60000610351562,"2026-08-05T13:11:56.000Z",0,2,"440041740-2026-07-26T23:44:44.000000Z-1"
126.13463833333333,34.375258333333335,213.60000610351562,"2026-08-05T14:22:56.000Z",0,2,"440041740-2026-07-26T23:44:44.000000Z-1"
126.13463833333333,34.37526,213.60000610351562,"2026-08-05T15:33:56.000Z",0,2,"440041740-2026-07-26T23:44:44.000000Z-1"
126.134635,34.37524,213.60000610351562,"2026-08-05T16:44:24.000Z",0,2,"440041740-2026-07-26T23:44:44.000000Z-1"
126.13466333333334,34.37522,213.60000610351562,"2026-08-05T17:54:26.000Z",0,2,"440041740-2026-07-26T23:44:44.000000Z-1"
126.13464,34.375238333333336,213.60000610351562,"2026-08-05T19:05:35.000Z",0,2,"440041740-2026-07-26T23:44:44.000000Z-1"
126.13465166666667,34.375231666666664,213.60000610351562,"2026-08-05T20:15:37.000Z",0,2,"440041740-2026-07-26T23:44:44.000000Z-1"
126.13464666666667,34.375258333333335,213.60000610351562,"2026-08-05T21:26:06.000Z",0,2,"440041740-2026-07-26T23:44:44.000000Z-1"
126.13464666666667,34.375235,213.60000610351562,"2026-08-05T22:37:19.000Z",0,2,"440041740-2026-07-26T23:44:44.000000Z-1"
126.13461166666667,34.37531166666667,335,"2026-08-05T22:54:25.000Z",0.5,2,"440041740-2026-07-26T23:44:44.000000Z-1"
126.134625,34.37546833333333,7.400000095367432,"2026-08-05T22:55:06.000Z",0.8999999761581421,2,"440041740-2026-07-26T23:44:44.000000Z-1"
126.13437166666667,34.376675,288.20001220703125,"2026-08-05T22:56:40.000Z",4.5,2,"440041740-2026-07-26T23:44:44.000000Z-1"
126.132035,34.376,240.10000610351562,"2026-08-05T22:57:19.000Z",14.100000381469727,2,"440041740-2026-07-26T23:44:44.000000Z-1"
126.11891166666666,34.36364833333333,196.1999969482422,"2026-08-05T23:00:30.000Z",33.70000076293945,-16,"440041740-2026-07-26T23:44:44.000000Z-1"
126.12059166666667,34.34692666666667,153,"2026-08-05T23:01:56.000Z",46.900001525878906,-21,"440041740-2026-07-26T23:44:44.000000Z-1"
126.17497833333333,34.29629666666667,122.5,"2026-08-05T23:07:22.000Z",45.5,-32,"440041740-2026-07-26T23:44:44.000000Z-1"
126.19707833333334,34.277863333333336,146.1999969482422,"2026-08-05T23:09:28.000Z",44.29999923706055,-38,"440041740-2026-07-26T23:44:44.000000Z-1"
126.21500833333333,34.247823333333336,156.5,"2026-08-05T23:12:22.000Z",43.400001525878906,-43,"440041740-2026-07-26T23:44:44.000000Z-1"
126.22476833333333,34.228318333333334,156.6999969482422,"2026-08-05T23:13:58.000Z",44,-34,"440041740-2026-07-26T23:44:44.000000Z-1"
126.31570166666667,34.03096333333333,158.5,"2026-08-05T23:32:24.000Z",38.20000076293945,-59,"440041740-2026-07-26T23:44:44.000000Z-1"
126.320075,34.01694,164.60000610351562,"2026-08-05T23:33:44.000Z",38,-38,"440041740-2026-07-26T23:44:44.000000Z-1"
126.32687,34.000906666666666,163.10000610351562,"2026-08-05T23:35:23.000Z",38.400001525878906,-32,"440041740-2026-07-26T23:44:44.000000Z-1"
126.33018833333334,33.98869833333333,171.39999389648438,"2026-08-05T23:36:30.000Z",38.70000076293945,-22,"440041740-2026-07-26T23:44:44.000000Z-1"
126.329655,33.97238,200.39999389648438,"2026-08-05T23:38:14.000Z",22.899999618530273,-27,"440041740-2026-07-26T23:44:44.000000Z-1"
126.32339,33.962265,223.3000030517578,"2026-08-05T23:40:14.000Z",19.700000762939453,-5,"440041740-2026-07-26T23:44:44.000000Z-1"
126.31232,33.958605,260.3999938964844,"2026-08-05T23:42:00.000Z",19.899999618530273,1,"440041740-2026-07-26T23:44:44.000000Z-1"
126.29995,33.96084166666667,281,"2026-08-05T23:45:06.000Z",9.899999618530273,8,"440041740-2026-07-26T23:44:44.000000Z-1"